city_code,c3pl_id,slot_id,slot_started_local_at,day_of_week,time,max_couriers_pilot,available_capacity,final_order_forecast
ALC,3393,83899694,2026-06-29 00:00:00,Mon,00:00:00,2,0,2.0
ALC,3393,83899695,2026-06-29 00:30:00,Mon,00:30:00,1,1,1.0
ALC,3393,83899696,2026-06-29 01:00:00,Mon,01:00:00,0,0,0.0
ALC,3393,83899697,2026-06-29 01:30:00,Mon,01:30:00,0,0,0.0
ALC,3393,83899698,2026-06-29 02:00:00,Mon,02:00:00,0,0,0.0
ALC,3393,83899699,2026-06-29 02:30:00,Mon,02:30:00,0,0,0.0
ALC,3393,83899700,2026-06-29 03:00:00,Mon,03:00:00,0,0,0.0
ALC,3393,83899701,2026-06-29 03:30:00,Mon,03:30:00,0,0,0.0
ALC,3393,83899702,2026-06-29 04:00:00,Mon,04:00:00,0,0,0.0
ALC,3393,83899703,2026-06-29 04:30:00,Mon,04:30:00,0,0,0.0
ALC,3393,83899704,2026-06-29 05:00:00,Mon,05:00:00,0,0,0.0
ALC,3393,83899705,2026-06-29 05:30:00,Mon,05:30:00,0,0,0.0
ALC,3393,83899706,2026-06-29 06:00:00,Mon,06:00:00,0,0,0.0
ALC,3393,83899707,2026-06-29 06:30:00,Mon,06:30:00,0,0,0.0
ALC,3393,83899708,2026-06-29 07:00:00,Mon,07:00:00,0,0,0.0
ALC,3393,83899709,2026-06-29 07:30:00,Mon,07:30:00,0,0,0.0
ALC,3393,83899710,2026-06-29 08:00:00,Mon,08:00:00,0,0,0.0
ALC,3393,83899711,2026-06-29 08:30:00,Mon,08:30:00,1,0,1.0
ALC,3393,83899712,2026-06-29 09:00:00,Mon,09:00:00,2,0,2.0
ALC,3393,83899713,2026-06-29 09:30:00,Mon,09:30:00,2,0,2.0
ALC,3393,83899714,2026-06-29 10:00:00,Mon,10:00:00,5,0,6.0
ALC,3393,83899715,2026-06-29 10:30:00,Mon,10:30:00,5,0,6.0
ALC,3393,83899716,2026-06-29 11:00:00,Mon,11:00:00,5,0,7.0
ALC,3393,83899717,2026-06-29 11:30:00,Mon,11:30:00,5,0,7.0
ALC,3393,83899718,2026-06-29 12:00:00,Mon,12:00:00,8,2,10.0
ALC,3393,83899719,2026-06-29 12:30:00,Mon,12:30:00,7,0,9.0
ALC,3393,83899720,2026-06-29 13:00:00,Mon,13:00:00,10,0,13.0
ALC,3393,83899721,2026-06-29 13:30:00,Mon,13:30:00,14,0,18.0
ALC,3393,83899722,2026-06-29 14:00:00,Mon,14:00:00,15,0,20.0
ALC,3393,83899723,2026-06-29 14:30:00,Mon,14:30:00,15,0,21.0
ALC,3393,83899724,2026-06-29 15:00:00,Mon,15:00:00,14,0,18.0
ALC,3393,83899725,2026-06-29 15:30:00,Mon,15:30:00,11,0,15.0
ALC,3393,83899726,2026-06-29 16:00:00,Mon,16:00:00,8,0,11.0
ALC,3393,83899727,2026-06-29 16:30:00,Mon,16:30:00,6,0,8.0
ALC,3393,83899728,2026-06-29 17:00:00,Mon,17:00:00,6,0,8.0
ALC,3393,83899729,2026-06-29 17:30:00,Mon,17:30:00,8,0,10.0
ALC,3393,83899730,2026-06-29 18:00:00,Mon,18:00:00,8,0,10.0
ALC,3393,83899731,2026-06-29 18:30:00,Mon,18:30:00,8,0,10.0
ALC,3393,83899732,2026-06-29 19:00:00,Mon,19:00:00,8,0,10.0
ALC,3393,83899733,2026-06-29 19:30:00,Mon,19:30:00,10,0,13.0
ALC,3393,83899734,2026-06-29 20:00:00,Mon,20:00:00,14,0,19.0
ALC,3393,83899735,2026-06-29 20:30:00,Mon,20:30:00,19,0,26.0
ALC,3393,83899736,2026-06-29 21:00:00,Mon,21:00:00,24,-1,32.0
ALC,3393,83899737,2026-06-29 21:30:00,Mon,21:30:00,23,-1,31.0
ALC,3393,83899738,2026-06-29 22:00:00,Mon,22:00:00,19,-1,26.0
ALC,3393,83899739,2026-06-29 22:30:00,Mon,22:30:00,16,-1,21.0
ALC,3393,83899740,2026-06-29 23:00:00,Mon,23:00:00,13,0,17.0
ALC,3393,83899741,2026-06-29 23:30:00,Mon,23:30:00,6,0,7.0
ALC,3393,83899742,2026-06-30 00:00:00,Tue,00:00:00,1,0,1.0
ALC,3393,83899743,2026-06-30 00:30:00,Tue,00:30:00,0,0,0.0
ALC,3393,83899744,2026-06-30 01:00:00,Tue,01:00:00,0,0,0.0
ALC,3393,83899745,2026-06-30 01:30:00,Tue,01:30:00,0,0,0.0
ALC,3393,83932386,2026-06-30 02:00:00,Tue,02:00:00,0,0,0.0
ALC,3393,83932387,2026-06-30 02:30:00,Tue,02:30:00,0,0,0.0
ALC,3393,83932388,2026-06-30 03:00:00,Tue,03:00:00,0,0,0.0
ALC,3393,83932389,2026-06-30 03:30:00,Tue,03:30:00,0,0,0.0
ALC,3393,83932390,2026-06-30 04:00:00,Tue,04:00:00,0,0,0.0
ALC,3393,83932391,2026-06-30 04:30:00,Tue,04:30:00,0,0,0.0
ALC,3393,83932392,2026-06-30 05:00:00,Tue,05:00:00,0,0,0.0
ALC,3393,83932393,2026-06-30 05:30:00,Tue,05:30:00,0,0,0.0
ALC,3393,83932394,2026-06-30 06:00:00,Tue,06:00:00,0,0,0.0
ALC,3393,83932395,2026-06-30 06:30:00,Tue,06:30:00,0,0,0.0
ALC,3393,83932396,2026-06-30 07:00:00,Tue,07:00:00,0,0,0.0
ALC,3393,83932397,2026-06-30 07:30:00,Tue,07:30:00,0,0,0.0
ALC,3393,83932398,2026-06-30 08:00:00,Tue,08:00:00,0,0,0.0
ALC,3393,83932399,2026-06-30 08:30:00,Tue,08:30:00,1,0,0.0
ALC,3393,83932400,2026-06-30 09:00:00,Tue,09:00:00,2,0,2.0
ALC,3393,83932401,2026-06-30 09:30:00,Tue,09:30:00,3,0,3.0
ALC,3393,83932402,2026-06-30 10:00:00,Tue,10:00:00,4,0,4.0
ALC,3393,83932403,2026-06-30 10:30:00,Tue,10:30:00,4,0,4.0
ALC,3393,83932404,2026-06-30 11:00:00,Tue,11:00:00,5,0,6.0
ALC,3393,83932405,2026-06-30 11:30:00,Tue,11:30:00,5,0,6.0
ALC,3393,83932406,2026-06-30 12:00:00,Tue,12:00:00,6,0,8.0
ALC,3393,83932407,2026-06-30 12:30:00,Tue,12:30:00,6,0,8.0
ALC,3393,83932408,2026-06-30 13:00:00,Tue,13:00:00,10,0,13.0
ALC,3393,83932409,2026-06-30 13:30:00,Tue,13:30:00,14,0,18.0
ALC,3393,83932410,2026-06-30 14:00:00,Tue,14:00:00,15,0,20.0
ALC,3393,83932411,2026-06-30 14:30:00,Tue,14:30:00,15,0,19.0
ALC,3393,83932412,2026-06-30 15:00:00,Tue,15:00:00,12,0,17.0
ALC,3393,83932413,2026-06-30 15:30:00,Tue,15:30:00,11,1,15.0
ALC,3393,83932414,2026-06-30 16:00:00,Tue,16:00:00,7,-1,9.0
ALC,3393,83932415,2026-06-30 16:30:00,Tue,16:30:00,7,0,8.0
ALC,3393,83932416,2026-06-30 17:00:00,Tue,17:00:00,6,0,8.0
ALC,3393,83932417,2026-06-30 17:30:00,Tue,17:30:00,7,0,9.0
ALC,3393,83932418,2026-06-30 18:00:00,Tue,18:00:00,8,-1,10.0
ALC,3393,83932419,2026-06-30 18:30:00,Tue,18:30:00,8,0,11.0
ALC,3393,83932420,2026-06-30 19:00:00,Tue,19:00:00,7,-1,9.0
ALC,3393,83932421,2026-06-30 19:30:00,Tue,19:30:00,8,-1,11.0
ALC,3393,83932422,2026-06-30 20:00:00,Tue,20:00:00,14,-2,19.0
ALC,3393,83932423,2026-06-30 20:30:00,Tue,20:30:00,21,-3,28.0
ALC,3393,83932424,2026-06-30 21:00:00,Tue,21:00:00,26,0,35.0
ALC,3393,83932425,2026-06-30 21:30:00,Tue,21:30:00,24,-1,32.0
ALC,3393,83932426,2026-06-30 22:00:00,Tue,22:00:00,21,-1,28.0
ALC,3393,83932427,2026-06-30 22:30:00,Tue,22:30:00,17,2,22.0
ALC,3393,83932428,2026-06-30 23:00:00,Tue,23:00:00,12,2,15.0
ALC,3393,83932429,2026-06-30 23:30:00,Tue,23:30:00,6,-1,7.0
ALC,3393,83932430,2026-07-01 00:00:00,Wed,00:00:00,2,0,2.0
ALC,3393,83932431,2026-07-01 00:30:00,Wed,00:30:00,1,0,0.0
ALC,3393,83932432,2026-07-01 01:00:00,Wed,01:00:00,0,0,0.0
ALC,3393,83932433,2026-07-01 01:30:00,Wed,01:30:00,0,0,0.0
ALC,3393,83954082,2026-07-01 02:00:00,Wed,02:00:00,0,0,0.0
ALC,3393,83954083,2026-07-01 02:30:00,Wed,02:30:00,0,0,0.0
ALC,3393,83954084,2026-07-01 03:00:00,Wed,03:00:00,0,0,0.0
ALC,3393,83954085,2026-07-01 03:30:00,Wed,03:30:00,0,0,0.0
ALC,3393,83954086,2026-07-01 04:00:00,Wed,04:00:00,0,0,0.0
ALC,3393,83954087,2026-07-01 04:30:00,Wed,04:30:00,0,0,0.0
ALC,3393,83954088,2026-07-01 05:00:00,Wed,05:00:00,0,0,0.0
ALC,3393,83954089,2026-07-01 05:30:00,Wed,05:30:00,0,0,0.0
ALC,3393,83954090,2026-07-01 06:00:00,Wed,06:00:00,0,0,0.0
ALC,3393,83954091,2026-07-01 06:30:00,Wed,06:30:00,0,0,0.0
ALC,3393,83954092,2026-07-01 07:00:00,Wed,07:00:00,0,0,0.0
ALC,3393,83954093,2026-07-01 07:30:00,Wed,07:30:00,0,0,0.0
ALC,3393,83954094,2026-07-01 08:00:00,Wed,08:00:00,0,0,0.0
ALC,3393,83954095,2026-07-01 08:30:00,Wed,08:30:00,1,0,0.0
ALC,3393,83954096,2026-07-01 09:00:00,Wed,09:00:00,2,0,2.0
ALC,3393,83954097,2026-07-01 09:30:00,Wed,09:30:00,3,0,3.0
ALC,3393,83954098,2026-07-01 10:00:00,Wed,10:00:00,4,0,4.0
ALC,3393,83954099,2026-07-01 10:30:00,Wed,10:30:00,4,0,5.0
ALC,3393,83954100,2026-07-01 11:00:00,Wed,11:00:00,4,0,5.0
ALC,3393,83954101,2026-07-01 11:30:00,Wed,11:30:00,5,0,6.0
ALC,3393,83954102,2026-07-01 12:00:00,Wed,12:00:00,7,0,9.0
ALC,3393,83954103,2026-07-01 12:30:00,Wed,12:30:00,7,0,9.0
ALC,3393,83954104,2026-07-01 13:00:00,Wed,13:00:00,10,0,13.0
ALC,3393,83954105,2026-07-01 13:30:00,Wed,13:30:00,14,-1,19.0
ALC,3393,83954106,2026-07-01 14:00:00,Wed,14:00:00,17,-2,23.0
ALC,3393,83954107,2026-07-01 14:30:00,Wed,14:30:00,17,-2,22.0
ALC,3393,83954108,2026-07-01 15:00:00,Wed,15:00:00,13,-2,17.0
ALC,3393,83954109,2026-07-01 15:30:00,Wed,15:30:00,11,-1,15.0
ALC,3393,83954110,2026-07-01 16:00:00,Wed,16:00:00,8,0,10.0
ALC,3393,83954111,2026-07-01 16:30:00,Wed,16:30:00,7,0,9.0
ALC,3393,83954112,2026-07-01 17:00:00,Wed,17:00:00,7,0,10.0
ALC,3393,83954113,2026-07-01 17:30:00,Wed,17:30:00,7,2,8.0
ALC,3393,83954114,2026-07-01 18:00:00,Wed,18:00:00,8,-1,10.0
ALC,3393,83954115,2026-07-01 18:30:00,Wed,18:30:00,8,-1,11.0
ALC,3393,83954116,2026-07-01 19:00:00,Wed,19:00:00,10,1,13.0
ALC,3393,83954117,2026-07-01 19:30:00,Wed,19:30:00,11,1,15.0
ALC,3393,83954118,2026-07-01 20:00:00,Wed,20:00:00,17,0,23.0
ALC,3393,83954119,2026-07-01 20:30:00,Wed,20:30:00,24,0,32.0
ALC,3393,83954120,2026-07-01 21:00:00,Wed,21:00:00,29,0,39.0
ALC,3393,83954121,2026-07-01 21:30:00,Wed,21:30:00,26,0,35.0
ALC,3393,83954122,2026-07-01 22:00:00,Wed,22:00:00,21,0,28.0
ALC,3393,83954123,2026-07-01 22:30:00,Wed,22:30:00,18,3,24.0
ALC,3393,83954124,2026-07-01 23:00:00,Wed,23:00:00,14,1,19.0
ALC,3393,83954125,2026-07-01 23:30:00,Wed,23:30:00,6,1,8.0
ALC,3393,83954126,2026-07-02 00:00:00,Thu,00:00:00,1,-1,1.0
ALC,3393,83954127,2026-07-02 00:30:00,Thu,00:30:00,1,0,0.0
ALC,3393,83954128,2026-07-02 01:00:00,Thu,01:00:00,0,0,0.0
ALC,3393,83954129,2026-07-02 01:30:00,Thu,01:30:00,0,0,0.0
ALC,3393,83954130,2026-07-02 02:00:00,Thu,02:00:00,0,0,0.0
ALC,3393,83954131,2026-07-02 02:30:00,Thu,02:30:00,0,0,0.0
ALC,3393,83954132,2026-07-02 03:00:00,Thu,03:00:00,0,0,0.0
ALC,3393,83954133,2026-07-02 03:30:00,Thu,03:30:00,0,0,0.0
ALC,3393,83954134,2026-07-02 04:00:00,Thu,04:00:00,0,0,0.0
ALC,3393,83954135,2026-07-02 04:30:00,Thu,04:30:00,0,0,0.0
ALC,3393,83954136,2026-07-02 05:00:00,Thu,05:00:00,0,0,0.0
ALC,3393,83954137,2026-07-02 05:30:00,Thu,05:30:00,0,0,0.0
ALC,3393,83954138,2026-07-02 06:00:00,Thu,06:00:00,0,0,0.0
ALC,3393,83954139,2026-07-02 06:30:00,Thu,06:30:00,0,0,0.0
ALC,3393,83954140,2026-07-02 07:00:00,Thu,07:00:00,0,0,0.0
ALC,3393,83954141,2026-07-02 07:30:00,Thu,07:30:00,0,0,0.0
ALC,3393,83954142,2026-07-02 08:00:00,Thu,08:00:00,0,0,0.0
ALC,3393,83954143,2026-07-02 08:30:00,Thu,08:30:00,1,0,0.0
ALC,3393,83954144,2026-07-02 09:00:00,Thu,09:00:00,2,0,2.0
ALC,3393,83954145,2026-07-02 09:30:00,Thu,09:30:00,2,0,3.0
ALC,3393,83954146,2026-07-02 10:00:00,Thu,10:00:00,4,0,4.0
ALC,3393,83954147,2026-07-02 10:30:00,Thu,10:30:00,5,0,7.0
ALC,3393,83954148,2026-07-02 11:00:00,Thu,11:00:00,5,0,6.0
ALC,3393,83954149,2026-07-02 11:30:00,Thu,11:30:00,5,0,6.0
ALC,3393,83954150,2026-07-02 12:00:00,Thu,12:00:00,8,0,10.0
ALC,3393,83954151,2026-07-02 12:30:00,Thu,12:30:00,8,0,10.0
ALC,3393,83954152,2026-07-02 13:00:00,Thu,13:00:00,10,0,13.0
ALC,3393,83954153,2026-07-02 13:30:00,Thu,13:30:00,14,0,19.0
ALC,3393,83954154,2026-07-02 14:00:00,Thu,14:00:00,18,0,24.0
ALC,3393,83954155,2026-07-02 14:30:00,Thu,14:30:00,18,0,24.0
ALC,3393,83954156,2026-07-02 15:00:00,Thu,15:00:00,13,0,18.0
ALC,3393,83954157,2026-07-02 15:30:00,Thu,15:30:00,11,0,14.0
ALC,3393,83954158,2026-07-02 16:00:00,Thu,16:00:00,9,0,12.0
ALC,3393,83954159,2026-07-02 16:30:00,Thu,16:30:00,8,0,11.0
ALC,3393,83954160,2026-07-02 17:00:00,Thu,17:00:00,7,0,9.0
ALC,3393,83954161,2026-07-02 17:30:00,Thu,17:30:00,7,0,9.0
ALC,3393,83954162,2026-07-02 18:00:00,Thu,18:00:00,7,0,9.0
ALC,3393,83954163,2026-07-02 18:30:00,Thu,18:30:00,7,-1,10.0
ALC,3393,83954164,2026-07-02 19:00:00,Thu,19:00:00,9,0,11.0
ALC,3393,83954165,2026-07-02 19:30:00,Thu,19:30:00,12,0,16.0
ALC,3393,83954166,2026-07-02 20:00:00,Thu,20:00:00,19,0,26.0
ALC,3393,83954167,2026-07-02 20:30:00,Thu,20:30:00,30,1,40.0
ALC,3393,83954168,2026-07-02 21:00:00,Thu,21:00:00,33,0,45.0
ALC,3393,83954169,2026-07-02 21:30:00,Thu,21:30:00,32,0,44.0
ALC,3393,83954170,2026-07-02 22:00:00,Thu,22:00:00,29,0,40.0
ALC,3393,83954171,2026-07-02 22:30:00,Thu,22:30:00,23,0,31.0
ALC,3393,83954172,2026-07-02 23:00:00,Thu,23:00:00,18,4,23.0
ALC,3393,83954173,2026-07-02 23:30:00,Thu,23:30:00,8,2,10.0
ALC,3393,83954174,2026-07-03 00:00:00,Fri,00:00:00,3,1,3.0
ALC,3393,83954175,2026-07-03 00:30:00,Fri,00:30:00,1,0,1.0
ALC,3393,83954176,2026-07-03 01:00:00,Fri,01:00:00,0,0,0.0
ALC,3393,83954177,2026-07-03 01:30:00,Fri,01:30:00,0,0,0.0
ALC,3393,83996226,2026-07-03 02:00:00,Fri,02:00:00,0,0,0.0
ALC,3393,83996227,2026-07-03 02:30:00,Fri,02:30:00,0,0,0.0
ALC,3393,83996228,2026-07-03 03:00:00,Fri,03:00:00,0,0,0.0
ALC,3393,83996229,2026-07-03 03:30:00,Fri,03:30:00,0,0,0.0
ALC,3393,83996230,2026-07-03 04:00:00,Fri,04:00:00,0,0,0.0
ALC,3393,83996231,2026-07-03 04:30:00,Fri,04:30:00,0,0,0.0
ALC,3393,83996232,2026-07-03 05:00:00,Fri,05:00:00,0,0,0.0
ALC,3393,83996233,2026-07-03 05:30:00,Fri,05:30:00,0,0,0.0
ALC,3393,83996234,2026-07-03 06:00:00,Fri,06:00:00,0,0,0.0
ALC,3393,83996235,2026-07-03 06:30:00,Fri,06:30:00,0,0,0.0
ALC,3393,83996236,2026-07-03 07:00:00,Fri,07:00:00,0,0,0.0
ALC,3393,83996237,2026-07-03 07:30:00,Fri,07:30:00,0,0,0.0
ALC,3393,83996238,2026-07-03 08:00:00,Fri,08:00:00,0,0,0.0
ALC,3393,83996239,2026-07-03 08:30:00,Fri,08:30:00,1,0,1.0
ALC,3393,83996240,2026-07-03 09:00:00,Fri,09:00:00,2,1,2.0
ALC,3393,83996241,2026-07-03 09:30:00,Fri,09:30:00,2,0,2.0
ALC,3393,83996242,2026-07-03 10:00:00,Fri,10:00:00,4,0,5.0
ALC,3393,83996243,2026-07-03 10:30:00,Fri,10:30:00,4,0,5.0
ALC,3393,83996244,2026-07-03 11:00:00,Fri,11:00:00,5,0,6.0
ALC,3393,83996245,2026-07-03 11:30:00,Fri,11:30:00,5,0,6.0
ALC,3393,83996246,2026-07-03 12:00:00,Fri,12:00:00,8,1,10.0
ALC,3393,83996247,2026-07-03 12:30:00,Fri,12:30:00,8,0,11.0
ALC,3393,83996248,2026-07-03 13:00:00,Fri,13:00:00,12,0,17.0
ALC,3393,83996249,2026-07-03 13:30:00,Fri,13:30:00,18,0,24.0
ALC,3393,83996250,2026-07-03 14:00:00,Fri,14:00:00,21,1,29.0
ALC,3393,83996251,2026-07-03 14:30:00,Fri,14:30:00,20,0,27.0
ALC,3393,83996252,2026-07-03 15:00:00,Fri,15:00:00,17,2,22.0
ALC,3393,83996253,2026-07-03 15:30:00,Fri,15:30:00,13,1,18.0
ALC,3393,83996254,2026-07-03 16:00:00,Fri,16:00:00,8,-2,11.0
ALC,3393,83996255,2026-07-03 16:30:00,Fri,16:30:00,8,0,10.0
ALC,3393,83996256,2026-07-03 17:00:00,Fri,17:00:00,7,-1,9.0
ALC,3393,83996257,2026-07-03 17:30:00,Fri,17:30:00,8,0,11.0
ALC,3393,83996258,2026-07-03 18:00:00,Fri,18:00:00,9,1,12.0
ALC,3393,83996259,2026-07-03 18:30:00,Fri,18:30:00,9,0,12.0
ALC,3393,83996260,2026-07-03 19:00:00,Fri,19:00:00,9,-2,12.0
ALC,3393,83996261,2026-07-03 19:30:00,Fri,19:30:00,13,-2,17.0
ALC,3393,83996262,2026-07-03 20:00:00,Fri,20:00:00,21,-4,29.0
ALC,3393,83996263,2026-07-03 20:30:00,Fri,20:30:00,33,-4,45.0
ALC,3393,83996264,2026-07-03 21:00:00,Fri,21:00:00,42,-2,56.0
ALC,3393,83996265,2026-07-03 21:30:00,Fri,21:30:00,44,2,60.0
ALC,3393,83996266,2026-07-03 22:00:00,Fri,22:00:00,41,2,55.0
ALC,3393,83996267,2026-07-03 22:30:00,Fri,22:30:00,34,3,46.0
ALC,3393,83996268,2026-07-03 23:00:00,Fri,23:00:00,30,5,40.0
ALC,3393,83996269,2026-07-03 23:30:00,Fri,23:30:00,13,2,18.0
ALC,3393,83996270,2026-07-04 00:00:00,Sat,00:00:00,3,0,4.0
ALC,3393,83996271,2026-07-04 00:30:00,Sat,00:30:00,2,1,2.0
ALC,3393,83996272,2026-07-04 01:00:00,Sat,01:00:00,0,0,0.0
ALC,3393,83996273,2026-07-04 01:30:00,Sat,01:30:00,0,0,0.0
ALC,3393,83996274,2026-07-04 02:00:00,Sat,02:00:00,0,0,0.0
ALC,3393,83996275,2026-07-04 02:30:00,Sat,02:30:00,0,0,0.0
ALC,3393,83996276,2026-07-04 03:00:00,Sat,03:00:00,0,0,0.0
ALC,3393,83996277,2026-07-04 03:30:00,Sat,03:30:00,0,0,0.0
ALC,3393,83996278,2026-07-04 04:00:00,Sat,04:00:00,0,0,0.0
ALC,3393,83996279,2026-07-04 04:30:00,Sat,04:30:00,0,0,0.0
ALC,3393,83996280,2026-07-04 05:00:00,Sat,05:00:00,0,0,0.0
ALC,3393,83996281,2026-07-04 05:30:00,Sat,05:30:00,0,0,0.0
ALC,3393,83996282,2026-07-04 06:00:00,Sat,06:00:00,0,0,0.0
ALC,3393,83996283,2026-07-04 06:30:00,Sat,06:30:00,0,0,0.0
ALC,3393,83996284,2026-07-04 07:00:00,Sat,07:00:00,0,0,0.0
ALC,3393,83996285,2026-07-04 07:30:00,Sat,07:30:00,0,0,0.0
ALC,3393,83996286,2026-07-04 08:00:00,Sat,08:00:00,1,1,0.0
ALC,3393,83996287,2026-07-04 08:30:00,Sat,08:30:00,1,0,1.0
ALC,3393,83996288,2026-07-04 09:00:00,Sat,09:00:00,3,1,3.0
ALC,3393,83996289,2026-07-04 09:30:00,Sat,09:30:00,3,0,3.0
ALC,3393,83996290,2026-07-04 10:00:00,Sat,10:00:00,6,1,8.0
ALC,3393,83996291,2026-07-04 10:30:00,Sat,10:30:00,6,1,8.0
ALC,3393,83996292,2026-07-04 11:00:00,Sat,11:00:00,5,0,7.0
ALC,3393,83996293,2026-07-04 11:30:00,Sat,11:30:00,7,1,9.0
ALC,3393,83996294,2026-07-04 12:00:00,Sat,12:00:00,9,2,12.0
ALC,3393,83996295,2026-07-04 12:30:00,Sat,12:30:00,10,2,13.0
ALC,3393,83996296,2026-07-04 13:00:00,Sat,13:00:00,15,0,20.0
ALC,3393,83996297,2026-07-04 13:30:00,Sat,13:30:00,25,3,33.0
ALC,3393,83996298,2026-07-04 14:00:00,Sat,14:00:00,29,0,40.0
ALC,3393,83996299,2026-07-04 14:30:00,Sat,14:30:00,27,-2,36.0
ALC,3393,83996300,2026-07-04 15:00:00,Sat,15:00:00,20,0,26.0
ALC,3393,83996301,2026-07-04 15:30:00,Sat,15:30:00,14,0,19.0
ALC,3393,83996302,2026-07-04 16:00:00,Sat,16:00:00,12,0,17.0
ALC,3393,83996303,2026-07-04 16:30:00,Sat,16:30:00,11,2,14.0
ALC,3393,83996304,2026-07-04 17:00:00,Sat,17:00:00,9,0,11.0
ALC,3393,83996305,2026-07-04 17:30:00,Sat,17:30:00,9,1,12.0
ALC,3393,83996306,2026-07-04 18:00:00,Sat,18:00:00,11,1,14.0
ALC,3393,83996307,2026-07-04 18:30:00,Sat,18:30:00,10,1,13.0
ALC,3393,83996308,2026-07-04 19:00:00,Sat,19:00:00,9,0,12.0
ALC,3393,83996309,2026-07-04 19:30:00,Sat,19:30:00,12,0,16.0
ALC,3393,83996310,2026-07-04 20:00:00,Sat,20:00:00,19,0,25.0
ALC,3393,83996311,2026-07-04 20:30:00,Sat,20:30:00,30,-2,40.0
ALC,3393,83996312,2026-07-04 21:00:00,Sat,21:00:00,41,-2,55.0
ALC,3393,83996313,2026-07-04 21:30:00,Sat,21:30:00,41,-2,55.0
ALC,3393,83996314,2026-07-04 22:00:00,Sat,22:00:00,38,-3,52.0
ALC,3393,83996315,2026-07-04 22:30:00,Sat,22:30:00,33,-2,44.0
ALC,3393,83996316,2026-07-04 23:00:00,Sat,23:00:00,28,1,38.0
ALC,3393,83996317,2026-07-04 23:30:00,Sat,23:30:00,15,0,20.0
ALC,3393,83996318,2026-07-05 00:00:00,Sun,00:00:00,4,1,4.0
ALC,3393,83996319,2026-07-05 00:30:00,Sun,00:30:00,2,0,3.0
ALC,3393,83996320,2026-07-05 01:00:00,Sun,01:00:00,0,0,0.0
ALC,3393,83996321,2026-07-05 01:30:00,Sun,01:30:00,0,0,0.0
ALC,3393,83996322,2026-07-05 02:00:00,Sun,02:00:00,0,0,0.0
ALC,3393,83996323,2026-07-05 02:30:00,Sun,02:30:00,0,0,0.0
ALC,3393,83996324,2026-07-05 03:00:00,Sun,03:00:00,0,0,0.0
ALC,3393,83996325,2026-07-05 03:30:00,Sun,03:30:00,0,0,0.0
ALC,3393,83996326,2026-07-05 04:00:00,Sun,04:00:00,0,0,0.0
ALC,3393,83996327,2026-07-05 04:30:00,Sun,04:30:00,0,0,0.0
ALC,3393,83996328,2026-07-05 05:00:00,Sun,05:00:00,0,0,0.0
ALC,3393,83996329,2026-07-05 05:30:00,Sun,05:30:00,0,0,0.0
ALC,3393,83996330,2026-07-05 06:00:00,Sun,06:00:00,0,0,0.0
ALC,3393,83996331,2026-07-05 06:30:00,Sun,06:30:00,0,0,0.0
ALC,3393,83996332,2026-07-05 07:00:00,Sun,07:00:00,0,0,0.0
ALC,3393,83996333,2026-07-05 07:30:00,Sun,07:30:00,0,0,0.0
ALC,3393,83996334,2026-07-05 08:00:00,Sun,08:00:00,1,1,0.0
ALC,3393,83996335,2026-07-05 08:30:00,Sun,08:30:00,1,0,1.0
ALC,3393,83996336,2026-07-05 09:00:00,Sun,09:00:00,4,2,4.0
ALC,3393,83996337,2026-07-05 09:30:00,Sun,09:30:00,4,1,4.0
ALC,3393,83996338,2026-07-05 10:00:00,Sun,10:00:00,5,0,7.0
ALC,3393,83996339,2026-07-05 10:30:00,Sun,10:30:00,5,0,6.0
ALC,3393,83996340,2026-07-05 11:00:00,Sun,11:00:00,5,0,7.0
ALC,3393,83996341,2026-07-05 11:30:00,Sun,11:30:00,7,1,9.0
ALC,3393,83996342,2026-07-05 12:00:00,Sun,12:00:00,8,0,11.0
ALC,3393,83996343,2026-07-05 12:30:00,Sun,12:30:00,10,-1,14.0
ALC,3393,83996344,2026-07-05 13:00:00,Sun,13:00:00,18,1,24.0
ALC,3393,83996345,2026-07-05 13:30:00,Sun,13:30:00,30,2,41.0
ALC,3393,83996346,2026-07-05 14:00:00,Sun,14:00:00,40,2,54.0
ALC,3393,83996347,2026-07-05 14:30:00,Sun,14:30:00,39,1,52.0
ALC,3393,83996348,2026-07-05 15:00:00,Sun,15:00:00,30,1,41.0
ALC,3393,83996349,2026-07-05 15:30:00,Sun,15:30:00,19,-1,26.0
ALC,3393,83996350,2026-07-05 16:00:00,Sun,16:00:00,14,2,18.0
ALC,3393,83996351,2026-07-05 16:30:00,Sun,16:30:00,13,3,17.0
ALC,3393,83996352,2026-07-05 17:00:00,Sun,17:00:00,11,0,15.0
ALC,3393,83996353,2026-07-05 17:30:00,Sun,17:30:00,11,-1,14.0
ALC,3393,83996354,2026-07-05 18:00:00,Sun,18:00:00,11,0,15.0
ALC,3393,83996355,2026-07-05 18:30:00,Sun,18:30:00,12,1,16.0
ALC,3393,83996356,2026-07-05 19:00:00,Sun,19:00:00,13,0,18.0
ALC,3393,83996357,2026-07-05 19:30:00,Sun,19:30:00,18,0,24.0
ALC,3393,83996358,2026-07-05 20:00:00,Sun,20:00:00,29,0,39.0
ALC,3393,83996359,2026-07-05 20:30:00,Sun,20:30:00,43,0,58.0
ALC,3393,83996360,2026-07-05 21:00:00,Sun,21:00:00,51,0,70.0
ALC,3393,83996361,2026-07-05 21:30:00,Sun,21:30:00,49,2,66.0
ALC,3393,83996362,2026-07-05 22:00:00,Sun,22:00:00,40,0,54.0
ALC,3393,83996363,2026-07-05 22:30:00,Sun,22:30:00,29,-1,40.0
ALC,3393,83996364,2026-07-05 23:00:00,Sun,23:00:00,19,0,26.0
ALC,3393,83996365,2026-07-05 23:30:00,Sun,23:30:00,8,0,11.0
GRA,3393,83890862,2026-06-29 00:00:00,Mon,00:00:00,3,-2,2.0
GRA,3393,83890863,2026-06-29 00:30:00,Mon,00:30:00,2,0,2.0
GRA,3393,83890864,2026-06-29 01:00:00,Mon,01:00:00,0,0,0.0
GRA,3393,83890865,2026-06-29 01:30:00,Mon,01:30:00,0,0,0.0
GRA,3393,83890866,2026-06-29 02:00:00,Mon,02:00:00,0,0,0.0
GRA,3393,83890867,2026-06-29 02:30:00,Mon,02:30:00,0,0,0.0
GRA,3393,83890868,2026-06-29 03:00:00,Mon,03:00:00,0,0,0.0
GRA,3393,83890869,2026-06-29 03:30:00,Mon,03:30:00,0,0,0.0
GRA,3393,83890870,2026-06-29 04:00:00,Mon,04:00:00,0,0,0.0
GRA,3393,83890871,2026-06-29 04:30:00,Mon,04:30:00,0,0,0.0
GRA,3393,83890872,2026-06-29 05:00:00,Mon,05:00:00,0,0,0.0
GRA,3393,83890873,2026-06-29 05:30:00,Mon,05:30:00,0,0,0.0
GRA,3393,83890874,2026-06-29 06:00:00,Mon,06:00:00,0,0,0.0
GRA,3393,83890875,2026-06-29 06:30:00,Mon,06:30:00,0,0,0.0
GRA,3393,83890876,2026-06-29 07:00:00,Mon,07:00:00,0,0,0.0
GRA,3393,83890877,2026-06-29 07:30:00,Mon,07:30:00,0,0,0.0
GRA,3393,83890878,2026-06-29 08:00:00,Mon,08:00:00,0,0,0.0
GRA,3393,83890879,2026-06-29 08:30:00,Mon,08:30:00,1,0,0.0
GRA,3393,83890880,2026-06-29 09:00:00,Mon,09:00:00,1,0,0.0
GRA,3393,83890881,2026-06-29 09:30:00,Mon,09:30:00,1,0,1.0
GRA,3393,83890882,2026-06-29 10:00:00,Mon,10:00:00,3,0,3.0
GRA,3393,83890883,2026-06-29 10:30:00,Mon,10:30:00,3,0,3.0
GRA,3393,83890884,2026-06-29 11:00:00,Mon,11:00:00,3,0,3.0
GRA,3393,83890885,2026-06-29 11:30:00,Mon,11:30:00,3,0,3.0
GRA,3393,83890886,2026-06-29 12:00:00,Mon,12:00:00,4,0,4.0
GRA,3393,83890887,2026-06-29 12:30:00,Mon,12:30:00,3,-1,3.0
GRA,3393,83890888,2026-06-29 13:00:00,Mon,13:00:00,7,0,7.0
GRA,3393,83890889,2026-06-29 13:30:00,Mon,13:30:00,10,0,11.0
GRA,3393,83890890,2026-06-29 14:00:00,Mon,14:00:00,14,0,15.0
GRA,3393,83890891,2026-06-29 14:30:00,Mon,14:30:00,14,0,15.0
GRA,3393,83890892,2026-06-29 15:00:00,Mon,15:00:00,12,0,13.0
GRA,3393,83890893,2026-06-29 15:30:00,Mon,15:30:00,8,0,9.0
GRA,3393,83890894,2026-06-29 16:00:00,Mon,16:00:00,6,0,6.0
GRA,3393,83890895,2026-06-29 16:30:00,Mon,16:30:00,5,-1,5.0
GRA,3393,83890896,2026-06-29 17:00:00,Mon,17:00:00,6,0,6.0
GRA,3393,83890897,2026-06-29 17:30:00,Mon,17:30:00,6,0,6.0
GRA,3393,83890898,2026-06-29 18:00:00,Mon,18:00:00,7,0,7.0
GRA,3393,83890899,2026-06-29 18:30:00,Mon,18:30:00,8,1,8.0
GRA,3393,83890900,2026-06-29 19:00:00,Mon,19:00:00,7,0,7.0
GRA,3393,83890901,2026-06-29 19:30:00,Mon,19:30:00,7,0,7.0
GRA,3393,83890902,2026-06-29 20:00:00,Mon,20:00:00,9,0,10.0
GRA,3393,83890903,2026-06-29 20:30:00,Mon,20:30:00,15,0,16.0
GRA,3393,83890904,2026-06-29 21:00:00,Mon,21:00:00,20,0,21.0
GRA,3393,83890905,2026-06-29 21:30:00,Mon,21:30:00,22,0,24.0
GRA,3393,83890906,2026-06-29 22:00:00,Mon,22:00:00,23,0,25.0
GRA,3393,83890907,2026-06-29 22:30:00,Mon,22:30:00,18,0,20.0
GRA,3393,83890908,2026-06-29 23:00:00,Mon,23:00:00,12,0,12.0
GRA,3393,83890909,2026-06-29 23:30:00,Mon,23:30:00,9,1,9.0
GRA,3393,83890910,2026-06-30 00:00:00,Tue,00:00:00,2,0,2.0
GRA,3393,83890911,2026-06-30 00:30:00,Tue,00:30:00,1,0,1.0
GRA,3393,83890912,2026-06-30 01:00:00,Tue,01:00:00,0,0,0.0
GRA,3393,83890913,2026-06-30 01:30:00,Tue,01:30:00,0,0,0.0
GRA,3393,83935266,2026-06-30 02:00:00,Tue,02:00:00,0,0,0.0
GRA,3393,83935267,2026-06-30 02:30:00,Tue,02:30:00,0,0,0.0
GRA,3393,83935268,2026-06-30 03:00:00,Tue,03:00:00,0,0,0.0
GRA,3393,83935269,2026-06-30 03:30:00,Tue,03:30:00,0,0,0.0
GRA,3393,83935270,2026-06-30 04:00:00,Tue,04:00:00,0,0,0.0
GRA,3393,83935271,2026-06-30 04:30:00,Tue,04:30:00,0,0,0.0
GRA,3393,83935272,2026-06-30 05:00:00,Tue,05:00:00,0,0,0.0
GRA,3393,83935273,2026-06-30 05:30:00,Tue,05:30:00,0,0,0.0
GRA,3393,83935274,2026-06-30 06:00:00,Tue,06:00:00,0,0,0.0
GRA,3393,83935275,2026-06-30 06:30:00,Tue,06:30:00,0,0,0.0
GRA,3393,83935276,2026-06-30 07:00:00,Tue,07:00:00,0,0,0.0
GRA,3393,83935277,2026-06-30 07:30:00,Tue,07:30:00,0,0,0.0
GRA,3393,83935278,2026-06-30 08:00:00,Tue,08:00:00,0,0,0.0
GRA,3393,83935279,2026-06-30 08:30:00,Tue,08:30:00,1,0,0.0
GRA,3393,83935280,2026-06-30 09:00:00,Tue,09:00:00,1,0,1.0
GRA,3393,83935281,2026-06-30 09:30:00,Tue,09:30:00,1,0,1.0
GRA,3393,83935282,2026-06-30 10:00:00,Tue,10:00:00,1,0,1.0
GRA,3393,83935283,2026-06-30 10:30:00,Tue,10:30:00,2,0,2.0
GRA,3393,83935284,2026-06-30 11:00:00,Tue,11:00:00,2,0,2.0
GRA,3393,83935285,2026-06-30 11:30:00,Tue,11:30:00,3,0,3.0
GRA,3393,83935286,2026-06-30 12:00:00,Tue,12:00:00,4,0,4.0
GRA,3393,83935287,2026-06-30 12:30:00,Tue,12:30:00,4,0,4.0
GRA,3393,83935288,2026-06-30 13:00:00,Tue,13:00:00,6,0,6.0
GRA,3393,83935289,2026-06-30 13:30:00,Tue,13:30:00,9,0,10.0
GRA,3393,83935290,2026-06-30 14:00:00,Tue,14:00:00,11,0,12.0
GRA,3393,83935291,2026-06-30 14:30:00,Tue,14:30:00,12,0,13.0
GRA,3393,83935292,2026-06-30 15:00:00,Tue,15:00:00,11,0,11.0
GRA,3393,83935293,2026-06-30 15:30:00,Tue,15:30:00,9,0,9.0
GRA,3393,83935294,2026-06-30 16:00:00,Tue,16:00:00,6,1,6.0
GRA,3393,83935295,2026-06-30 16:30:00,Tue,16:30:00,5,1,5.0
GRA,3393,83935296,2026-06-30 17:00:00,Tue,17:00:00,5,0,5.0
GRA,3393,83935297,2026-06-30 17:30:00,Tue,17:30:00,5,0,5.0
GRA,3393,83935298,2026-06-30 18:00:00,Tue,18:00:00,8,1,8.0
GRA,3393,83935299,2026-06-30 18:30:00,Tue,18:30:00,7,0,7.0
GRA,3393,83935300,2026-06-30 19:00:00,Tue,19:00:00,6,-1,6.0
GRA,3393,83935301,2026-06-30 19:30:00,Tue,19:30:00,6,-1,6.0
GRA,3393,83935302,2026-06-30 20:00:00,Tue,20:00:00,10,0,11.0
GRA,3393,83935303,2026-06-30 20:30:00,Tue,20:30:00,14,0,15.0
GRA,3393,83935304,2026-06-30 21:00:00,Tue,21:00:00,19,0,20.0
GRA,3393,83935305,2026-06-30 21:30:00,Tue,21:30:00,21,0,22.0
GRA,3393,83935306,2026-06-30 22:00:00,Tue,22:00:00,21,0,22.0
GRA,3393,83935307,2026-06-30 22:30:00,Tue,22:30:00,21,0,23.0
GRA,3393,83935308,2026-06-30 23:00:00,Tue,23:00:00,13,0,14.0
GRA,3393,83935309,2026-06-30 23:30:00,Tue,23:30:00,9,0,9.0
GRA,3393,83935310,2026-07-01 00:00:00,Wed,00:00:00,3,0,3.0
GRA,3393,83935311,2026-07-01 00:30:00,Wed,00:30:00,1,0,1.0
GRA,3393,83935312,2026-07-01 01:00:00,Wed,01:00:00,0,0,0.0
GRA,3393,83935313,2026-07-01 01:30:00,Wed,01:30:00,0,0,0.0
GRA,3393,83958882,2026-07-01 02:00:00,Wed,02:00:00,0,0,0.0
GRA,3393,83958883,2026-07-01 02:30:00,Wed,02:30:00,0,0,0.0
GRA,3393,83958884,2026-07-01 03:00:00,Wed,03:00:00,0,0,0.0
GRA,3393,83958885,2026-07-01 03:30:00,Wed,03:30:00,0,0,0.0
GRA,3393,83958886,2026-07-01 04:00:00,Wed,04:00:00,0,0,0.0
GRA,3393,83958887,2026-07-01 04:30:00,Wed,04:30:00,0,0,0.0
GRA,3393,83958888,2026-07-01 05:00:00,Wed,05:00:00,0,0,0.0
GRA,3393,83958889,2026-07-01 05:30:00,Wed,05:30:00,0,0,0.0
GRA,3393,83958890,2026-07-01 06:00:00,Wed,06:00:00,0,0,0.0
GRA,3393,83958891,2026-07-01 06:30:00,Wed,06:30:00,0,0,0.0
GRA,3393,83958892,2026-07-01 07:00:00,Wed,07:00:00,0,0,0.0
GRA,3393,83958893,2026-07-01 07:30:00,Wed,07:30:00,0,0,0.0
GRA,3393,83958894,2026-07-01 08:00:00,Wed,08:00:00,0,0,0.0
GRA,3393,83958895,2026-07-01 08:30:00,Wed,08:30:00,1,0,0.0
GRA,3393,83958896,2026-07-01 09:00:00,Wed,09:00:00,1,0,0.0
GRA,3393,83958897,2026-07-01 09:30:00,Wed,09:30:00,1,0,1.0
GRA,3393,83958898,2026-07-01 10:00:00,Wed,10:00:00,2,0,2.0
GRA,3393,83958899,2026-07-01 10:30:00,Wed,10:30:00,3,0,3.0
GRA,3393,83958900,2026-07-01 11:00:00,Wed,11:00:00,2,-1,2.0
GRA,3393,83958901,2026-07-01 11:30:00,Wed,11:30:00,2,-1,2.0
GRA,3393,83958902,2026-07-01 12:00:00,Wed,12:00:00,3,0,3.0
GRA,3393,83958903,2026-07-01 12:30:00,Wed,12:30:00,3,0,3.0
GRA,3393,83958904,2026-07-01 13:00:00,Wed,13:00:00,6,-1,7.0
GRA,3393,83958905,2026-07-01 13:30:00,Wed,13:30:00,11,0,11.0
GRA,3393,83958906,2026-07-01 14:00:00,Wed,14:00:00,13,0,14.0
GRA,3393,83958907,2026-07-01 14:30:00,Wed,14:30:00,13,1,14.0
GRA,3393,83958908,2026-07-01 15:00:00,Wed,15:00:00,11,0,11.0
GRA,3393,83958909,2026-07-01 15:30:00,Wed,15:30:00,8,0,8.0
GRA,3393,83958910,2026-07-01 16:00:00,Wed,16:00:00,6,0,6.0
GRA,3393,83958911,2026-07-01 16:30:00,Wed,16:30:00,6,0,6.0
GRA,3393,83958912,2026-07-01 17:00:00,Wed,17:00:00,6,0,6.0
GRA,3393,83958913,2026-07-01 17:30:00,Wed,17:30:00,6,0,7.0
GRA,3393,83958914,2026-07-01 18:00:00,Wed,18:00:00,7,0,7.0
GRA,3393,83958915,2026-07-01 18:30:00,Wed,18:30:00,7,0,8.0
GRA,3393,83958916,2026-07-01 19:00:00,Wed,19:00:00,7,0,7.0
GRA,3393,83958917,2026-07-01 19:30:00,Wed,19:30:00,8,0,8.0
GRA,3393,83958918,2026-07-01 20:00:00,Wed,20:00:00,12,0,13.0
GRA,3393,83958919,2026-07-01 20:30:00,Wed,20:30:00,18,1,19.0
GRA,3393,83958920,2026-07-01 21:00:00,Wed,21:00:00,24,1,26.0
GRA,3393,83958921,2026-07-01 21:30:00,Wed,21:30:00,25,2,27.0
GRA,3393,83958922,2026-07-01 22:00:00,Wed,22:00:00,24,1,26.0
GRA,3393,83958923,2026-07-01 22:30:00,Wed,22:30:00,18,1,19.0
GRA,3393,83958924,2026-07-01 23:00:00,Wed,23:00:00,12,-1,13.0
GRA,3393,83958925,2026-07-01 23:30:00,Wed,23:30:00,7,0,7.0
GRA,3393,83958926,2026-07-02 00:00:00,Thu,00:00:00,2,0,2.0
GRA,3393,83958927,2026-07-02 00:30:00,Thu,00:30:00,2,0,1.0
GRA,3393,83958928,2026-07-02 01:00:00,Thu,01:00:00,0,0,0.0
GRA,3393,83958929,2026-07-02 01:30:00,Thu,01:30:00,0,0,0.0
GRA,3393,83958930,2026-07-02 02:00:00,Thu,02:00:00,0,0,0.0
GRA,3393,83958931,2026-07-02 02:30:00,Thu,02:30:00,0,0,0.0
GRA,3393,83958932,2026-07-02 03:00:00,Thu,03:00:00,0,0,0.0
GRA,3393,83958933,2026-07-02 03:30:00,Thu,03:30:00,0,0,0.0
GRA,3393,83958934,2026-07-02 04:00:00,Thu,04:00:00,0,0,0.0
GRA,3393,83958935,2026-07-02 04:30:00,Thu,04:30:00,0,0,0.0
GRA,3393,83958936,2026-07-02 05:00:00,Thu,05:00:00,0,0,0.0
GRA,3393,83958937,2026-07-02 05:30:00,Thu,05:30:00,0,0,0.0
GRA,3393,83958938,2026-07-02 06:00:00,Thu,06:00:00,0,0,0.0
GRA,3393,83958939,2026-07-02 06:30:00,Thu,06:30:00,0,0,0.0
GRA,3393,83958940,2026-07-02 07:00:00,Thu,07:00:00,0,0,0.0
GRA,3393,83958941,2026-07-02 07:30:00,Thu,07:30:00,0,0,0.0
GRA,3393,83958942,2026-07-02 08:00:00,Thu,08:00:00,0,0,0.0
GRA,3393,83958943,2026-07-02 08:30:00,Thu,08:30:00,0,0,0.0
GRA,3393,83958944,2026-07-02 09:00:00,Thu,09:00:00,1,0,0.0
GRA,3393,83958945,2026-07-02 09:30:00,Thu,09:30:00,1,0,0.0
GRA,3393,83958946,2026-07-02 10:00:00,Thu,10:00:00,2,0,2.0
GRA,3393,83958947,2026-07-02 10:30:00,Thu,10:30:00,3,1,2.0
GRA,3393,83958948,2026-07-02 11:00:00,Thu,11:00:00,2,0,2.0
GRA,3393,83958949,2026-07-02 11:30:00,Thu,11:30:00,2,0,2.0
GRA,3393,83958950,2026-07-02 12:00:00,Thu,12:00:00,4,0,4.0
GRA,3393,83958951,2026-07-02 12:30:00,Thu,12:30:00,4,0,4.0
GRA,3393,83958952,2026-07-02 13:00:00,Thu,13:00:00,5,0,5.0
GRA,3393,83958953,2026-07-02 13:30:00,Thu,13:30:00,9,0,10.0
GRA,3393,83958954,2026-07-02 14:00:00,Thu,14:00:00,12,-1,13.0
GRA,3393,83958955,2026-07-02 14:30:00,Thu,14:30:00,13,0,14.0
GRA,3393,83958956,2026-07-02 15:00:00,Thu,15:00:00,11,0,11.0
GRA,3393,83958957,2026-07-02 15:30:00,Thu,15:30:00,7,0,7.0
GRA,3393,83958958,2026-07-02 16:00:00,Thu,16:00:00,5,0,5.0
GRA,3393,83958959,2026-07-02 16:30:00,Thu,16:30:00,5,0,5.0
GRA,3393,83958960,2026-07-02 17:00:00,Thu,17:00:00,4,-1,4.0
GRA,3393,83958961,2026-07-02 17:30:00,Thu,17:30:00,5,0,5.0
GRA,3393,83958962,2026-07-02 18:00:00,Thu,18:00:00,5,0,5.0
GRA,3393,83958963,2026-07-02 18:30:00,Thu,18:30:00,5,0,5.0
GRA,3393,83958964,2026-07-02 19:00:00,Thu,19:00:00,6,0,6.0
GRA,3393,83958965,2026-07-02 19:30:00,Thu,19:30:00,6,-1,6.0
GRA,3393,83958966,2026-07-02 20:00:00,Thu,20:00:00,10,-1,11.0
GRA,3393,83958967,2026-07-02 20:30:00,Thu,20:30:00,15,-1,17.0
GRA,3393,83958968,2026-07-02 21:00:00,Thu,21:00:00,22,0,23.0
GRA,3393,83958969,2026-07-02 21:30:00,Thu,21:30:00,22,0,24.0
GRA,3393,83958970,2026-07-02 22:00:00,Thu,22:00:00,21,0,23.0
GRA,3393,83958971,2026-07-02 22:30:00,Thu,22:30:00,16,-1,18.0
GRA,3393,83958972,2026-07-02 23:00:00,Thu,23:00:00,10,-1,10.0
GRA,3393,83958973,2026-07-02 23:30:00,Thu,23:30:00,6,0,6.0
GRA,3393,83958974,2026-07-03 00:00:00,Fri,00:00:00,3,0,3.0
GRA,3393,83958975,2026-07-03 00:30:00,Fri,00:30:00,2,0,1.0
GRA,3393,83958976,2026-07-03 01:00:00,Fri,01:00:00,0,0,0.0
GRA,3393,83958977,2026-07-03 01:30:00,Fri,01:30:00,0,0,0.0
GRA,3393,84023778,2026-07-03 02:00:00,Fri,02:00:00,0,0,0.0
GRA,3393,84023779,2026-07-03 02:30:00,Fri,02:30:00,0,0,0.0
GRA,3393,84023780,2026-07-03 03:00:00,Fri,03:00:00,0,0,0.0
GRA,3393,84023781,2026-07-03 03:30:00,Fri,03:30:00,0,0,0.0
GRA,3393,84023782,2026-07-03 04:00:00,Fri,04:00:00,0,0,0.0
GRA,3393,84023783,2026-07-03 04:30:00,Fri,04:30:00,0,0,0.0
GRA,3393,84023784,2026-07-03 05:00:00,Fri,05:00:00,0,0,0.0
GRA,3393,84023785,2026-07-03 05:30:00,Fri,05:30:00,0,0,0.0
GRA,3393,84023786,2026-07-03 06:00:00,Fri,06:00:00,0,0,0.0
GRA,3393,84023787,2026-07-03 06:30:00,Fri,06:30:00,0,0,0.0
GRA,3393,84023788,2026-07-03 07:00:00,Fri,07:00:00,0,0,0.0
GRA,3393,84023789,2026-07-03 07:30:00,Fri,07:30:00,0,0,0.0
GRA,3393,84023790,2026-07-03 08:00:00,Fri,08:00:00,0,0,0.0
GRA,3393,84023791,2026-07-03 08:30:00,Fri,08:30:00,1,0,0.0
GRA,3393,84023792,2026-07-03 09:00:00,Fri,09:00:00,1,0,0.0
GRA,3393,84023793,2026-07-03 09:30:00,Fri,09:30:00,1,0,1.0
GRA,3393,84023794,2026-07-03 10:00:00,Fri,10:00:00,3,0,3.0
GRA,3393,84023795,2026-07-03 10:30:00,Fri,10:30:00,2,-1,2.0
GRA,3393,84023796,2026-07-03 11:00:00,Fri,11:00:00,3,0,2.0
GRA,3393,84023797,2026-07-03 11:30:00,Fri,11:30:00,3,0,3.0
GRA,3393,84023798,2026-07-03 12:00:00,Fri,12:00:00,4,0,4.0
GRA,3393,84023799,2026-07-03 12:30:00,Fri,12:30:00,4,0,4.0
GRA,3393,84023800,2026-07-03 13:00:00,Fri,13:00:00,8,-1,8.0
GRA,3393,84023801,2026-07-03 13:30:00,Fri,13:30:00,13,-1,13.0
GRA,3393,84023802,2026-07-03 14:00:00,Fri,14:00:00,18,-1,19.0
GRA,3393,84023803,2026-07-03 14:30:00,Fri,14:30:00,21,0,22.0
GRA,3393,84023804,2026-07-03 15:00:00,Fri,15:00:00,18,0,19.0
GRA,3393,84023805,2026-07-03 15:30:00,Fri,15:30:00,12,0,13.0
GRA,3393,84023806,2026-07-03 16:00:00,Fri,16:00:00,8,-1,8.0
GRA,3393,84023807,2026-07-03 16:30:00,Fri,16:30:00,7,0,7.0
GRA,3393,84023808,2026-07-03 17:00:00,Fri,17:00:00,6,0,6.0
GRA,3393,84023809,2026-07-03 17:30:00,Fri,17:30:00,7,0,7.0
GRA,3393,84023810,2026-07-03 18:00:00,Fri,18:00:00,7,0,7.0
GRA,3393,84023811,2026-07-03 18:30:00,Fri,18:30:00,8,0,8.0
GRA,3393,84023812,2026-07-03 19:00:00,Fri,19:00:00,8,0,9.0
GRA,3393,84023813,2026-07-03 19:30:00,Fri,19:30:00,9,0,10.0
GRA,3393,84023814,2026-07-03 20:00:00,Fri,20:00:00,13,0,14.0
GRA,3393,84023815,2026-07-03 20:30:00,Fri,20:30:00,23,2,25.0
GRA,3393,84023816,2026-07-03 21:00:00,Fri,21:00:00,29,2,32.0
GRA,3393,84023817,2026-07-03 21:30:00,Fri,21:30:00,33,2,35.0
GRA,3393,84023818,2026-07-03 22:00:00,Fri,22:00:00,33,2,36.0
GRA,3393,84023819,2026-07-03 22:30:00,Fri,22:30:00,30,1,33.0
GRA,3393,84023820,2026-07-03 23:00:00,Fri,23:00:00,20,1,22.0
GRA,3393,84023821,2026-07-03 23:30:00,Fri,23:30:00,13,1,14.0
GRA,3393,84023822,2026-07-04 00:00:00,Sat,00:00:00,3,1,2.0
GRA,3393,84023823,2026-07-04 00:30:00,Sat,00:30:00,2,1,2.0
GRA,3393,84023824,2026-07-04 01:00:00,Sat,01:00:00,0,0,0.0
GRA,3393,84023825,2026-07-04 01:30:00,Sat,01:30:00,0,0,0.0
GRA,3393,84023826,2026-07-04 02:00:00,Sat,02:00:00,0,0,0.0
GRA,3393,84023827,2026-07-04 02:30:00,Sat,02:30:00,0,0,0.0
GRA,3393,84023828,2026-07-04 03:00:00,Sat,03:00:00,0,0,0.0
GRA,3393,84023829,2026-07-04 03:30:00,Sat,03:30:00,0,0,0.0
GRA,3393,84023830,2026-07-04 04:00:00,Sat,04:00:00,0,0,0.0
GRA,3393,84023831,2026-07-04 04:30:00,Sat,04:30:00,0,0,0.0
GRA,3393,84023832,2026-07-04 05:00:00,Sat,05:00:00,0,0,0.0
GRA,3393,84023833,2026-07-04 05:30:00,Sat,05:30:00,0,0,0.0
GRA,3393,84023834,2026-07-04 06:00:00,Sat,06:00:00,0,0,0.0
GRA,3393,84023835,2026-07-04 06:30:00,Sat,06:30:00,0,0,0.0
GRA,3393,84023836,2026-07-04 07:00:00,Sat,07:00:00,0,0,0.0
GRA,3393,84023837,2026-07-04 07:30:00,Sat,07:30:00,0,0,0.0
GRA,3393,84023838,2026-07-04 08:00:00,Sat,08:00:00,1,0,0.0
GRA,3393,84023839,2026-07-04 08:30:00,Sat,08:30:00,1,0,0.0
GRA,3393,84023840,2026-07-04 09:00:00,Sat,09:00:00,2,0,2.0
GRA,3393,84023841,2026-07-04 09:30:00,Sat,09:30:00,3,0,3.0
GRA,3393,84023842,2026-07-04 10:00:00,Sat,10:00:00,5,0,5.0
GRA,3393,84023843,2026-07-04 10:30:00,Sat,10:30:00,5,0,5.0
GRA,3393,84023844,2026-07-04 11:00:00,Sat,11:00:00,4,-1,4.0
GRA,3393,84023845,2026-07-04 11:30:00,Sat,11:30:00,4,-1,4.0
GRA,3393,84023846,2026-07-04 12:00:00,Sat,12:00:00,5,0,5.0
GRA,3393,84023847,2026-07-04 12:30:00,Sat,12:30:00,5,0,5.0
GRA,3393,84023848,2026-07-04 13:00:00,Sat,13:00:00,10,0,10.0
GRA,3393,84023849,2026-07-04 13:30:00,Sat,13:30:00,17,0,18.0
GRA,3393,84023850,2026-07-04 14:00:00,Sat,14:00:00,25,1,28.0
GRA,3393,84023851,2026-07-04 14:30:00,Sat,14:30:00,25,1,27.0
GRA,3393,84023852,2026-07-04 15:00:00,Sat,15:00:00,19,0,20.0
GRA,3393,84023853,2026-07-04 15:30:00,Sat,15:30:00,12,0,13.0
GRA,3393,84023854,2026-07-04 16:00:00,Sat,16:00:00,9,0,9.0
GRA,3393,84023855,2026-07-04 16:30:00,Sat,16:30:00,8,-1,8.0
GRA,3393,84023856,2026-07-04 17:00:00,Sat,17:00:00,8,-1,8.0
GRA,3393,84023857,2026-07-04 17:30:00,Sat,17:30:00,8,0,9.0
GRA,3393,84023858,2026-07-04 18:00:00,Sat,18:00:00,10,0,11.0
GRA,3393,84023859,2026-07-04 18:30:00,Sat,18:30:00,10,0,10.0
GRA,3393,84023860,2026-07-04 19:00:00,Sat,19:00:00,9,-1,10.0
GRA,3393,84023861,2026-07-04 19:30:00,Sat,19:30:00,8,-2,8.0
GRA,3393,84023862,2026-07-04 20:00:00,Sat,20:00:00,13,0,14.0
GRA,3393,84023863,2026-07-04 20:30:00,Sat,20:30:00,22,-1,24.0
GRA,3393,84023864,2026-07-04 21:00:00,Sat,21:00:00,27,-3,29.0
GRA,3393,84023865,2026-07-04 21:30:00,Sat,21:30:00,33,-2,36.0
GRA,3393,84023866,2026-07-04 22:00:00,Sat,22:00:00,36,2,39.0
GRA,3393,84023867,2026-07-04 22:30:00,Sat,22:30:00,31,-1,34.0
GRA,3393,84023868,2026-07-04 23:00:00,Sat,23:00:00,20,1,22.0
GRA,3393,84023869,2026-07-04 23:30:00,Sat,23:30:00,11,1,12.0
GRA,3393,84023870,2026-07-05 00:00:00,Sun,00:00:00,3,0,3.0
GRA,3393,84023871,2026-07-05 00:30:00,Sun,00:30:00,2,0,2.0
GRA,3393,84023872,2026-07-05 01:00:00,Sun,01:00:00,0,0,0.0
GRA,3393,84023873,2026-07-05 01:30:00,Sun,01:30:00,0,0,0.0
GRA,3393,84023874,2026-07-05 02:00:00,Sun,02:00:00,0,0,0.0
GRA,3393,84023875,2026-07-05 02:30:00,Sun,02:30:00,0,0,0.0
GRA,3393,84023876,2026-07-05 03:00:00,Sun,03:00:00,0,0,0.0
GRA,3393,84023877,2026-07-05 03:30:00,Sun,03:30:00,0,0,0.0
GRA,3393,84023878,2026-07-05 04:00:00,Sun,04:00:00,0,0,0.0
GRA,3393,84023879,2026-07-05 04:30:00,Sun,04:30:00,0,0,0.0
GRA,3393,84023880,2026-07-05 05:00:00,Sun,05:00:00,0,0,0.0
GRA,3393,84023881,2026-07-05 05:30:00,Sun,05:30:00,0,0,0.0
GRA,3393,84023882,2026-07-05 06:00:00,Sun,06:00:00,0,0,0.0
GRA,3393,84023883,2026-07-05 06:30:00,Sun,06:30:00,0,0,0.0
GRA,3393,84023884,2026-07-05 07:00:00,Sun,07:00:00,0,0,0.0
GRA,3393,84023885,2026-07-05 07:30:00,Sun,07:30:00,0,0,0.0
GRA,3393,84023886,2026-07-05 08:00:00,Sun,08:00:00,0,0,0.0
GRA,3393,84023887,2026-07-05 08:30:00,Sun,08:30:00,1,0,0.0
GRA,3393,84023888,2026-07-05 09:00:00,Sun,09:00:00,2,0,2.0
GRA,3393,84023889,2026-07-05 09:30:00,Sun,09:30:00,4,0,3.0
GRA,3393,84023890,2026-07-05 10:00:00,Sun,10:00:00,4,0,4.0
GRA,3393,84023891,2026-07-05 10:30:00,Sun,10:30:00,5,0,5.0
GRA,3393,84023892,2026-07-05 11:00:00,Sun,11:00:00,4,-1,4.0
GRA,3393,84023893,2026-07-05 11:30:00,Sun,11:30:00,4,-1,4.0
GRA,3393,84023894,2026-07-05 12:00:00,Sun,12:00:00,4,-1,4.0
GRA,3393,84023895,2026-07-05 12:30:00,Sun,12:30:00,6,0,6.0
GRA,3393,84023896,2026-07-05 13:00:00,Sun,13:00:00,13,0,14.0
GRA,3393,84023897,2026-07-05 13:30:00,Sun,13:30:00,25,2,27.0
GRA,3393,84023898,2026-07-05 14:00:00,Sun,14:00:00,31,0,34.0
GRA,3393,84023899,2026-07-05 14:30:00,Sun,14:30:00,33,2,36.0
GRA,3393,84023900,2026-07-05 15:00:00,Sun,15:00:00,30,0,32.0
GRA,3393,84023901,2026-07-05 15:30:00,Sun,15:30:00,20,0,22.0
GRA,3393,84023902,2026-07-05 16:00:00,Sun,16:00:00,13,0,14.0
GRA,3393,84023903,2026-07-05 16:30:00,Sun,16:30:00,11,-1,11.0
GRA,3393,84023904,2026-07-05 17:00:00,Sun,17:00:00,10,0,10.0
GRA,3393,84023905,2026-07-05 17:30:00,Sun,17:30:00,10,0,11.0
GRA,3393,84023906,2026-07-05 18:00:00,Sun,18:00:00,10,-1,11.0
GRA,3393,84023907,2026-07-05 18:30:00,Sun,18:30:00,11,-1,11.0
GRA,3393,84023908,2026-07-05 19:00:00,Sun,19:00:00,11,-1,12.0
GRA,3393,84023909,2026-07-05 19:30:00,Sun,19:30:00,11,-1,12.0
GRA,3393,84023910,2026-07-05 20:00:00,Sun,20:00:00,19,0,20.0
GRA,3393,84023911,2026-07-05 20:30:00,Sun,20:30:00,33,1,36.0
GRA,3393,84023912,2026-07-05 21:00:00,Sun,21:00:00,42,2,46.0
GRA,3393,84023913,2026-07-05 21:30:00,Sun,21:30:00,48,8,53.0
GRA,3393,84023914,2026-07-05 22:00:00,Sun,22:00:00,44,5,48.0
GRA,3393,84023915,2026-07-05 22:30:00,Sun,22:30:00,33,3,36.0
GRA,3393,84023916,2026-07-05 23:00:00,Sun,23:00:00,18,2,20.0
GRA,3393,84023917,2026-07-05 23:30:00,Sun,23:30:00,11,1,11.0
NOM,3393,83902958,2026-06-29 00:00:00,Mon,00:00:00,0,0,0.0
NOM,3393,83902959,2026-06-29 00:30:00,Mon,00:30:00,0,0,0.0
NOM,3393,83902960,2026-06-29 01:00:00,Mon,01:00:00,0,0,0.0
NOM,3393,83902961,2026-06-29 01:30:00,Mon,01:30:00,0,0,0.0
NOM,3393,83902962,2026-06-29 02:00:00,Mon,02:00:00,0,0,0.0
NOM,3393,83902963,2026-06-29 02:30:00,Mon,02:30:00,0,0,0.0
NOM,3393,83902964,2026-06-29 03:00:00,Mon,03:00:00,0,0,0.0
NOM,3393,83902965,2026-06-29 03:30:00,Mon,03:30:00,0,0,0.0
NOM,3393,83902966,2026-06-29 04:00:00,Mon,04:00:00,0,0,0.0
NOM,3393,83902967,2026-06-29 04:30:00,Mon,04:30:00,0,0,0.0
NOM,3393,83902968,2026-06-29 05:00:00,Mon,05:00:00,0,0,0.0
NOM,3393,83902969,2026-06-29 05:30:00,Mon,05:30:00,0,0,0.0
NOM,3393,83902970,2026-06-29 06:00:00,Mon,06:00:00,0,0,0.0
NOM,3393,83902971,2026-06-29 06:30:00,Mon,06:30:00,0,0,0.0
NOM,3393,83902972,2026-06-29 07:00:00,Mon,07:00:00,0,0,0.0
NOM,3393,83902973,2026-06-29 07:30:00,Mon,07:30:00,0,0,0.0
NOM,3393,83902974,2026-06-29 08:00:00,Mon,08:00:00,0,0,0.0
NOM,3393,83902975,2026-06-29 08:30:00,Mon,08:30:00,2,1,1.0
NOM,3393,83902976,2026-06-29 09:00:00,Mon,09:00:00,3,0,2.0
NOM,3393,83902977,2026-06-29 09:30:00,Mon,09:30:00,3,0,3.0
NOM,3393,83902978,2026-06-29 10:00:00,Mon,10:00:00,6,0,6.0
NOM,3393,83902979,2026-06-29 10:30:00,Mon,10:30:00,6,0,6.0
NOM,3393,83902980,2026-06-29 11:00:00,Mon,11:00:00,6,0,6.0
NOM,3393,83902981,2026-06-29 11:30:00,Mon,11:30:00,6,0,6.0
NOM,3393,83902982,2026-06-29 12:00:00,Mon,12:00:00,6,1,5.0
NOM,3393,83902983,2026-06-29 12:30:00,Mon,12:30:00,6,0,6.0
NOM,3393,83902984,2026-06-29 13:00:00,Mon,13:00:00,10,0,10.0
NOM,3393,83902985,2026-06-29 13:30:00,Mon,13:30:00,12,0,12.0
NOM,3393,83902986,2026-06-29 14:00:00,Mon,14:00:00,12,0,12.0
NOM,3393,83902987,2026-06-29 14:30:00,Mon,14:30:00,12,0,12.0
NOM,3393,83902988,2026-06-29 15:00:00,Mon,15:00:00,10,0,10.0
NOM,3393,83902989,2026-06-29 15:30:00,Mon,15:30:00,9,1,9.0
NOM,3393,83902990,2026-06-29 16:00:00,Mon,16:00:00,7,1,7.0
NOM,3393,83902991,2026-06-29 16:30:00,Mon,16:30:00,5,1,5.0
NOM,3393,83902992,2026-06-29 17:00:00,Mon,17:00:00,5,0,5.0
NOM,3393,83902993,2026-06-29 17:30:00,Mon,17:30:00,6,0,6.0
NOM,3393,83902994,2026-06-29 18:00:00,Mon,18:00:00,7,1,7.0
NOM,3393,83902995,2026-06-29 18:30:00,Mon,18:30:00,6,-1,6.0
NOM,3393,83902996,2026-06-29 19:00:00,Mon,19:00:00,8,0,8.0
NOM,3393,83902997,2026-06-29 19:30:00,Mon,19:30:00,8,0,8.0
NOM,3393,83902998,2026-06-29 20:00:00,Mon,20:00:00,11,0,11.0
NOM,3393,83902999,2026-06-29 20:30:00,Mon,20:30:00,13,1,13.0
NOM,3393,83903000,2026-06-29 21:00:00,Mon,21:00:00,14,1,14.0
NOM,3393,83903001,2026-06-29 21:30:00,Mon,21:30:00,13,1,13.0
NOM,3393,83903002,2026-06-29 22:00:00,Mon,22:00:00,11,1,11.0
NOM,3393,83903003,2026-06-29 22:30:00,Mon,22:30:00,9,0,9.0
NOM,3393,83903004,2026-06-29 23:00:00,Mon,23:00:00,4,1,4.0
NOM,3393,83903005,2026-06-29 23:30:00,Mon,23:30:00,2,0,1.0
NOM,3393,83903006,2026-06-30 00:00:00,Tue,00:00:00,0,0,0.0
NOM,3393,83903007,2026-06-30 00:30:00,Tue,00:30:00,0,0,0.0
NOM,3393,83903008,2026-06-30 01:00:00,Tue,01:00:00,0,0,0.0
NOM,3393,83903009,2026-06-30 01:30:00,Tue,01:30:00,0,0,0.0
NOM,3393,83932050,2026-06-30 02:00:00,Tue,02:00:00,0,0,0.0
NOM,3393,83932051,2026-06-30 02:30:00,Tue,02:30:00,0,0,0.0
NOM,3393,83932052,2026-06-30 03:00:00,Tue,03:00:00,0,0,0.0
NOM,3393,83932053,2026-06-30 03:30:00,Tue,03:30:00,0,0,0.0
NOM,3393,83932054,2026-06-30 04:00:00,Tue,04:00:00,0,0,0.0
NOM,3393,83932055,2026-06-30 04:30:00,Tue,04:30:00,0,0,0.0
NOM,3393,83932056,2026-06-30 05:00:00,Tue,05:00:00,0,0,0.0
NOM,3393,83932057,2026-06-30 05:30:00,Tue,05:30:00,0,0,0.0
NOM,3393,83932058,2026-06-30 06:00:00,Tue,06:00:00,0,0,0.0
NOM,3393,83932059,2026-06-30 06:30:00,Tue,06:30:00,0,0,0.0
NOM,3393,83932060,2026-06-30 07:00:00,Tue,07:00:00,0,0,0.0
NOM,3393,83932061,2026-06-30 07:30:00,Tue,07:30:00,0,0,0.0
NOM,3393,83932062,2026-06-30 08:00:00,Tue,08:00:00,0,0,0.0
NOM,3393,83932063,2026-06-30 08:30:00,Tue,08:30:00,1,0,0.0
NOM,3393,83932064,2026-06-30 09:00:00,Tue,09:00:00,3,0,2.0
NOM,3393,83932065,2026-06-30 09:30:00,Tue,09:30:00,3,0,2.0
NOM,3393,83932066,2026-06-30 10:00:00,Tue,10:00:00,7,2,7.0
NOM,3393,83932067,2026-06-30 10:30:00,Tue,10:30:00,5,0,5.0
NOM,3393,83932068,2026-06-30 11:00:00,Tue,11:00:00,6,0,6.0
NOM,3393,83932069,2026-06-30 11:30:00,Tue,11:30:00,6,0,6.0
NOM,3393,83932070,2026-06-30 12:00:00,Tue,12:00:00,5,0,5.0
NOM,3393,83932071,2026-06-30 12:30:00,Tue,12:30:00,6,0,6.0
NOM,3393,83932072,2026-06-30 13:00:00,Tue,13:00:00,8,0,8.0
NOM,3393,83932073,2026-06-30 13:30:00,Tue,13:30:00,11,0,11.0
NOM,3393,83932074,2026-06-30 14:00:00,Tue,14:00:00,13,0,13.0
NOM,3393,83932075,2026-06-30 14:30:00,Tue,14:30:00,13,0,13.0
NOM,3393,83932076,2026-06-30 15:00:00,Tue,15:00:00,11,0,11.0
NOM,3393,83932077,2026-06-30 15:30:00,Tue,15:30:00,9,-1,9.0
NOM,3393,83932078,2026-06-30 16:00:00,Tue,16:00:00,6,-1,6.0
NOM,3393,83932079,2026-06-30 16:30:00,Tue,16:30:00,5,-1,5.0
NOM,3393,83932080,2026-06-30 17:00:00,Tue,17:00:00,5,-1,5.0
NOM,3393,83932081,2026-06-30 17:30:00,Tue,17:30:00,6,0,5.0
NOM,3393,83932082,2026-06-30 18:00:00,Tue,18:00:00,7,1,6.0
NOM,3393,83932083,2026-06-30 18:30:00,Tue,18:30:00,6,0,6.0
NOM,3393,83932084,2026-06-30 19:00:00,Tue,19:00:00,7,0,7.0
NOM,3393,83932085,2026-06-30 19:30:00,Tue,19:30:00,9,0,9.0
NOM,3393,83932086,2026-06-30 20:00:00,Tue,20:00:00,12,0,12.0
NOM,3393,83932087,2026-06-30 20:30:00,Tue,20:30:00,14,0,14.0
NOM,3393,83932088,2026-06-30 21:00:00,Tue,21:00:00,16,0,16.0
NOM,3393,83932089,2026-06-30 21:30:00,Tue,21:30:00,14,0,14.0
NOM,3393,83932090,2026-06-30 22:00:00,Tue,22:00:00,13,0,13.0
NOM,3393,83932091,2026-06-30 22:30:00,Tue,22:30:00,9,0,9.0
NOM,3393,83932092,2026-06-30 23:00:00,Tue,23:00:00,4,0,4.0
NOM,3393,83932093,2026-06-30 23:30:00,Tue,23:30:00,2,0,1.0
NOM,3393,83932094,2026-07-01 00:00:00,Wed,00:00:00,0,0,0.0
NOM,3393,83932095,2026-07-01 00:30:00,Wed,00:30:00,0,0,0.0
NOM,3393,83932096,2026-07-01 01:00:00,Wed,01:00:00,0,0,0.0
NOM,3393,83932097,2026-07-01 01:30:00,Wed,01:30:00,0,0,0.0
NOM,3393,83966850,2026-07-01 02:00:00,Wed,02:00:00,0,0,0.0
NOM,3393,83966851,2026-07-01 02:30:00,Wed,02:30:00,0,0,0.0
NOM,3393,83966852,2026-07-01 03:00:00,Wed,03:00:00,0,0,0.0
NOM,3393,83966853,2026-07-01 03:30:00,Wed,03:30:00,0,0,0.0
NOM,3393,83966854,2026-07-01 04:00:00,Wed,04:00:00,0,0,0.0
NOM,3393,83966855,2026-07-01 04:30:00,Wed,04:30:00,0,0,0.0
NOM,3393,83966856,2026-07-01 05:00:00,Wed,05:00:00,0,0,0.0
NOM,3393,83966857,2026-07-01 05:30:00,Wed,05:30:00,0,0,0.0
NOM,3393,83966858,2026-07-01 06:00:00,Wed,06:00:00,0,0,0.0
NOM,3393,83966859,2026-07-01 06:30:00,Wed,06:30:00,0,0,0.0
NOM,3393,83966860,2026-07-01 07:00:00,Wed,07:00:00,0,0,0.0
NOM,3393,83966861,2026-07-01 07:30:00,Wed,07:30:00,0,0,0.0
NOM,3393,83966862,2026-07-01 08:00:00,Wed,08:00:00,0,0,0.0
NOM,3393,83966863,2026-07-01 08:30:00,Wed,08:30:00,1,0,0.0
NOM,3393,83966864,2026-07-01 09:00:00,Wed,09:00:00,3,0,3.0
NOM,3393,83966865,2026-07-01 09:30:00,Wed,09:30:00,4,0,4.0
NOM,3393,83966866,2026-07-01 10:00:00,Wed,10:00:00,6,0,5.0
NOM,3393,83966867,2026-07-01 10:30:00,Wed,10:30:00,6,0,6.0
NOM,3393,83966868,2026-07-01 11:00:00,Wed,11:00:00,6,0,6.0
NOM,3393,83966869,2026-07-01 11:30:00,Wed,11:30:00,6,0,5.0
NOM,3393,83966870,2026-07-01 12:00:00,Wed,12:00:00,5,0,5.0
NOM,3393,83966871,2026-07-01 12:30:00,Wed,12:30:00,7,0,7.0
NOM,3393,83966872,2026-07-01 13:00:00,Wed,13:00:00,11,0,11.0
NOM,3393,83966873,2026-07-01 13:30:00,Wed,13:30:00,14,0,14.0
NOM,3393,83966874,2026-07-01 14:00:00,Wed,14:00:00,14,0,15.0
NOM,3393,83966875,2026-07-01 14:30:00,Wed,14:30:00,13,0,13.0
NOM,3393,83966876,2026-07-01 15:00:00,Wed,15:00:00,10,0,10.0
NOM,3393,83966877,2026-07-01 15:30:00,Wed,15:30:00,9,0,9.0
NOM,3393,83966878,2026-07-01 16:00:00,Wed,16:00:00,6,0,6.0
NOM,3393,83966879,2026-07-01 16:30:00,Wed,16:30:00,6,0,6.0
NOM,3393,83966880,2026-07-01 17:00:00,Wed,17:00:00,5,0,5.0
NOM,3393,83966881,2026-07-01 17:30:00,Wed,17:30:00,5,0,5.0
NOM,3393,83966882,2026-07-01 18:00:00,Wed,18:00:00,7,0,7.0
NOM,3393,83966883,2026-07-01 18:30:00,Wed,18:30:00,7,0,6.0
NOM,3393,83966884,2026-07-01 19:00:00,Wed,19:00:00,7,0,7.0
NOM,3393,83966885,2026-07-01 19:30:00,Wed,19:30:00,10,0,10.0
NOM,3393,83966886,2026-07-01 20:00:00,Wed,20:00:00,14,0,14.0
NOM,3393,83966887,2026-07-01 20:30:00,Wed,20:30:00,17,1,18.0
NOM,3393,83966888,2026-07-01 21:00:00,Wed,21:00:00,19,1,20.0
NOM,3393,83966889,2026-07-01 21:30:00,Wed,21:30:00,18,1,18.0
NOM,3393,83966890,2026-07-01 22:00:00,Wed,22:00:00,14,1,14.0
NOM,3393,83966891,2026-07-01 22:30:00,Wed,22:30:00,10,1,10.0
NOM,3393,83966892,2026-07-01 23:00:00,Wed,23:00:00,5,1,4.0
NOM,3393,83966893,2026-07-01 23:30:00,Wed,23:30:00,2,0,2.0
NOM,3393,83966894,2026-07-02 00:00:00,Thu,00:00:00,0,0,0.0
NOM,3393,83966895,2026-07-02 00:30:00,Thu,00:30:00,0,0,0.0
NOM,3393,83966896,2026-07-02 01:00:00,Thu,01:00:00,0,0,0.0
NOM,3393,83966897,2026-07-02 01:30:00,Thu,01:30:00,0,0,0.0
NOM,3393,83966898,2026-07-02 02:00:00,Thu,02:00:00,0,0,0.0
NOM,3393,83966899,2026-07-02 02:30:00,Thu,02:30:00,0,0,0.0
NOM,3393,83966900,2026-07-02 03:00:00,Thu,03:00:00,0,0,0.0
NOM,3393,83966901,2026-07-02 03:30:00,Thu,03:30:00,0,0,0.0
NOM,3393,83966902,2026-07-02 04:00:00,Thu,04:00:00,0,0,0.0
NOM,3393,83966903,2026-07-02 04:30:00,Thu,04:30:00,0,0,0.0
NOM,3393,83966904,2026-07-02 05:00:00,Thu,05:00:00,0,0,0.0
NOM,3393,83966905,2026-07-02 05:30:00,Thu,05:30:00,0,0,0.0
NOM,3393,83966906,2026-07-02 06:00:00,Thu,06:00:00,0,0,0.0
NOM,3393,83966907,2026-07-02 06:30:00,Thu,06:30:00,0,0,0.0
NOM,3393,83966908,2026-07-02 07:00:00,Thu,07:00:00,0,0,0.0
NOM,3393,83966909,2026-07-02 07:30:00,Thu,07:30:00,0,0,0.0
NOM,3393,83966910,2026-07-02 08:00:00,Thu,08:00:00,0,0,0.0
NOM,3393,83966911,2026-07-02 08:30:00,Thu,08:30:00,2,0,1.0
NOM,3393,83966912,2026-07-02 09:00:00,Thu,09:00:00,3,0,2.0
NOM,3393,83966913,2026-07-02 09:30:00,Thu,09:30:00,4,0,3.0
NOM,3393,83966914,2026-07-02 10:00:00,Thu,10:00:00,6,0,6.0
NOM,3393,83966915,2026-07-02 10:30:00,Thu,10:30:00,6,0,6.0
NOM,3393,83966916,2026-07-02 11:00:00,Thu,11:00:00,6,0,5.0
NOM,3393,83966917,2026-07-02 11:30:00,Thu,11:30:00,7,0,6.0
NOM,3393,83966918,2026-07-02 12:00:00,Thu,12:00:00,5,0,5.0
NOM,3393,83966919,2026-07-02 12:30:00,Thu,12:30:00,7,1,7.0
NOM,3393,83966920,2026-07-02 13:00:00,Thu,13:00:00,10,1,11.0
NOM,3393,83966921,2026-07-02 13:30:00,Thu,13:30:00,14,0,14.0
NOM,3393,83966922,2026-07-02 14:00:00,Thu,14:00:00,16,0,17.0
NOM,3393,83966923,2026-07-02 14:30:00,Thu,14:30:00,14,0,15.0
NOM,3393,83966924,2026-07-02 15:00:00,Thu,15:00:00,11,0,11.0
NOM,3393,83966925,2026-07-02 15:30:00,Thu,15:30:00,10,1,10.0
NOM,3393,83966926,2026-07-02 16:00:00,Thu,16:00:00,6,0,6.0
NOM,3393,83966927,2026-07-02 16:30:00,Thu,16:30:00,5,0,5.0
NOM,3393,83966928,2026-07-02 17:00:00,Thu,17:00:00,5,0,5.0
NOM,3393,83966929,2026-07-02 17:30:00,Thu,17:30:00,7,0,6.0
NOM,3393,83966930,2026-07-02 18:00:00,Thu,18:00:00,7,0,7.0
NOM,3393,83966931,2026-07-02 18:30:00,Thu,18:30:00,6,0,6.0
NOM,3393,83966932,2026-07-02 19:00:00,Thu,19:00:00,8,0,7.0
NOM,3393,83966933,2026-07-02 19:30:00,Thu,19:30:00,10,0,10.0
NOM,3393,83966934,2026-07-02 20:00:00,Thu,20:00:00,16,0,16.0
NOM,3393,83966935,2026-07-02 20:30:00,Thu,20:30:00,20,0,21.0
NOM,3393,83966936,2026-07-02 21:00:00,Thu,21:00:00,23,0,24.0
NOM,3393,83966937,2026-07-02 21:30:00,Thu,21:30:00,20,0,20.0
NOM,3393,83966938,2026-07-02 22:00:00,Thu,22:00:00,16,-1,17.0
NOM,3393,83966939,2026-07-02 22:30:00,Thu,22:30:00,12,-1,13.0
NOM,3393,83966940,2026-07-02 23:00:00,Thu,23:00:00,5,0,5.0
NOM,3393,83966941,2026-07-02 23:30:00,Thu,23:30:00,2,0,2.0
NOM,3393,83966942,2026-07-03 00:00:00,Fri,00:00:00,0,0,0.0
NOM,3393,83966943,2026-07-03 00:30:00,Fri,00:30:00,0,0,0.0
NOM,3393,83966944,2026-07-03 01:00:00,Fri,01:00:00,0,0,0.0
NOM,3393,83966945,2026-07-03 01:30:00,Fri,01:30:00,0,0,0.0
NOM,3393,84021762,2026-07-03 02:00:00,Fri,02:00:00,0,0,0.0
NOM,3393,84021763,2026-07-03 02:30:00,Fri,02:30:00,0,0,0.0
NOM,3393,84021764,2026-07-03 03:00:00,Fri,03:00:00,0,0,0.0
NOM,3393,84021765,2026-07-03 03:30:00,Fri,03:30:00,0,0,0.0
NOM,3393,84021766,2026-07-03 04:00:00,Fri,04:00:00,0,0,0.0
NOM,3393,84021767,2026-07-03 04:30:00,Fri,04:30:00,0,0,0.0
NOM,3393,84021768,2026-07-03 05:00:00,Fri,05:00:00,0,0,0.0
NOM,3393,84021769,2026-07-03 05:30:00,Fri,05:30:00,0,0,0.0
NOM,3393,84021770,2026-07-03 06:00:00,Fri,06:00:00,0,0,0.0
NOM,3393,84021771,2026-07-03 06:30:00,Fri,06:30:00,0,0,0.0
NOM,3393,84021772,2026-07-03 07:00:00,Fri,07:00:00,0,0,0.0
NOM,3393,84021773,2026-07-03 07:30:00,Fri,07:30:00,0,0,0.0
NOM,3393,84021774,2026-07-03 08:00:00,Fri,08:00:00,0,0,0.0
NOM,3393,84021775,2026-07-03 08:30:00,Fri,08:30:00,2,0,2.0
NOM,3393,84021776,2026-07-03 09:00:00,Fri,09:00:00,2,0,2.0
NOM,3393,84021777,2026-07-03 09:30:00,Fri,09:30:00,5,0,5.0
NOM,3393,84021778,2026-07-03 10:00:00,Fri,10:00:00,7,0,7.0
NOM,3393,84021779,2026-07-03 10:30:00,Fri,10:30:00,7,0,7.0
NOM,3393,84021780,2026-07-03 11:00:00,Fri,11:00:00,6,0,6.0
NOM,3393,84021781,2026-07-03 11:30:00,Fri,11:30:00,8,0,7.0
NOM,3393,84021782,2026-07-03 12:00:00,Fri,12:00:00,6,-1,6.0
NOM,3393,84021783,2026-07-03 12:30:00,Fri,12:30:00,9,0,9.0
NOM,3393,84021784,2026-07-03 13:00:00,Fri,13:00:00,13,0,13.0
NOM,3393,84021785,2026-07-03 13:30:00,Fri,13:30:00,18,0,18.0
NOM,3393,84021786,2026-07-03 14:00:00,Fri,14:00:00,21,1,22.0
NOM,3393,84021787,2026-07-03 14:30:00,Fri,14:30:00,20,1,21.0
NOM,3393,84021788,2026-07-03 15:00:00,Fri,15:00:00,17,1,18.0
NOM,3393,84021789,2026-07-03 15:30:00,Fri,15:30:00,14,1,14.0
NOM,3393,84021790,2026-07-03 16:00:00,Fri,16:00:00,10,1,10.0
NOM,3393,84021791,2026-07-03 16:30:00,Fri,16:30:00,8,0,8.0
NOM,3393,84021792,2026-07-03 17:00:00,Fri,17:00:00,8,1,8.0
NOM,3393,84021793,2026-07-03 17:30:00,Fri,17:30:00,8,2,8.0
NOM,3393,84021794,2026-07-03 18:00:00,Fri,18:00:00,9,1,9.0
NOM,3393,84021795,2026-07-03 18:30:00,Fri,18:30:00,11,2,11.0
NOM,3393,84021796,2026-07-03 19:00:00,Fri,19:00:00,10,-1,10.0
NOM,3393,84021797,2026-07-03 19:30:00,Fri,19:30:00,13,0,13.0
NOM,3393,84021798,2026-07-03 20:00:00,Fri,20:00:00,20,0,21.0
NOM,3393,84021799,2026-07-03 20:30:00,Fri,20:30:00,28,-1,29.0
NOM,3393,84021800,2026-07-03 21:00:00,Fri,21:00:00,31,0,32.0
NOM,3393,84021801,2026-07-03 21:30:00,Fri,21:30:00,29,-1,30.0
NOM,3393,84021802,2026-07-03 22:00:00,Fri,22:00:00,27,-1,27.0
NOM,3393,84021803,2026-07-03 22:30:00,Fri,22:30:00,24,-1,25.0
NOM,3393,84021804,2026-07-03 23:00:00,Fri,23:00:00,14,-1,14.0
NOM,3393,84021805,2026-07-03 23:30:00,Fri,23:30:00,5,0,4.0
NOM,3393,84021806,2026-07-04 00:00:00,Sat,00:00:00,1,0,0.0
NOM,3393,84021807,2026-07-04 00:30:00,Sat,00:30:00,0,0,0.0
NOM,3393,84021808,2026-07-04 01:00:00,Sat,01:00:00,0,0,0.0
NOM,3393,84021809,2026-07-04 01:30:00,Sat,01:30:00,0,0,0.0
NOM,3393,84021810,2026-07-04 02:00:00,Sat,02:00:00,0,0,0.0
NOM,3393,84021811,2026-07-04 02:30:00,Sat,02:30:00,0,0,0.0
NOM,3393,84021812,2026-07-04 03:00:00,Sat,03:00:00,0,0,0.0
NOM,3393,84021813,2026-07-04 03:30:00,Sat,03:30:00,0,0,0.0
NOM,3393,84021814,2026-07-04 04:00:00,Sat,04:00:00,0,0,0.0
NOM,3393,84021815,2026-07-04 04:30:00,Sat,04:30:00,0,0,0.0
NOM,3393,84021816,2026-07-04 05:00:00,Sat,05:00:00,0,0,0.0
NOM,3393,84021817,2026-07-04 05:30:00,Sat,05:30:00,0,0,0.0
NOM,3393,84021818,2026-07-04 06:00:00,Sat,06:00:00,0,0,0.0
NOM,3393,84021819,2026-07-04 06:30:00,Sat,06:30:00,0,0,0.0
NOM,3393,84021820,2026-07-04 07:00:00,Sat,07:00:00,0,0,0.0
NOM,3393,84021821,2026-07-04 07:30:00,Sat,07:30:00,0,0,0.0
NOM,3393,84021822,2026-07-04 08:00:00,Sat,08:00:00,0,0,0.0
NOM,3393,84021823,2026-07-04 08:30:00,Sat,08:30:00,3,0,2.0
NOM,3393,84021824,2026-07-04 09:00:00,Sat,09:00:00,3,0,3.0
NOM,3393,84021825,2026-07-04 09:30:00,Sat,09:30:00,6,0,5.0
NOM,3393,84021826,2026-07-04 10:00:00,Sat,10:00:00,7,0,7.0
NOM,3393,84021827,2026-07-04 10:30:00,Sat,10:30:00,7,0,7.0
NOM,3393,84021828,2026-07-04 11:00:00,Sat,11:00:00,7,0,7.0
NOM,3393,84021829,2026-07-04 11:30:00,Sat,11:30:00,7,0,7.0
NOM,3393,84021830,2026-07-04 12:00:00,Sat,12:00:00,8,0,8.0
NOM,3393,84021831,2026-07-04 12:30:00,Sat,12:30:00,8,0,8.0
NOM,3393,84021832,2026-07-04 13:00:00,Sat,13:00:00,11,0,11.0
NOM,3393,84021833,2026-07-04 13:30:00,Sat,13:30:00,16,0,17.0
NOM,3393,84021834,2026-07-04 14:00:00,Sat,14:00:00,20,0,21.0
NOM,3393,84021835,2026-07-04 14:30:00,Sat,14:30:00,21,0,22.0
NOM,3393,84021836,2026-07-04 15:00:00,Sat,15:00:00,17,0,18.0
NOM,3393,84021837,2026-07-04 15:30:00,Sat,15:30:00,14,0,14.0
NOM,3393,84021838,2026-07-04 16:00:00,Sat,16:00:00,10,1,10.0
NOM,3393,84021839,2026-07-04 16:30:00,Sat,16:30:00,8,0,8.0
NOM,3393,84021840,2026-07-04 17:00:00,Sat,17:00:00,8,-1,8.0
NOM,3393,84021841,2026-07-04 17:30:00,Sat,17:30:00,8,2,8.0
NOM,3393,84021842,2026-07-04 18:00:00,Sat,18:00:00,9,2,9.0
NOM,3393,84021843,2026-07-04 18:30:00,Sat,18:30:00,11,0,11.0
NOM,3393,84021844,2026-07-04 19:00:00,Sat,19:00:00,10,-2,10.0
NOM,3393,84021845,2026-07-04 19:30:00,Sat,19:30:00,11,-3,11.0
NOM,3393,84021846,2026-07-04 20:00:00,Sat,20:00:00,18,-1,18.0
NOM,3393,84021847,2026-07-04 20:30:00,Sat,20:30:00,25,-1,25.0
NOM,3393,84021848,2026-07-04 21:00:00,Sat,21:00:00,29,1,31.0
NOM,3393,84021849,2026-07-04 21:30:00,Sat,21:30:00,29,1,30.0
NOM,3393,84021850,2026-07-04 22:00:00,Sat,22:00:00,27,1,27.0
NOM,3393,84021851,2026-07-04 22:30:00,Sat,22:30:00,23,1,23.0
NOM,3393,84021852,2026-07-04 23:00:00,Sat,23:00:00,16,0,17.0
NOM,3393,84021853,2026-07-04 23:30:00,Sat,23:30:00,7,1,7.0
NOM,3393,84021854,2026-07-05 00:00:00,Sun,00:00:00,1,0,1.0
NOM,3393,84021855,2026-07-05 00:30:00,Sun,00:30:00,1,0,0.0
NOM,3393,84021856,2026-07-05 01:00:00,Sun,01:00:00,0,0,0.0
NOM,3393,84021857,2026-07-05 01:30:00,Sun,01:30:00,0,0,0.0
NOM,3393,84021858,2026-07-05 02:00:00,Sun,02:00:00,0,0,0.0
NOM,3393,84021859,2026-07-05 02:30:00,Sun,02:30:00,0,0,0.0
NOM,3393,84021860,2026-07-05 03:00:00,Sun,03:00:00,0,0,0.0
NOM,3393,84021861,2026-07-05 03:30:00,Sun,03:30:00,0,0,0.0
NOM,3393,84021862,2026-07-05 04:00:00,Sun,04:00:00,0,0,0.0
NOM,3393,84021863,2026-07-05 04:30:00,Sun,04:30:00,0,0,0.0
NOM,3393,84021864,2026-07-05 05:00:00,Sun,05:00:00,0,0,0.0
NOM,3393,84021865,2026-07-05 05:30:00,Sun,05:30:00,0,0,0.0
NOM,3393,84021866,2026-07-05 06:00:00,Sun,06:00:00,0,0,0.0
NOM,3393,84021867,2026-07-05 06:30:00,Sun,06:30:00,0,0,0.0
NOM,3393,84021868,2026-07-05 07:00:00,Sun,07:00:00,0,0,0.0
NOM,3393,84021869,2026-07-05 07:30:00,Sun,07:30:00,0,0,0.0
NOM,3393,84021870,2026-07-05 08:00:00,Sun,08:00:00,0,0,0.0
NOM,3393,84021871,2026-07-05 08:30:00,Sun,08:30:00,2,0,2.0
NOM,3393,84021872,2026-07-05 09:00:00,Sun,09:00:00,4,0,4.0
NOM,3393,84021873,2026-07-05 09:30:00,Sun,09:30:00,6,0,5.0
NOM,3393,84021874,2026-07-05 10:00:00,Sun,10:00:00,7,0,7.0
NOM,3393,84021875,2026-07-05 10:30:00,Sun,10:30:00,7,0,7.0
NOM,3393,84021876,2026-07-05 11:00:00,Sun,11:00:00,7,0,7.0
NOM,3393,84021877,2026-07-05 11:30:00,Sun,11:30:00,8,0,8.0
NOM,3393,84021878,2026-07-05 12:00:00,Sun,12:00:00,9,-1,9.0
NOM,3393,84021879,2026-07-05 12:30:00,Sun,12:30:00,9,-1,9.0
NOM,3393,84021880,2026-07-05 13:00:00,Sun,13:00:00,12,-1,12.0
NOM,3393,84021881,2026-07-05 13:30:00,Sun,13:30:00,18,0,19.0
NOM,3393,84021882,2026-07-05 14:00:00,Sun,14:00:00,23,-1,24.0
NOM,3393,84021883,2026-07-05 14:30:00,Sun,14:30:00,22,-1,23.0
NOM,3393,84021884,2026-07-05 15:00:00,Sun,15:00:00,19,-1,20.0
NOM,3393,84021885,2026-07-05 15:30:00,Sun,15:30:00,15,-2,16.0
NOM,3393,84021886,2026-07-05 16:00:00,Sun,16:00:00,12,-3,12.0
NOM,3393,84021887,2026-07-05 16:30:00,Sun,16:30:00,9,-6,9.0
NOM,3393,84021888,2026-07-05 17:00:00,Sun,17:00:00,9,-1,9.0
NOM,3393,84021889,2026-07-05 17:30:00,Sun,17:30:00,9,1,9.0
NOM,3393,84021890,2026-07-05 18:00:00,Sun,18:00:00,9,-1,9.0
NOM,3393,84021891,2026-07-05 18:30:00,Sun,18:30:00,11,1,11.0
NOM,3393,84021892,2026-07-05 19:00:00,Sun,19:00:00,11,-1,11.0
NOM,3393,84021893,2026-07-05 19:30:00,Sun,19:30:00,13,0,13.0
NOM,3393,84021894,2026-07-05 20:00:00,Sun,20:00:00,18,-1,19.0
NOM,3393,84021895,2026-07-05 20:30:00,Sun,20:30:00,24,-1,25.0
NOM,3393,84021896,2026-07-05 21:00:00,Sun,21:00:00,27,-1,28.0
NOM,3393,84021897,2026-07-05 21:30:00,Sun,21:30:00,27,-1,28.0
NOM,3393,84021898,2026-07-05 22:00:00,Sun,22:00:00,21,-3,22.0
NOM,3393,84021899,2026-07-05 22:30:00,Sun,22:30:00,14,-4,14.0
NOM,3393,84021900,2026-07-05 23:00:00,Sun,23:00:00,7,-6,7.0
NOM,3393,84021901,2026-07-05 23:30:00,Sun,23:30:00,2,0,2.0
SAB,3393,83908814,2026-06-29 00:00:00,Mon,00:00:00,0,0,0.0
SAB,3393,83908815,2026-06-29 00:30:00,Mon,00:30:00,0,0,0.0
SAB,3393,83908816,2026-06-29 01:00:00,Mon,01:00:00,0,0,0.0
SAB,3393,83908817,2026-06-29 01:30:00,Mon,01:30:00,0,0,0.0
SAB,3393,83908818,2026-06-29 02:00:00,Mon,02:00:00,0,0,0.0
SAB,3393,83908819,2026-06-29 02:30:00,Mon,02:30:00,0,0,0.0
SAB,3393,83908820,2026-06-29 03:00:00,Mon,03:00:00,0,0,0.0
SAB,3393,83908821,2026-06-29 03:30:00,Mon,03:30:00,0,0,0.0
SAB,3393,83908822,2026-06-29 04:00:00,Mon,04:00:00,0,0,0.0
SAB,3393,83908823,2026-06-29 04:30:00,Mon,04:30:00,0,0,0.0
SAB,3393,83908824,2026-06-29 05:00:00,Mon,05:00:00,0,0,0.0
SAB,3393,83908825,2026-06-29 05:30:00,Mon,05:30:00,0,0,0.0
SAB,3393,83908826,2026-06-29 06:00:00,Mon,06:00:00,0,0,0.0
SAB,3393,83908827,2026-06-29 06:30:00,Mon,06:30:00,0,0,0.0
SAB,3393,83908828,2026-06-29 07:00:00,Mon,07:00:00,0,0,0.0
SAB,3393,83908829,2026-06-29 07:30:00,Mon,07:30:00,0,0,0.0
SAB,3393,83908830,2026-06-29 08:00:00,Mon,08:00:00,0,0,0.0
SAB,3393,83908831,2026-06-29 08:30:00,Mon,08:30:00,0,0,0.0
SAB,3393,83908832,2026-06-29 09:00:00,Mon,09:00:00,0,0,0.0
SAB,3393,83908833,2026-06-29 09:30:00,Mon,09:30:00,0,0,0.0
SAB,3393,83908834,2026-06-29 10:00:00,Mon,10:00:00,0,0,0.0
SAB,3393,83908835,2026-06-29 10:30:00,Mon,10:30:00,0,0,0.0
SAB,3393,83908836,2026-06-29 11:00:00,Mon,11:00:00,0,0,0.0
SAB,3393,83908837,2026-06-29 11:30:00,Mon,11:30:00,0,0,0.0
SAB,3393,83908838,2026-06-29 12:00:00,Mon,12:00:00,7,1,6.0
SAB,3393,83908839,2026-06-29 12:30:00,Mon,12:30:00,3,-3,3.0
SAB,3393,83908840,2026-06-29 13:00:00,Mon,13:00:00,7,-1,6.0
SAB,3393,83908841,2026-06-29 13:30:00,Mon,13:30:00,12,3,11.0
SAB,3393,83908842,2026-06-29 14:00:00,Mon,14:00:00,10,3,9.0
SAB,3393,83908843,2026-06-29 14:30:00,Mon,14:30:00,10,3,9.0
SAB,3393,83908844,2026-06-29 15:00:00,Mon,15:00:00,8,2,8.0
SAB,3393,83908845,2026-06-29 15:30:00,Mon,15:30:00,7,1,6.0
SAB,3393,83908846,2026-06-29 16:00:00,Mon,16:00:00,3,-3,3.0
SAB,3393,83908847,2026-06-29 16:30:00,Mon,16:30:00,7,1,6.0
SAB,3393,83908848,2026-06-29 17:00:00,Mon,17:00:00,3,-3,3.0
SAB,3393,83908849,2026-06-29 17:30:00,Mon,17:30:00,8,0,8.0
SAB,3393,83908850,2026-06-29 18:00:00,Mon,18:00:00,7,1,6.0
SAB,3393,83908851,2026-06-29 18:30:00,Mon,18:30:00,3,-4,3.0
SAB,3393,83908852,2026-06-29 19:00:00,Mon,19:00:00,7,-1,6.0
SAB,3393,83908853,2026-06-29 19:30:00,Mon,19:30:00,7,-1,6.0
SAB,3393,83908854,2026-06-29 20:00:00,Mon,20:00:00,10,-2,9.0
SAB,3393,83908855,2026-06-29 20:30:00,Mon,20:30:00,13,1,13.0
SAB,3393,83908856,2026-06-29 21:00:00,Mon,21:00:00,13,3,13.0
SAB,3393,83908857,2026-06-29 21:30:00,Mon,21:30:00,13,5,13.0
SAB,3393,83908858,2026-06-29 22:00:00,Mon,22:00:00,12,6,11.0
SAB,3393,83908859,2026-06-29 22:30:00,Mon,22:30:00,5,0,4.0
SAB,3393,83908860,2026-06-29 23:00:00,Mon,23:00:00,3,0,3.0
SAB,3393,83908861,2026-06-29 23:30:00,Mon,23:30:00,3,0,3.0
SAB,3393,83908862,2026-06-30 00:00:00,Tue,00:00:00,0,0,0.0
SAB,3393,83908863,2026-06-30 00:30:00,Tue,00:30:00,0,0,0.0
SAB,3393,83908864,2026-06-30 01:00:00,Tue,01:00:00,0,0,0.0
SAB,3393,83908865,2026-06-30 01:30:00,Tue,01:30:00,0,0,0.0
SAB,3393,83929650,2026-06-30 02:00:00,Tue,02:00:00,0,0,0.0
SAB,3393,83929651,2026-06-30 02:30:00,Tue,02:30:00,0,0,0.0
SAB,3393,83929652,2026-06-30 03:00:00,Tue,03:00:00,0,0,0.0
SAB,3393,83929653,2026-06-30 03:30:00,Tue,03:30:00,0,0,0.0
SAB,3393,83929654,2026-06-30 04:00:00,Tue,04:00:00,0,0,0.0
SAB,3393,83929655,2026-06-30 04:30:00,Tue,04:30:00,0,0,0.0
SAB,3393,83929656,2026-06-30 05:00:00,Tue,05:00:00,0,0,0.0
SAB,3393,83929657,2026-06-30 05:30:00,Tue,05:30:00,0,0,0.0
SAB,3393,83929658,2026-06-30 06:00:00,Tue,06:00:00,0,0,0.0
SAB,3393,83929659,2026-06-30 06:30:00,Tue,06:30:00,0,0,0.0
SAB,3393,83929660,2026-06-30 07:00:00,Tue,07:00:00,0,0,0.0
SAB,3393,83929661,2026-06-30 07:30:00,Tue,07:30:00,0,0,0.0
SAB,3393,83929662,2026-06-30 08:00:00,Tue,08:00:00,0,0,0.0
SAB,3393,83929663,2026-06-30 08:30:00,Tue,08:30:00,0,0,0.0
SAB,3393,83929664,2026-06-30 09:00:00,Tue,09:00:00,0,0,0.0
SAB,3393,83929665,2026-06-30 09:30:00,Tue,09:30:00,0,0,0.0
SAB,3393,83929666,2026-06-30 10:00:00,Tue,10:00:00,0,0,0.0
SAB,3393,83929667,2026-06-30 10:30:00,Tue,10:30:00,0,0,0.0
SAB,3393,83929668,2026-06-30 11:00:00,Tue,11:00:00,0,0,0.0
SAB,3393,83929669,2026-06-30 11:30:00,Tue,11:30:00,0,0,0.0
SAB,3393,83929670,2026-06-30 12:00:00,Tue,12:00:00,3,-1,3.0
SAB,3393,83929671,2026-06-30 12:30:00,Tue,12:30:00,3,-2,3.0
SAB,3393,83929672,2026-06-30 13:00:00,Tue,13:00:00,7,0,6.0
SAB,3393,83929673,2026-06-30 13:30:00,Tue,13:30:00,8,1,8.0
SAB,3393,83929674,2026-06-30 14:00:00,Tue,14:00:00,8,2,8.0
SAB,3393,83929675,2026-06-30 14:30:00,Tue,14:30:00,8,2,8.0
SAB,3393,83929676,2026-06-30 15:00:00,Tue,15:00:00,8,4,8.0
SAB,3393,83929677,2026-06-30 15:30:00,Tue,15:30:00,7,3,6.0
SAB,3393,83929678,2026-06-30 16:00:00,Tue,16:00:00,3,-1,3.0
SAB,3393,83929679,2026-06-30 16:30:00,Tue,16:30:00,7,3,6.0
SAB,3393,83929680,2026-06-30 17:00:00,Tue,17:00:00,3,-1,3.0
SAB,3393,83929681,2026-06-30 17:30:00,Tue,17:30:00,3,-3,3.0
SAB,3393,83929682,2026-06-30 18:00:00,Tue,18:00:00,7,1,6.0
SAB,3393,83929683,2026-06-30 18:30:00,Tue,18:30:00,3,-3,3.0
SAB,3393,83929684,2026-06-30 19:00:00,Tue,19:00:00,7,0,6.0
SAB,3393,83929685,2026-06-30 19:30:00,Tue,19:30:00,8,1,8.0
SAB,3393,83929686,2026-06-30 20:00:00,Tue,20:00:00,12,2,11.0
SAB,3393,83929687,2026-06-30 20:30:00,Tue,20:30:00,15,4,14.0
SAB,3393,83929688,2026-06-30 21:00:00,Tue,21:00:00,17,6,16.0
SAB,3393,83929689,2026-06-30 21:30:00,Tue,21:30:00,15,7,14.0
SAB,3393,83929690,2026-06-30 22:00:00,Tue,22:00:00,12,7,11.0
SAB,3393,83929691,2026-06-30 22:30:00,Tue,22:30:00,5,1,4.0
SAB,3393,83929692,2026-06-30 23:00:00,Tue,23:00:00,3,0,3.0
SAB,3393,83929693,2026-06-30 23:30:00,Tue,23:30:00,3,0,3.0
SAB,3393,83929694,2026-07-01 00:00:00,Wed,00:00:00,0,0,0.0
SAB,3393,83929695,2026-07-01 00:30:00,Wed,00:30:00,0,0,0.0
SAB,3393,83929696,2026-07-01 01:00:00,Wed,01:00:00,0,0,0.0
SAB,3393,83929697,2026-07-01 01:30:00,Wed,01:30:00,0,0,0.0
SAB,3393,83957058,2026-07-01 02:00:00,Wed,02:00:00,0,0,0.0
SAB,3393,83957059,2026-07-01 02:30:00,Wed,02:30:00,0,0,0.0
SAB,3393,83957060,2026-07-01 03:00:00,Wed,03:00:00,0,0,0.0
SAB,3393,83957061,2026-07-01 03:30:00,Wed,03:30:00,0,0,0.0
SAB,3393,83957062,2026-07-01 04:00:00,Wed,04:00:00,0,0,0.0
SAB,3393,83957063,2026-07-01 04:30:00,Wed,04:30:00,0,0,0.0
SAB,3393,83957064,2026-07-01 05:00:00,Wed,05:00:00,0,0,0.0
SAB,3393,83957065,2026-07-01 05:30:00,Wed,05:30:00,0,0,0.0
SAB,3393,83957066,2026-07-01 06:00:00,Wed,06:00:00,0,0,0.0
SAB,3393,83957067,2026-07-01 06:30:00,Wed,06:30:00,0,0,0.0
SAB,3393,83957068,2026-07-01 07:00:00,Wed,07:00:00,0,0,0.0
SAB,3393,83957069,2026-07-01 07:30:00,Wed,07:30:00,0,0,0.0
SAB,3393,83957070,2026-07-01 08:00:00,Wed,08:00:00,0,0,0.0
SAB,3393,83957071,2026-07-01 08:30:00,Wed,08:30:00,0,0,0.0
SAB,3393,83957072,2026-07-01 09:00:00,Wed,09:00:00,0,0,0.0
SAB,3393,83957073,2026-07-01 09:30:00,Wed,09:30:00,0,0,0.0
SAB,3393,83957074,2026-07-01 10:00:00,Wed,10:00:00,0,0,0.0
SAB,3393,83957075,2026-07-01 10:30:00,Wed,10:30:00,0,0,0.0
SAB,3393,83957076,2026-07-01 11:00:00,Wed,11:00:00,0,0,0.0
SAB,3393,83957077,2026-07-01 11:30:00,Wed,11:30:00,0,0,0.0
SAB,3393,83957078,2026-07-01 12:00:00,Wed,12:00:00,3,-3,3.0
SAB,3393,83957079,2026-07-01 12:30:00,Wed,12:30:00,3,-3,3.0
SAB,3393,83957080,2026-07-01 13:00:00,Wed,13:00:00,7,-4,6.0
SAB,3393,83957081,2026-07-01 13:30:00,Wed,13:30:00,10,2,9.0
SAB,3393,83957082,2026-07-01 14:00:00,Wed,14:00:00,10,2,9.0
SAB,3393,83957083,2026-07-01 14:30:00,Wed,14:30:00,10,4,9.0
SAB,3393,83957084,2026-07-01 15:00:00,Wed,15:00:00,7,1,6.0
SAB,3393,83957085,2026-07-01 15:30:00,Wed,15:30:00,7,1,6.0
SAB,3393,83957086,2026-07-01 16:00:00,Wed,16:00:00,3,-3,3.0
SAB,3393,83957087,2026-07-01 16:30:00,Wed,16:30:00,7,1,6.0
SAB,3393,83957088,2026-07-01 17:00:00,Wed,17:00:00,3,-3,3.0
SAB,3393,83957089,2026-07-01 17:30:00,Wed,17:30:00,3,-5,3.0
SAB,3393,83957090,2026-07-01 18:00:00,Wed,18:00:00,7,1,6.0
SAB,3393,83957091,2026-07-01 18:30:00,Wed,18:30:00,3,-4,3.0
SAB,3393,83957092,2026-07-01 19:00:00,Wed,19:00:00,7,-1,6.0
SAB,3393,83957093,2026-07-01 19:30:00,Wed,19:30:00,8,-2,8.0
SAB,3393,83957094,2026-07-01 20:00:00,Wed,20:00:00,12,-2,11.0
SAB,3393,83957095,2026-07-01 20:30:00,Wed,20:30:00,18,3,17.0
SAB,3393,83957096,2026-07-01 21:00:00,Wed,21:00:00,22,9,21.0
SAB,3393,83957097,2026-07-01 21:30:00,Wed,21:30:00,18,8,17.0
SAB,3393,83957098,2026-07-01 22:00:00,Wed,22:00:00,15,8,14.0
SAB,3393,83957099,2026-07-01 22:30:00,Wed,22:30:00,7,2,6.0
SAB,3393,83957100,2026-07-01 23:00:00,Wed,23:00:00,3,0,3.0
SAB,3393,83957101,2026-07-01 23:30:00,Wed,23:30:00,3,0,3.0
SAB,3393,83957102,2026-07-02 00:00:00,Thu,00:00:00,0,0,0.0
SAB,3393,83957103,2026-07-02 00:30:00,Thu,00:30:00,0,0,0.0
SAB,3393,83957104,2026-07-02 01:00:00,Thu,01:00:00,0,0,0.0
SAB,3393,83957105,2026-07-02 01:30:00,Thu,01:30:00,0,0,0.0
SAB,3393,83957106,2026-07-02 02:00:00,Thu,02:00:00,0,0,0.0
SAB,3393,83957107,2026-07-02 02:30:00,Thu,02:30:00,0,0,0.0
SAB,3393,83957108,2026-07-02 03:00:00,Thu,03:00:00,0,0,0.0
SAB,3393,83957109,2026-07-02 03:30:00,Thu,03:30:00,0,0,0.0
SAB,3393,83957110,2026-07-02 04:00:00,Thu,04:00:00,0,0,0.0
SAB,3393,83957111,2026-07-02 04:30:00,Thu,04:30:00,0,0,0.0
SAB,3393,83957112,2026-07-02 05:00:00,Thu,05:00:00,0,0,0.0
SAB,3393,83957113,2026-07-02 05:30:00,Thu,05:30:00,0,0,0.0
SAB,3393,83957114,2026-07-02 06:00:00,Thu,06:00:00,0,0,0.0
SAB,3393,83957115,2026-07-02 06:30:00,Thu,06:30:00,0,0,0.0
SAB,3393,83957116,2026-07-02 07:00:00,Thu,07:00:00,0,0,0.0
SAB,3393,83957117,2026-07-02 07:30:00,Thu,07:30:00,0,0,0.0
SAB,3393,83957118,2026-07-02 08:00:00,Thu,08:00:00,0,0,0.0
SAB,3393,83957119,2026-07-02 08:30:00,Thu,08:30:00,0,0,0.0
SAB,3393,83957120,2026-07-02 09:00:00,Thu,09:00:00,0,0,0.0
SAB,3393,83957121,2026-07-02 09:30:00,Thu,09:30:00,0,0,0.0
SAB,3393,83957122,2026-07-02 10:00:00,Thu,10:00:00,0,0,0.0
SAB,3393,83957123,2026-07-02 10:30:00,Thu,10:30:00,0,0,0.0
SAB,3393,83957124,2026-07-02 11:00:00,Thu,11:00:00,0,0,0.0
SAB,3393,83957125,2026-07-02 11:30:00,Thu,11:30:00,0,0,0.0
SAB,3393,83957126,2026-07-02 12:00:00,Thu,12:00:00,5,0,4.0
SAB,3393,83957127,2026-07-02 12:30:00,Thu,12:30:00,3,-2,3.0
SAB,3393,83957128,2026-07-02 13:00:00,Thu,13:00:00,7,-1,6.0
SAB,3393,83957129,2026-07-02 13:30:00,Thu,13:30:00,8,0,8.0
SAB,3393,83957130,2026-07-02 14:00:00,Thu,14:00:00,13,7,13.0
SAB,3393,83957131,2026-07-02 14:30:00,Thu,14:30:00,10,4,9.0
SAB,3393,83957132,2026-07-02 15:00:00,Thu,15:00:00,7,2,6.0
SAB,3393,83957133,2026-07-02 15:30:00,Thu,15:30:00,7,2,6.0
SAB,3393,83957134,2026-07-02 16:00:00,Thu,16:00:00,5,0,4.0
SAB,3393,83957135,2026-07-02 16:30:00,Thu,16:30:00,5,0,4.0
SAB,3393,83957136,2026-07-02 17:00:00,Thu,17:00:00,5,0,4.0
SAB,3393,83957137,2026-07-02 17:30:00,Thu,17:30:00,5,0,4.0
SAB,3393,83957138,2026-07-02 18:00:00,Thu,18:00:00,5,0,4.0
SAB,3393,83957139,2026-07-02 18:30:00,Thu,18:30:00,5,-1,4.0
SAB,3393,83957140,2026-07-02 19:00:00,Thu,19:00:00,7,0,6.0
SAB,3393,83957141,2026-07-02 19:30:00,Thu,19:30:00,10,0,9.0
SAB,3393,83957142,2026-07-02 20:00:00,Thu,20:00:00,13,-1,13.0
SAB,3393,83957143,2026-07-02 20:30:00,Thu,20:30:00,18,1,17.0
SAB,3393,83957144,2026-07-02 21:00:00,Thu,21:00:00,22,8,21.0
SAB,3393,83957145,2026-07-02 21:30:00,Thu,21:30:00,18,8,17.0
SAB,3393,83957146,2026-07-02 22:00:00,Thu,22:00:00,13,7,13.0
SAB,3393,83957147,2026-07-02 22:30:00,Thu,22:30:00,7,3,6.0
SAB,3393,83957148,2026-07-02 23:00:00,Thu,23:00:00,3,0,3.0
SAB,3393,83957149,2026-07-02 23:30:00,Thu,23:30:00,5,2,4.0
SAB,3393,83957150,2026-07-03 00:00:00,Fri,00:00:00,0,0,0.0
SAB,3393,83957151,2026-07-03 00:30:00,Fri,00:30:00,0,0,0.0
SAB,3393,83957152,2026-07-03 01:00:00,Fri,01:00:00,0,0,0.0
SAB,3393,83957153,2026-07-03 01:30:00,Fri,01:30:00,0,0,0.0
SAB,3393,84050658,2026-07-03 02:00:00,Fri,02:00:00,0,0,0.0
SAB,3393,84050659,2026-07-03 02:30:00,Fri,02:30:00,0,0,0.0
SAB,3393,84050660,2026-07-03 03:00:00,Fri,03:00:00,0,0,0.0
SAB,3393,84050661,2026-07-03 03:30:00,Fri,03:30:00,0,0,0.0
SAB,3393,84050662,2026-07-03 04:00:00,Fri,04:00:00,0,0,0.0
SAB,3393,84050663,2026-07-03 04:30:00,Fri,04:30:00,0,0,0.0
SAB,3393,84050664,2026-07-03 05:00:00,Fri,05:00:00,0,0,0.0
SAB,3393,84050665,2026-07-03 05:30:00,Fri,05:30:00,0,0,0.0
SAB,3393,84050666,2026-07-03 06:00:00,Fri,06:00:00,0,0,0.0
SAB,3393,84050667,2026-07-03 06:30:00,Fri,06:30:00,0,0,0.0
SAB,3393,84050668,2026-07-03 07:00:00,Fri,07:00:00,0,0,0.0
SAB,3393,84050669,2026-07-03 07:30:00,Fri,07:30:00,0,0,0.0
SAB,3393,84050670,2026-07-03 08:00:00,Fri,08:00:00,0,0,0.0
SAB,3393,84050671,2026-07-03 08:30:00,Fri,08:30:00,0,0,0.0
SAB,3393,84050672,2026-07-03 09:00:00,Fri,09:00:00,0,0,0.0
SAB,3393,84050673,2026-07-03 09:30:00,Fri,09:30:00,0,0,0.0
SAB,3393,84050674,2026-07-03 10:00:00,Fri,10:00:00,0,0,0.0
SAB,3393,84050675,2026-07-03 10:30:00,Fri,10:30:00,0,0,0.0
SAB,3393,84050676,2026-07-03 11:00:00,Fri,11:00:00,0,0,0.0
SAB,3393,84050677,2026-07-03 11:30:00,Fri,11:30:00,0,0,0.0
SAB,3393,84050678,2026-07-03 12:00:00,Fri,12:00:00,5,2,4.0
SAB,3393,84050679,2026-07-03 12:30:00,Fri,12:30:00,5,0,4.0
SAB,3393,84050680,2026-07-03 13:00:00,Fri,13:00:00,12,4,11.0
SAB,3393,84050681,2026-07-03 13:30:00,Fri,13:30:00,17,8,16.0
SAB,3393,84050682,2026-07-03 14:00:00,Fri,14:00:00,17,6,16.0
SAB,3393,84050683,2026-07-03 14:30:00,Fri,14:30:00,17,8,16.0
SAB,3393,84050684,2026-07-03 15:00:00,Fri,15:00:00,8,2,8.0
SAB,3393,84050685,2026-07-03 15:30:00,Fri,15:30:00,8,2,8.0
SAB,3393,84050686,2026-07-03 16:00:00,Fri,16:00:00,7,1,6.0
SAB,3393,84050687,2026-07-03 16:30:00,Fri,16:30:00,5,-1,4.0
SAB,3393,84050688,2026-07-03 17:00:00,Fri,17:00:00,5,-1,4.0
SAB,3393,84050689,2026-07-03 17:30:00,Fri,17:30:00,5,-1,4.0
SAB,3393,84050690,2026-07-03 18:00:00,Fri,18:00:00,7,-1,6.0
SAB,3393,84050691,2026-07-03 18:30:00,Fri,18:30:00,7,-1,6.0
SAB,3393,84050692,2026-07-03 19:00:00,Fri,19:00:00,8,-7,8.0
SAB,3393,84050693,2026-07-03 19:30:00,Fri,19:30:00,12,-6,11.0
SAB,3393,84050694,2026-07-03 20:00:00,Fri,20:00:00,22,2,21.0
SAB,3393,84050695,2026-07-03 20:30:00,Fri,20:30:00,32,7,30.0
SAB,3393,84050696,2026-07-03 21:00:00,Fri,21:00:00,33,8,32.0
SAB,3393,84050697,2026-07-03 21:30:00,Fri,21:30:00,32,7,30.0
SAB,3393,84050698,2026-07-03 22:00:00,Fri,22:00:00,27,2,26.0
SAB,3393,84050699,2026-07-03 22:30:00,Fri,22:30:00,18,2,17.0
SAB,3393,84050700,2026-07-03 23:00:00,Fri,23:00:00,8,2,8.0
SAB,3393,84050701,2026-07-03 23:30:00,Fri,23:30:00,5,2,4.0
SAB,3393,84050702,2026-07-04 00:00:00,Sat,00:00:00,0,0,0.0
SAB,3393,84050703,2026-07-04 00:30:00,Sat,00:30:00,0,0,0.0
SAB,3393,84050704,2026-07-04 01:00:00,Sat,01:00:00,0,0,0.0
SAB,3393,84050705,2026-07-04 01:30:00,Sat,01:30:00,0,0,0.0
SAB,3393,84050706,2026-07-04 02:00:00,Sat,02:00:00,0,0,0.0
SAB,3393,84050707,2026-07-04 02:30:00,Sat,02:30:00,0,0,0.0
SAB,3393,84050708,2026-07-04 03:00:00,Sat,03:00:00,0,0,0.0
SAB,3393,84050709,2026-07-04 03:30:00,Sat,03:30:00,0,0,0.0
SAB,3393,84050710,2026-07-04 04:00:00,Sat,04:00:00,0,0,0.0
SAB,3393,84050711,2026-07-04 04:30:00,Sat,04:30:00,0,0,0.0
SAB,3393,84050712,2026-07-04 05:00:00,Sat,05:00:00,0,0,0.0
SAB,3393,84050713,2026-07-04 05:30:00,Sat,05:30:00,0,0,0.0
SAB,3393,84050714,2026-07-04 06:00:00,Sat,06:00:00,0,0,0.0
SAB,3393,84050715,2026-07-04 06:30:00,Sat,06:30:00,0,0,0.0
SAB,3393,84050716,2026-07-04 07:00:00,Sat,07:00:00,0,0,0.0
SAB,3393,84050717,2026-07-04 07:30:00,Sat,07:30:00,0,0,0.0
SAB,3393,84050718,2026-07-04 08:00:00,Sat,08:00:00,0,0,0.0
SAB,3393,84050719,2026-07-04 08:30:00,Sat,08:30:00,0,0,0.0
SAB,3393,84050720,2026-07-04 09:00:00,Sat,09:00:00,0,0,0.0
SAB,3393,84050721,2026-07-04 09:30:00,Sat,09:30:00,0,0,0.0
SAB,3393,84050722,2026-07-04 10:00:00,Sat,10:00:00,0,0,0.0
SAB,3393,84050723,2026-07-04 10:30:00,Sat,10:30:00,0,0,0.0
SAB,3393,84050724,2026-07-04 11:00:00,Sat,11:00:00,0,0,0.0
SAB,3393,84050725,2026-07-04 11:30:00,Sat,11:30:00,0,0,0.0
SAB,3393,84050726,2026-07-04 12:00:00,Sat,12:00:00,5,-6,4.0
SAB,3393,84050727,2026-07-04 12:30:00,Sat,12:30:00,7,-6,6.0
SAB,3393,84050728,2026-07-04 13:00:00,Sat,13:00:00,12,-4,11.0
SAB,3393,84050729,2026-07-04 13:30:00,Sat,13:30:00,18,-1,17.0
SAB,3393,84050730,2026-07-04 14:00:00,Sat,14:00:00,17,1,16.0
SAB,3393,84050731,2026-07-04 14:30:00,Sat,14:30:00,15,4,14.0
SAB,3393,84050732,2026-07-04 15:00:00,Sat,15:00:00,12,6,11.0
SAB,3393,84050733,2026-07-04 15:30:00,Sat,15:30:00,10,4,9.0
SAB,3393,84050734,2026-07-04 16:00:00,Sat,16:00:00,7,1,6.0
SAB,3393,84050735,2026-07-04 16:30:00,Sat,16:30:00,7,1,6.0
SAB,3393,84050736,2026-07-04 17:00:00,Sat,17:00:00,7,1,6.0
SAB,3393,84050737,2026-07-04 17:30:00,Sat,17:30:00,7,1,6.0
SAB,3393,84050738,2026-07-04 18:00:00,Sat,18:00:00,7,-1,6.0
SAB,3393,84050739,2026-07-04 18:30:00,Sat,18:30:00,8,0,8.0
SAB,3393,84050740,2026-07-04 19:00:00,Sat,19:00:00,8,-7,8.0
SAB,3393,84050741,2026-07-04 19:30:00,Sat,19:30:00,12,-6,11.0
SAB,3393,84050742,2026-07-04 20:00:00,Sat,20:00:00,18,-2,17.0
SAB,3393,84050743,2026-07-04 20:30:00,Sat,20:30:00,30,5,29.0
SAB,3393,84050744,2026-07-04 21:00:00,Sat,21:00:00,37,12,35.0
SAB,3393,84050745,2026-07-04 21:30:00,Sat,21:30:00,33,8,32.0
SAB,3393,84050746,2026-07-04 22:00:00,Sat,22:00:00,28,3,27.0
SAB,3393,84050747,2026-07-04 22:30:00,Sat,22:30:00,18,2,17.0
SAB,3393,84050748,2026-07-04 23:00:00,Sat,23:00:00,8,2,8.0
SAB,3393,84050749,2026-07-04 23:30:00,Sat,23:30:00,5,2,4.0
SAB,3393,84050750,2026-07-05 00:00:00,Sun,00:00:00,0,0,0.0
SAB,3393,84050751,2026-07-05 00:30:00,Sun,00:30:00,0,0,0.0
SAB,3393,84050752,2026-07-05 01:00:00,Sun,01:00:00,0,0,0.0
SAB,3393,84050753,2026-07-05 01:30:00,Sun,01:30:00,0,0,0.0
SAB,3393,84050754,2026-07-05 02:00:00,Sun,02:00:00,0,0,0.0
SAB,3393,84050755,2026-07-05 02:30:00,Sun,02:30:00,0,0,0.0
SAB,3393,84050756,2026-07-05 03:00:00,Sun,03:00:00,0,0,0.0
SAB,3393,84050757,2026-07-05 03:30:00,Sun,03:30:00,0,0,0.0
SAB,3393,84050758,2026-07-05 04:00:00,Sun,04:00:00,0,0,0.0
SAB,3393,84050759,2026-07-05 04:30:00,Sun,04:30:00,0,0,0.0
SAB,3393,84050760,2026-07-05 05:00:00,Sun,05:00:00,0,0,0.0
SAB,3393,84050761,2026-07-05 05:30:00,Sun,05:30:00,0,0,0.0
SAB,3393,84050762,2026-07-05 06:00:00,Sun,06:00:00,0,0,0.0
SAB,3393,84050763,2026-07-05 06:30:00,Sun,06:30:00,0,0,0.0
SAB,3393,84050764,2026-07-05 07:00:00,Sun,07:00:00,0,0,0.0
SAB,3393,84050765,2026-07-05 07:30:00,Sun,07:30:00,0,0,0.0
SAB,3393,84050766,2026-07-05 08:00:00,Sun,08:00:00,0,0,0.0
SAB,3393,84050767,2026-07-05 08:30:00,Sun,08:30:00,0,0,0.0
SAB,3393,84050768,2026-07-05 09:00:00,Sun,09:00:00,0,0,0.0
SAB,3393,84050769,2026-07-05 09:30:00,Sun,09:30:00,0,0,0.0
SAB,3393,84050770,2026-07-05 10:00:00,Sun,10:00:00,0,0,0.0
SAB,3393,84050771,2026-07-05 10:30:00,Sun,10:30:00,0,0,0.0
SAB,3393,84050772,2026-07-05 11:00:00,Sun,11:00:00,0,0,0.0
SAB,3393,84050773,2026-07-05 11:30:00,Sun,11:30:00,0,0,0.0
SAB,3393,84050774,2026-07-05 12:00:00,Sun,12:00:00,7,-4,6.0
SAB,3393,84050775,2026-07-05 12:30:00,Sun,12:30:00,7,-6,6.0
SAB,3393,84050776,2026-07-05 13:00:00,Sun,13:00:00,13,-3,13.0
SAB,3393,84050777,2026-07-05 13:30:00,Sun,13:30:00,20,1,19.0
SAB,3393,84050778,2026-07-05 14:00:00,Sun,14:00:00,22,6,21.0
SAB,3393,84050779,2026-07-05 14:30:00,Sun,14:30:00,18,7,17.0
SAB,3393,84050780,2026-07-05 15:00:00,Sun,15:00:00,15,7,14.0
SAB,3393,84050781,2026-07-05 15:30:00,Sun,15:30:00,13,6,13.0
SAB,3393,84050782,2026-07-05 16:00:00,Sun,16:00:00,8,1,8.0
SAB,3393,84050783,2026-07-05 16:30:00,Sun,16:30:00,10,3,9.0
SAB,3393,84050784,2026-07-05 17:00:00,Sun,17:00:00,8,1,8.0
SAB,3393,84050785,2026-07-05 17:30:00,Sun,17:30:00,7,0,6.0
SAB,3393,84050786,2026-07-05 18:00:00,Sun,18:00:00,8,1,8.0
SAB,3393,84050787,2026-07-05 18:30:00,Sun,18:30:00,8,-1,8.0
SAB,3393,84050788,2026-07-05 19:00:00,Sun,19:00:00,13,-2,13.0
SAB,3393,84050789,2026-07-05 19:30:00,Sun,19:30:00,17,-1,16.0
SAB,3393,84050790,2026-07-05 20:00:00,Sun,20:00:00,27,7,26.0
SAB,3393,84050791,2026-07-05 20:30:00,Sun,20:30:00,35,10,34.0
SAB,3393,84050792,2026-07-05 21:00:00,Sun,21:00:00,35,10,34.0
SAB,3393,84050793,2026-07-05 21:30:00,Sun,21:30:00,33,8,32.0
SAB,3393,84050794,2026-07-05 22:00:00,Sun,22:00:00,23,-2,22.0
SAB,3393,84050795,2026-07-05 22:30:00,Sun,22:30:00,13,-3,13.0
SAB,3393,84050796,2026-07-05 23:00:00,Sun,23:00:00,5,-1,4.0
SAB,3393,84050797,2026-07-05 23:30:00,Sun,23:30:00,5,2,4.0
ALC,3393,83996366,2026-07-06 00:00:00,Mon,00:00:00,2,0,2.0
ALC,3393,83996367,2026-07-06 00:30:00,Mon,00:30:00,1,1,1.0
ALC,3393,83996368,2026-07-06 01:00:00,Mon,01:00:00,0,0,0.0
ALC,3393,83996369,2026-07-06 01:30:00,Mon,01:30:00,0,0,0.0
ALC,3393,83996370,2026-07-06 02:00:00,Mon,02:00:00,0,0,0.0
ALC,3393,83996371,2026-07-06 02:30:00,Mon,02:30:00,0,0,0.0
ALC,3393,83996372,2026-07-06 03:00:00,Mon,03:00:00,0,0,0.0
ALC,3393,83996373,2026-07-06 03:30:00,Mon,03:30:00,0,0,0.0
ALC,3393,83996374,2026-07-06 04:00:00,Mon,04:00:00,0,0,0.0
ALC,3393,83996375,2026-07-06 04:30:00,Mon,04:30:00,0,0,0.0
ALC,3393,83996376,2026-07-06 05:00:00,Mon,05:00:00,0,0,0.0
ALC,3393,83996377,2026-07-06 05:30:00,Mon,05:30:00,0,0,0.0
ALC,3393,83996378,2026-07-06 06:00:00,Mon,06:00:00,0,0,0.0
ALC,3393,83996379,2026-07-06 06:30:00,Mon,06:30:00,0,0,0.0
ALC,3393,83996380,2026-07-06 07:00:00,Mon,07:00:00,0,0,0.0
ALC,3393,83996381,2026-07-06 07:30:00,Mon,07:30:00,0,0,0.0
ALC,3393,83996382,2026-07-06 08:00:00,Mon,08:00:00,0,0,0.0
ALC,3393,83996383,2026-07-06 08:30:00,Mon,08:30:00,2,2,2.0
ALC,3393,83996384,2026-07-06 09:00:00,Mon,09:00:00,2,2,3.0
ALC,3393,83996385,2026-07-06 09:30:00,Mon,09:30:00,2,2,3.0
ALC,3393,83996386,2026-07-06 10:00:00,Mon,10:00:00,5,5,6.0
ALC,3393,83996387,2026-07-06 10:30:00,Mon,10:30:00,5,5,6.0
ALC,3393,83996388,2026-07-06 11:00:00,Mon,11:00:00,6,6,7.0
ALC,3393,83996389,2026-07-06 11:30:00,Mon,11:30:00,6,6,7.0
ALC,3393,83996390,2026-07-06 12:00:00,Mon,12:00:00,8,8,10.0
ALC,3393,83996391,2026-07-06 12:30:00,Mon,12:30:00,8,8,10.0
ALC,3393,83996392,2026-07-06 13:00:00,Mon,13:00:00,10,10,14.0
ALC,3393,83996393,2026-07-06 13:30:00,Mon,13:30:00,15,15,19.0
ALC,3393,83996394,2026-07-06 14:00:00,Mon,14:00:00,15,15,20.0
ALC,3393,83996395,2026-07-06 14:30:00,Mon,14:30:00,16,16,21.0
ALC,3393,83996396,2026-07-06 15:00:00,Mon,15:00:00,15,15,19.0
ALC,3393,83996397,2026-07-06 15:30:00,Mon,15:30:00,13,13,17.0
ALC,3393,83996398,2026-07-06 16:00:00,Mon,16:00:00,10,10,13.0
ALC,3393,83996399,2026-07-06 16:30:00,Mon,16:30:00,8,8,10.0
ALC,3393,83996400,2026-07-06 17:00:00,Mon,17:00:00,7,7,9.0
ALC,3393,83996401,2026-07-06 17:30:00,Mon,17:30:00,9,9,12.0
ALC,3393,83996402,2026-07-06 18:00:00,Mon,18:00:00,9,9,11.0
ALC,3393,83996403,2026-07-06 18:30:00,Mon,18:30:00,9,9,11.0
ALC,3393,83996404,2026-07-06 19:00:00,Mon,19:00:00,9,9,11.0
ALC,3393,83996405,2026-07-06 19:30:00,Mon,19:30:00,10,10,14.0
ALC,3393,83996406,2026-07-06 20:00:00,Mon,20:00:00,17,17,23.0
ALC,3393,83996407,2026-07-06 20:30:00,Mon,20:30:00,26,26,35.0
ALC,3393,83996408,2026-07-06 21:00:00,Mon,21:00:00,35,35,47.0
ALC,3393,83996409,2026-07-06 21:30:00,Mon,21:30:00,33,33,45.0
ALC,3393,83996410,2026-07-06 22:00:00,Mon,22:00:00,27,27,37.0
ALC,3393,83996411,2026-07-06 22:30:00,Mon,22:30:00,24,24,32.0
ALC,3393,83996412,2026-07-06 23:00:00,Mon,23:00:00,18,18,24.0
ALC,3393,83996413,2026-07-06 23:30:00,Mon,23:30:00,9,9,11.0
ALC,3393,83996414,2026-07-07 00:00:00,Tue,00:00:00,2,2,2.0
ALC,3393,83996415,2026-07-07 00:30:00,Tue,00:30:00,0,0,0.0
ALC,3393,83996416,2026-07-07 01:00:00,Tue,01:00:00,0,0,0.0
ALC,3393,83996417,2026-07-07 01:30:00,Tue,01:30:00,0,0,0.0
ALC,3393,83996418,2026-07-07 02:00:00,Tue,02:00:00,0,0,0.0
ALC,3393,83996419,2026-07-07 02:30:00,Tue,02:30:00,0,0,0.0
ALC,3393,83996420,2026-07-07 03:00:00,Tue,03:00:00,0,0,0.0
ALC,3393,83996421,2026-07-07 03:30:00,Tue,03:30:00,0,0,0.0
ALC,3393,83996422,2026-07-07 04:00:00,Tue,04:00:00,0,0,0.0
ALC,3393,83996423,2026-07-07 04:30:00,Tue,04:30:00,0,0,0.0
ALC,3393,83996424,2026-07-07 05:00:00,Tue,05:00:00,0,0,0.0
ALC,3393,83996425,2026-07-07 05:30:00,Tue,05:30:00,0,0,0.0
ALC,3393,83996426,2026-07-07 06:00:00,Tue,06:00:00,0,0,0.0
ALC,3393,83996427,2026-07-07 06:30:00,Tue,06:30:00,0,0,0.0
ALC,3393,83996428,2026-07-07 07:00:00,Tue,07:00:00,0,0,0.0
ALC,3393,83996429,2026-07-07 07:30:00,Tue,07:30:00,0,0,0.0
ALC,3393,83996430,2026-07-07 08:00:00,Tue,08:00:00,0,0,0.0
ALC,3393,83996431,2026-07-07 08:30:00,Tue,08:30:00,1,1,1.0
ALC,3393,83996432,2026-07-07 09:00:00,Tue,09:00:00,2,2,3.0
ALC,3393,83996433,2026-07-07 09:30:00,Tue,09:30:00,3,3,3.0
ALC,3393,83996434,2026-07-07 10:00:00,Tue,10:00:00,4,4,5.0
ALC,3393,83996435,2026-07-07 10:30:00,Tue,10:30:00,4,4,5.0
ALC,3393,83996436,2026-07-07 11:00:00,Tue,11:00:00,5,5,6.0
ALC,3393,83996437,2026-07-07 11:30:00,Tue,11:30:00,5,5,6.0
ALC,3393,83996438,2026-07-07 12:00:00,Tue,12:00:00,7,7,9.0
ALC,3393,83996439,2026-07-07 12:30:00,Tue,12:30:00,7,7,9.0
ALC,3393,83996440,2026-07-07 13:00:00,Tue,13:00:00,10,10,14.0
ALC,3393,83996441,2026-07-07 13:30:00,Tue,13:30:00,15,15,19.0
ALC,3393,83996442,2026-07-07 14:00:00,Tue,14:00:00,16,16,21.0
ALC,3393,83996443,2026-07-07 14:30:00,Tue,14:30:00,15,15,20.0
ALC,3393,83996444,2026-07-07 15:00:00,Tue,15:00:00,14,14,18.0
ALC,3393,83996445,2026-07-07 15:30:00,Tue,15:30:00,12,12,15.0
ALC,3393,83996446,2026-07-07 16:00:00,Tue,16:00:00,7,7,9.0
ALC,3393,83996447,2026-07-07 16:30:00,Tue,16:30:00,8,8,10.0
ALC,3393,83996448,2026-07-07 17:00:00,Tue,17:00:00,7,7,9.0
ALC,3393,83996449,2026-07-07 17:30:00,Tue,17:30:00,8,8,10.0
ALC,3393,83996450,2026-07-07 18:00:00,Tue,18:00:00,8,8,11.0
ALC,3393,83996451,2026-07-07 18:30:00,Tue,18:30:00,9,9,12.0
ALC,3393,83996452,2026-07-07 19:00:00,Tue,19:00:00,8,8,10.0
ALC,3393,83996453,2026-07-07 19:30:00,Tue,19:30:00,9,9,11.0
ALC,3393,83996454,2026-07-07 20:00:00,Tue,20:00:00,15,15,20.0
ALC,3393,83996455,2026-07-07 20:30:00,Tue,20:30:00,21,21,28.0
ALC,3393,83996456,2026-07-07 21:00:00,Tue,21:00:00,24,24,32.0
ALC,3393,83996457,2026-07-07 21:30:00,Tue,21:30:00,24,24,32.0
ALC,3393,83996458,2026-07-07 22:00:00,Tue,22:00:00,21,21,28.0
ALC,3393,83996459,2026-07-07 22:30:00,Tue,22:30:00,18,18,24.0
ALC,3393,83996460,2026-07-07 23:00:00,Tue,23:00:00,13,13,17.0
ALC,3393,83996461,2026-07-07 23:30:00,Tue,23:30:00,6,6,8.0
ALC,3393,83996462,2026-07-08 00:00:00,Wed,00:00:00,2,2,2.0
ALC,3393,83996463,2026-07-08 00:30:00,Wed,00:30:00,1,1,0.0
ALC,3393,83996464,2026-07-08 01:00:00,Wed,01:00:00,0,0,0.0
ALC,3393,83996465,2026-07-08 01:30:00,Wed,01:30:00,0,0,0.0
ALC,3393,83996466,2026-07-08 02:00:00,Wed,02:00:00,0,0,0.0
ALC,3393,83996467,2026-07-08 02:30:00,Wed,02:30:00,0,0,0.0
ALC,3393,83996468,2026-07-08 03:00:00,Wed,03:00:00,0,0,0.0
ALC,3393,83996469,2026-07-08 03:30:00,Wed,03:30:00,0,0,0.0
ALC,3393,83996470,2026-07-08 04:00:00,Wed,04:00:00,0,0,0.0
ALC,3393,83996471,2026-07-08 04:30:00,Wed,04:30:00,0,0,0.0
ALC,3393,83996472,2026-07-08 05:00:00,Wed,05:00:00,0,0,0.0
ALC,3393,83996473,2026-07-08 05:30:00,Wed,05:30:00,0,0,0.0
ALC,3393,83996474,2026-07-08 06:00:00,Wed,06:00:00,0,0,0.0
ALC,3393,83996475,2026-07-08 06:30:00,Wed,06:30:00,0,0,0.0
ALC,3393,83996476,2026-07-08 07:00:00,Wed,07:00:00,0,0,0.0
ALC,3393,83996477,2026-07-08 07:30:00,Wed,07:30:00,0,0,0.0
ALC,3393,83996478,2026-07-08 08:00:00,Wed,08:00:00,0,0,0.0
ALC,3393,83996479,2026-07-08 08:30:00,Wed,08:30:00,1,1,0.0
ALC,3393,83996480,2026-07-08 09:00:00,Wed,09:00:00,2,2,2.0
ALC,3393,83996481,2026-07-08 09:30:00,Wed,09:30:00,3,3,4.0
ALC,3393,83996482,2026-07-08 10:00:00,Wed,10:00:00,4,4,5.0
ALC,3393,83996483,2026-07-08 10:30:00,Wed,10:30:00,4,4,5.0
ALC,3393,83996484,2026-07-08 11:00:00,Wed,11:00:00,4,4,5.0
ALC,3393,83996485,2026-07-08 11:30:00,Wed,11:30:00,5,5,7.0
ALC,3393,83996486,2026-07-08 12:00:00,Wed,12:00:00,7,7,9.0
ALC,3393,83996487,2026-07-08 12:30:00,Wed,12:30:00,7,7,10.0
ALC,3393,83996488,2026-07-08 13:00:00,Wed,13:00:00,10,10,13.0
ALC,3393,83996489,2026-07-08 13:30:00,Wed,13:30:00,15,15,19.0
ALC,3393,83996490,2026-07-08 14:00:00,Wed,14:00:00,16,16,21.0
ALC,3393,83996491,2026-07-08 14:30:00,Wed,14:30:00,16,16,21.0
ALC,3393,83996492,2026-07-08 15:00:00,Wed,15:00:00,13,13,18.0
ALC,3393,83996493,2026-07-08 15:30:00,Wed,15:30:00,12,12,15.0
ALC,3393,83996494,2026-07-08 16:00:00,Wed,16:00:00,8,8,10.0
ALC,3393,83996495,2026-07-08 16:30:00,Wed,16:30:00,7,7,9.0
ALC,3393,83996496,2026-07-08 17:00:00,Wed,17:00:00,7,7,9.0
ALC,3393,83996497,2026-07-08 17:30:00,Wed,17:30:00,7,7,9.0
ALC,3393,83996498,2026-07-08 18:00:00,Wed,18:00:00,8,8,10.0
ALC,3393,83996499,2026-07-08 18:30:00,Wed,18:30:00,9,9,11.0
ALC,3393,83996500,2026-07-08 19:00:00,Wed,19:00:00,9,9,12.0
ALC,3393,83996501,2026-07-08 19:30:00,Wed,19:30:00,10,10,13.0
ALC,3393,83996502,2026-07-08 20:00:00,Wed,20:00:00,16,16,21.0
ALC,3393,83996503,2026-07-08 20:30:00,Wed,20:30:00,21,21,28.0
ALC,3393,83996504,2026-07-08 21:00:00,Wed,21:00:00,27,27,36.0
ALC,3393,83996505,2026-07-08 21:30:00,Wed,21:30:00,27,27,36.0
ALC,3393,83996506,2026-07-08 22:00:00,Wed,22:00:00,22,22,29.0
ALC,3393,83996507,2026-07-08 22:30:00,Wed,22:30:00,17,17,23.0
ALC,3393,83996508,2026-07-08 23:00:00,Wed,23:00:00,13,13,17.0
ALC,3393,83996509,2026-07-08 23:30:00,Wed,23:30:00,5,5,7.0
ALC,3393,83996510,2026-07-09 00:00:00,Thu,00:00:00,1,1,1.0
ALC,3393,83996511,2026-07-09 00:30:00,Thu,00:30:00,0,0,0.0
ALC,3393,83996512,2026-07-09 01:00:00,Thu,01:00:00,0,0,0.0
ALC,3393,83996513,2026-07-09 01:30:00,Thu,01:30:00,0,0,0.0
ALC,3393,83996514,2026-07-09 02:00:00,Thu,02:00:00,0,0,0.0
ALC,3393,83996515,2026-07-09 02:30:00,Thu,02:30:00,0,0,0.0
ALC,3393,83996516,2026-07-09 03:00:00,Thu,03:00:00,0,0,0.0
ALC,3393,83996517,2026-07-09 03:30:00,Thu,03:30:00,0,0,0.0
ALC,3393,83996518,2026-07-09 04:00:00,Thu,04:00:00,0,0,0.0
ALC,3393,83996519,2026-07-09 04:30:00,Thu,04:30:00,0,0,0.0
ALC,3393,83996520,2026-07-09 05:00:00,Thu,05:00:00,0,0,0.0
ALC,3393,83996521,2026-07-09 05:30:00,Thu,05:30:00,0,0,0.0
ALC,3393,83996522,2026-07-09 06:00:00,Thu,06:00:00,0,0,0.0
ALC,3393,83996523,2026-07-09 06:30:00,Thu,06:30:00,0,0,0.0
ALC,3393,83996524,2026-07-09 07:00:00,Thu,07:00:00,0,0,0.0
ALC,3393,83996525,2026-07-09 07:30:00,Thu,07:30:00,0,0,0.0
ALC,3393,83996526,2026-07-09 08:00:00,Thu,08:00:00,0,0,0.0
ALC,3393,83996527,2026-07-09 08:30:00,Thu,08:30:00,1,1,0.0
ALC,3393,83996528,2026-07-09 09:00:00,Thu,09:00:00,2,2,2.0
ALC,3393,83996529,2026-07-09 09:30:00,Thu,09:30:00,3,3,3.0
ALC,3393,83996530,2026-07-09 10:00:00,Thu,10:00:00,4,4,4.0
ALC,3393,83996531,2026-07-09 10:30:00,Thu,10:30:00,6,6,7.0
ALC,3393,83996532,2026-07-09 11:00:00,Thu,11:00:00,5,5,6.0
ALC,3393,83996533,2026-07-09 11:30:00,Thu,11:30:00,5,5,6.0
ALC,3393,83996534,2026-07-09 12:00:00,Thu,12:00:00,8,8,10.0
ALC,3393,83996535,2026-07-09 12:30:00,Thu,12:30:00,8,8,10.0
ALC,3393,83996536,2026-07-09 13:00:00,Thu,13:00:00,11,11,14.0
ALC,3393,83996537,2026-07-09 13:30:00,Thu,13:30:00,14,14,19.0
ALC,3393,83996538,2026-07-09 14:00:00,Thu,14:00:00,16,16,22.0
ALC,3393,83996539,2026-07-09 14:30:00,Thu,14:30:00,17,17,23.0
ALC,3393,83996540,2026-07-09 15:00:00,Thu,15:00:00,14,14,18.0
ALC,3393,83996541,2026-07-09 15:30:00,Thu,15:30:00,12,12,15.0
ALC,3393,83996542,2026-07-09 16:00:00,Thu,16:00:00,10,10,12.0
ALC,3393,83996543,2026-07-09 16:30:00,Thu,16:30:00,9,9,11.0
ALC,3393,83996544,2026-07-09 17:00:00,Thu,17:00:00,8,8,10.0
ALC,3393,83996545,2026-07-09 17:30:00,Thu,17:30:00,8,8,10.0
ALC,3393,83996546,2026-07-09 18:00:00,Thu,18:00:00,8,8,10.0
ALC,3393,83996547,2026-07-09 18:30:00,Thu,18:30:00,8,8,10.0
ALC,3393,83996548,2026-07-09 19:00:00,Thu,19:00:00,8,8,11.0
ALC,3393,83996549,2026-07-09 19:30:00,Thu,19:30:00,11,11,15.0
ALC,3393,83996550,2026-07-09 20:00:00,Thu,20:00:00,17,17,23.0
ALC,3393,83996551,2026-07-09 20:30:00,Thu,20:30:00,25,25,34.0
ALC,3393,83996552,2026-07-09 21:00:00,Thu,21:00:00,31,31,41.0
ALC,3393,83996553,2026-07-09 21:30:00,Thu,21:30:00,30,30,40.0
ALC,3393,83996554,2026-07-09 22:00:00,Thu,22:00:00,26,26,35.0
ALC,3393,83996555,2026-07-09 22:30:00,Thu,22:30:00,21,21,28.0
ALC,3393,83996556,2026-07-09 23:00:00,Thu,23:00:00,16,16,22.0
ALC,3393,83996557,2026-07-09 23:30:00,Thu,23:30:00,8,8,10.0
ALC,3393,83996558,2026-07-10 00:00:00,Fri,00:00:00,2,2,3.0
ALC,3393,83996559,2026-07-10 00:30:00,Fri,00:30:00,1,1,0.0
ALC,3393,83996560,2026-07-10 01:00:00,Fri,01:00:00,0,0,0.0
ALC,3393,83996561,2026-07-10 01:30:00,Fri,01:30:00,0,0,0.0
ALC,3393,84132786,2026-07-10 02:00:00,Fri,02:00:00,0,0,0.0
ALC,3393,84132787,2026-07-10 02:30:00,Fri,02:30:00,0,0,0.0
ALC,3393,84132788,2026-07-10 03:00:00,Fri,03:00:00,0,0,0.0
ALC,3393,84132789,2026-07-10 03:30:00,Fri,03:30:00,0,0,0.0
ALC,3393,84132790,2026-07-10 04:00:00,Fri,04:00:00,0,0,0.0
ALC,3393,84132791,2026-07-10 04:30:00,Fri,04:30:00,0,0,0.0
ALC,3393,84132792,2026-07-10 05:00:00,Fri,05:00:00,0,0,0.0
ALC,3393,84132793,2026-07-10 05:30:00,Fri,05:30:00,0,0,0.0
ALC,3393,84132794,2026-07-10 06:00:00,Fri,06:00:00,0,0,0.0
ALC,3393,84132795,2026-07-10 06:30:00,Fri,06:30:00,0,0,0.0
ALC,3393,84132796,2026-07-10 07:00:00,Fri,07:00:00,0,0,0.0
ALC,3393,84132797,2026-07-10 07:30:00,Fri,07:30:00,0,0,0.0
ALC,3393,84132798,2026-07-10 08:00:00,Fri,08:00:00,0,0,0.0
ALC,3393,84132799,2026-07-10 08:30:00,Fri,08:30:00,1,1,1.0
ALC,3393,84132800,2026-07-10 09:00:00,Fri,09:00:00,2,2,2.0
ALC,3393,84132801,2026-07-10 09:30:00,Fri,09:30:00,2,2,3.0
ALC,3393,84132802,2026-07-10 10:00:00,Fri,10:00:00,4,4,5.0
ALC,3393,84132803,2026-07-10 10:30:00,Fri,10:30:00,5,5,6.0
ALC,3393,84132804,2026-07-10 11:00:00,Fri,11:00:00,5,5,6.0
ALC,3393,84132805,2026-07-10 11:30:00,Fri,11:30:00,5,5,6.0
ALC,3393,84132806,2026-07-10 12:00:00,Fri,12:00:00,8,8,10.0
ALC,3393,84132807,2026-07-10 12:30:00,Fri,12:30:00,9,9,12.0
ALC,3393,84132808,2026-07-10 13:00:00,Fri,13:00:00,13,13,18.0
ALC,3393,84132809,2026-07-10 13:30:00,Fri,13:30:00,18,18,24.0
ALC,3393,84132810,2026-07-10 14:00:00,Fri,14:00:00,21,21,28.0
ALC,3393,84132811,2026-07-10 14:30:00,Fri,14:30:00,21,21,29.0
ALC,3393,84132812,2026-07-10 15:00:00,Fri,15:00:00,18,18,24.0
ALC,3393,84132813,2026-07-10 15:30:00,Fri,15:30:00,14,14,19.0
ALC,3393,84132814,2026-07-10 16:00:00,Fri,16:00:00,9,9,12.0
ALC,3393,84132815,2026-07-10 16:30:00,Fri,16:30:00,9,9,11.0
ALC,3393,84132816,2026-07-10 17:00:00,Fri,17:00:00,8,8,10.0
ALC,3393,84132817,2026-07-10 17:30:00,Fri,17:30:00,9,9,11.0
ALC,3393,84132818,2026-07-10 18:00:00,Fri,18:00:00,10,10,12.0
ALC,3393,84132819,2026-07-10 18:30:00,Fri,18:30:00,10,10,12.0
ALC,3393,84132820,2026-07-10 19:00:00,Fri,19:00:00,9,9,12.0
ALC,3393,84132821,2026-07-10 19:30:00,Fri,19:30:00,14,14,18.0
ALC,3393,84132822,2026-07-10 20:00:00,Fri,20:00:00,23,23,31.0
ALC,3393,84132823,2026-07-10 20:30:00,Fri,20:30:00,37,37,49.0
ALC,3393,84132824,2026-07-10 21:00:00,Fri,21:00:00,47,47,63.0
ALC,3393,84132825,2026-07-10 21:30:00,Fri,21:30:00,49,49,65.0
ALC,3393,84132826,2026-07-10 22:00:00,Fri,22:00:00,46,46,61.0
ALC,3393,84132827,2026-07-10 22:30:00,Fri,22:30:00,39,39,52.0
ALC,3393,84132828,2026-07-10 23:00:00,Fri,23:00:00,30,30,40.0
ALC,3393,84132829,2026-07-10 23:30:00,Fri,23:30:00,13,13,17.0
ALC,3393,84132830,2026-07-11 00:00:00,Sat,00:00:00,3,3,4.0
ALC,3393,84132831,2026-07-11 00:30:00,Sat,00:30:00,2,2,2.0
ALC,3393,84132832,2026-07-11 01:00:00,Sat,01:00:00,0,0,0.0
ALC,3393,84132833,2026-07-11 01:30:00,Sat,01:30:00,0,0,0.0
ALC,3393,84155682,2026-07-11 02:00:00,Sat,02:00:00,0,0,0.0
ALC,3393,84155683,2026-07-11 02:30:00,Sat,02:30:00,0,0,0.0
ALC,3393,84155684,2026-07-11 03:00:00,Sat,03:00:00,0,0,0.0
ALC,3393,84155685,2026-07-11 03:30:00,Sat,03:30:00,0,0,0.0
ALC,3393,84155686,2026-07-11 04:00:00,Sat,04:00:00,0,0,0.0
ALC,3393,84155687,2026-07-11 04:30:00,Sat,04:30:00,0,0,0.0
ALC,3393,84155688,2026-07-11 05:00:00,Sat,05:00:00,0,0,0.0
ALC,3393,84155689,2026-07-11 05:30:00,Sat,05:30:00,0,0,0.0
ALC,3393,84155690,2026-07-11 06:00:00,Sat,06:00:00,0,0,0.0
ALC,3393,84155691,2026-07-11 06:30:00,Sat,06:30:00,0,0,0.0
ALC,3393,84155692,2026-07-11 07:00:00,Sat,07:00:00,0,0,0.0
ALC,3393,84155693,2026-07-11 07:30:00,Sat,07:30:00,0,0,0.0
ALC,3393,84155694,2026-07-11 08:00:00,Sat,08:00:00,1,1,0.0
ALC,3393,84155695,2026-07-11 08:30:00,Sat,08:30:00,1,1,1.0
ALC,3393,84155696,2026-07-11 09:00:00,Sat,09:00:00,3,3,3.0
ALC,3393,84155697,2026-07-11 09:30:00,Sat,09:30:00,3,3,4.0
ALC,3393,84155698,2026-07-11 10:00:00,Sat,10:00:00,6,6,8.0
ALC,3393,84155699,2026-07-11 10:30:00,Sat,10:30:00,7,7,9.0
ALC,3393,84155700,2026-07-11 11:00:00,Sat,11:00:00,6,6,7.0
ALC,3393,84155701,2026-07-11 11:30:00,Sat,11:30:00,7,7,9.0
ALC,3393,84155702,2026-07-11 12:00:00,Sat,12:00:00,9,9,12.0
ALC,3393,84155703,2026-07-11 12:30:00,Sat,12:30:00,10,10,13.0
ALC,3393,84155704,2026-07-11 13:00:00,Sat,13:00:00,16,16,21.0
ALC,3393,84155705,2026-07-11 13:30:00,Sat,13:30:00,25,25,33.0
ALC,3393,84155706,2026-07-11 14:00:00,Sat,14:00:00,29,29,39.0
ALC,3393,84155707,2026-07-11 14:30:00,Sat,14:30:00,29,29,39.0
ALC,3393,84155708,2026-07-11 15:00:00,Sat,15:00:00,21,21,28.0
ALC,3393,84155709,2026-07-11 15:30:00,Sat,15:30:00,15,15,20.0
ALC,3393,84155710,2026-07-11 16:00:00,Sat,16:00:00,14,14,18.0
ALC,3393,84155711,2026-07-11 16:30:00,Sat,16:30:00,11,11,15.0
ALC,3393,84155712,2026-07-11 17:00:00,Sat,17:00:00,9,9,12.0
ALC,3393,84155713,2026-07-11 17:30:00,Sat,17:30:00,9,9,12.0
ALC,3393,84155714,2026-07-11 18:00:00,Sat,18:00:00,11,11,14.0
ALC,3393,84155715,2026-07-11 18:30:00,Sat,18:30:00,10,10,14.0
ALC,3393,84155716,2026-07-11 19:00:00,Sat,19:00:00,10,10,13.0
ALC,3393,84155717,2026-07-11 19:30:00,Sat,19:30:00,12,12,16.0
ALC,3393,84155718,2026-07-11 20:00:00,Sat,20:00:00,19,19,26.0
ALC,3393,84155719,2026-07-11 20:30:00,Sat,20:30:00,30,30,41.0
ALC,3393,84155720,2026-07-11 21:00:00,Sat,21:00:00,42,42,56.0
ALC,3393,84155721,2026-07-11 21:30:00,Sat,21:30:00,43,43,58.0
ALC,3393,84155722,2026-07-11 22:00:00,Sat,22:00:00,41,41,55.0
ALC,3393,84155723,2026-07-11 22:30:00,Sat,22:30:00,35,35,47.0
ALC,3393,84155724,2026-07-11 23:00:00,Sat,23:00:00,28,28,37.0
ALC,3393,84155725,2026-07-11 23:30:00,Sat,23:30:00,15,15,19.0
ALC,3393,84155726,2026-07-12 00:00:00,Sun,00:00:00,3,3,4.0
ALC,3393,84155727,2026-07-12 00:30:00,Sun,00:30:00,2,2,3.0
ALC,3393,84155728,2026-07-12 01:00:00,Sun,01:00:00,0,0,0.0
ALC,3393,84155729,2026-07-12 01:30:00,Sun,01:30:00,0,0,0.0
ALC,3393,84190626,2026-07-12 02:00:00,Sun,02:00:00,0,0,0.0
ALC,3393,84190627,2026-07-12 02:30:00,Sun,02:30:00,0,0,0.0
ALC,3393,84190628,2026-07-12 03:00:00,Sun,03:00:00,0,0,0.0
ALC,3393,84190629,2026-07-12 03:30:00,Sun,03:30:00,0,0,0.0
ALC,3393,84190630,2026-07-12 04:00:00,Sun,04:00:00,0,0,0.0
ALC,3393,84190631,2026-07-12 04:30:00,Sun,04:30:00,0,0,0.0
ALC,3393,84190632,2026-07-12 05:00:00,Sun,05:00:00,0,0,0.0
ALC,3393,84190633,2026-07-12 05:30:00,Sun,05:30:00,0,0,0.0
ALC,3393,84190634,2026-07-12 06:00:00,Sun,06:00:00,0,0,0.0
ALC,3393,84190635,2026-07-12 06:30:00,Sun,06:30:00,0,0,0.0
ALC,3393,84190636,2026-07-12 07:00:00,Sun,07:00:00,0,0,0.0
ALC,3393,84190637,2026-07-12 07:30:00,Sun,07:30:00,0,0,0.0
ALC,3393,84190638,2026-07-12 08:00:00,Sun,08:00:00,1,1,0.0
ALC,3393,84190639,2026-07-12 08:30:00,Sun,08:30:00,1,1,1.0
ALC,3393,84190640,2026-07-12 09:00:00,Sun,09:00:00,4,4,5.0
ALC,3393,84190641,2026-07-12 09:30:00,Sun,09:30:00,4,4,4.0
ALC,3393,84190642,2026-07-12 10:00:00,Sun,10:00:00,5,5,7.0
ALC,3393,84190643,2026-07-12 10:30:00,Sun,10:30:00,6,6,7.0
ALC,3393,84190644,2026-07-12 11:00:00,Sun,11:00:00,6,6,7.0
ALC,3393,84190645,2026-07-12 11:30:00,Sun,11:30:00,7,7,9.0
ALC,3393,84190646,2026-07-12 12:00:00,Sun,12:00:00,9,9,12.0
ALC,3393,84190647,2026-07-12 12:30:00,Sun,12:30:00,11,11,15.0
ALC,3393,84190648,2026-07-12 13:00:00,Sun,13:00:00,19,19,26.0
ALC,3393,84190649,2026-07-12 13:30:00,Sun,13:30:00,32,32,43.0
ALC,3393,84190650,2026-07-12 14:00:00,Sun,14:00:00,41,41,55.0
ALC,3393,84190651,2026-07-12 14:30:00,Sun,14:30:00,40,40,54.0
ALC,3393,84190652,2026-07-12 15:00:00,Sun,15:00:00,31,31,42.0
ALC,3393,84190653,2026-07-12 15:30:00,Sun,15:30:00,21,21,28.0
ALC,3393,84190654,2026-07-12 16:00:00,Sun,16:00:00,15,15,20.0
ALC,3393,84190655,2026-07-12 16:30:00,Sun,16:30:00,13,13,17.0
ALC,3393,84190656,2026-07-12 17:00:00,Sun,17:00:00,12,12,16.0
ALC,3393,84190657,2026-07-12 17:30:00,Sun,17:30:00,11,11,15.0
ALC,3393,84190658,2026-07-12 18:00:00,Sun,18:00:00,12,12,16.0
ALC,3393,84190659,2026-07-12 18:30:00,Sun,18:30:00,14,14,18.0
ALC,3393,84190660,2026-07-12 19:00:00,Sun,19:00:00,15,15,20.0
ALC,3393,84190661,2026-07-12 19:30:00,Sun,19:30:00,19,19,26.0
ALC,3393,84190662,2026-07-12 20:00:00,Sun,20:00:00,31,31,41.0
ALC,3393,84190663,2026-07-12 20:30:00,Sun,20:30:00,46,46,62.0
ALC,3393,84190664,2026-07-12 21:00:00,Sun,21:00:00,53,53,71.0
ALC,3393,84190665,2026-07-12 21:30:00,Sun,21:30:00,51,51,68.0
ALC,3393,84190666,2026-07-12 22:00:00,Sun,22:00:00,42,42,57.0
ALC,3393,84190667,2026-07-12 22:30:00,Sun,22:30:00,30,30,40.0
ALC,3393,84190668,2026-07-12 23:00:00,Sun,23:00:00,18,18,23.0
ALC,3393,84190669,2026-07-12 23:30:00,Sun,23:30:00,8,8,11.0
GRA,3393,84023918,2026-07-06 00:00:00,Mon,00:00:00,2,-1,2.0
GRA,3393,84023919,2026-07-06 00:30:00,Mon,00:30:00,2,0,2.0
GRA,3393,84023920,2026-07-06 01:00:00,Mon,01:00:00,0,0,0.0
GRA,3393,84023921,2026-07-06 01:30:00,Mon,01:30:00,0,0,0.0
GRA,3393,84023922,2026-07-06 02:00:00,Mon,02:00:00,0,0,0.0
GRA,3393,84023923,2026-07-06 02:30:00,Mon,02:30:00,0,0,0.0
GRA,3393,84023924,2026-07-06 03:00:00,Mon,03:00:00,0,0,0.0
GRA,3393,84023925,2026-07-06 03:30:00,Mon,03:30:00,0,0,0.0
GRA,3393,84023926,2026-07-06 04:00:00,Mon,04:00:00,0,0,0.0
GRA,3393,84023927,2026-07-06 04:30:00,Mon,04:30:00,0,0,0.0
GRA,3393,84023928,2026-07-06 05:00:00,Mon,05:00:00,0,0,0.0
GRA,3393,84023929,2026-07-06 05:30:00,Mon,05:30:00,0,0,0.0
GRA,3393,84023930,2026-07-06 06:00:00,Mon,06:00:00,0,0,0.0
GRA,3393,84023931,2026-07-06 06:30:00,Mon,06:30:00,0,0,0.0
GRA,3393,84023932,2026-07-06 07:00:00,Mon,07:00:00,0,0,0.0
GRA,3393,84023933,2026-07-06 07:30:00,Mon,07:30:00,0,0,0.0
GRA,3393,84023934,2026-07-06 08:00:00,Mon,08:00:00,0,0,0.0
GRA,3393,84023935,2026-07-06 08:30:00,Mon,08:30:00,1,1,0.0
GRA,3393,84023936,2026-07-06 09:00:00,Mon,09:00:00,1,1,1.0
GRA,3393,84023937,2026-07-06 09:30:00,Mon,09:30:00,2,2,1.0
GRA,3393,84023938,2026-07-06 10:00:00,Mon,10:00:00,3,3,2.0
GRA,3393,84023939,2026-07-06 10:30:00,Mon,10:30:00,3,3,3.0
GRA,3393,84023940,2026-07-06 11:00:00,Mon,11:00:00,3,3,3.0
GRA,3393,84023941,2026-07-06 11:30:00,Mon,11:30:00,4,4,3.0
GRA,3393,84023942,2026-07-06 12:00:00,Mon,12:00:00,4,4,4.0
GRA,3393,84023943,2026-07-06 12:30:00,Mon,12:30:00,4,4,4.0
GRA,3393,84023944,2026-07-06 13:00:00,Mon,13:00:00,7,7,7.0
GRA,3393,84023945,2026-07-06 13:30:00,Mon,13:30:00,11,11,12.0
GRA,3393,84023946,2026-07-06 14:00:00,Mon,14:00:00,14,14,15.0
GRA,3393,84023947,2026-07-06 14:30:00,Mon,14:30:00,14,14,16.0
GRA,3393,84023948,2026-07-06 15:00:00,Mon,15:00:00,12,12,13.0
GRA,3393,84023949,2026-07-06 15:30:00,Mon,15:30:00,8,8,8.0
GRA,3393,84023950,2026-07-06 16:00:00,Mon,16:00:00,6,6,7.0
GRA,3393,84023951,2026-07-06 16:30:00,Mon,16:30:00,6,6,6.0
GRA,3393,84023952,2026-07-06 17:00:00,Mon,17:00:00,5,5,5.0
GRA,3393,84023953,2026-07-06 17:30:00,Mon,17:30:00,5,5,6.0
GRA,3393,84023954,2026-07-06 18:00:00,Mon,18:00:00,6,6,7.0
GRA,3393,84023955,2026-07-06 18:30:00,Mon,18:30:00,7,7,8.0
GRA,3393,84023956,2026-07-06 19:00:00,Mon,19:00:00,8,8,9.0
GRA,3393,84023957,2026-07-06 19:30:00,Mon,19:30:00,8,8,9.0
GRA,3393,84023958,2026-07-06 20:00:00,Mon,20:00:00,13,13,14.0
GRA,3393,84023959,2026-07-06 20:30:00,Mon,20:30:00,21,21,23.0
GRA,3393,84023960,2026-07-06 21:00:00,Mon,21:00:00,26,26,29.0
GRA,3393,84023961,2026-07-06 21:30:00,Mon,21:30:00,29,29,32.0
GRA,3393,84023962,2026-07-06 22:00:00,Mon,22:00:00,27,27,30.0
GRA,3393,84023963,2026-07-06 22:30:00,Mon,22:30:00,21,21,23.0
GRA,3393,84023964,2026-07-06 23:00:00,Mon,23:00:00,14,14,15.0
GRA,3393,84023965,2026-07-06 23:30:00,Mon,23:30:00,9,9,9.0
GRA,3393,84023966,2026-07-07 00:00:00,Tue,00:00:00,2,2,1.0
GRA,3393,84023967,2026-07-07 00:30:00,Tue,00:30:00,1,1,1.0
GRA,3393,84023968,2026-07-07 01:00:00,Tue,01:00:00,0,0,0.0
GRA,3393,84023969,2026-07-07 01:30:00,Tue,01:30:00,0,0,0.0
GRA,3393,84023970,2026-07-07 02:00:00,Tue,02:00:00,0,0,0.0
GRA,3393,84023971,2026-07-07 02:30:00,Tue,02:30:00,0,0,0.0
GRA,3393,84023972,2026-07-07 03:00:00,Tue,03:00:00,0,0,0.0
GRA,3393,84023973,2026-07-07 03:30:00,Tue,03:30:00,0,0,0.0
GRA,3393,84023974,2026-07-07 04:00:00,Tue,04:00:00,0,0,0.0
GRA,3393,84023975,2026-07-07 04:30:00,Tue,04:30:00,0,0,0.0
GRA,3393,84023976,2026-07-07 05:00:00,Tue,05:00:00,0,0,0.0
GRA,3393,84023977,2026-07-07 05:30:00,Tue,05:30:00,0,0,0.0
GRA,3393,84023978,2026-07-07 06:00:00,Tue,06:00:00,0,0,0.0
GRA,3393,84023979,2026-07-07 06:30:00,Tue,06:30:00,0,0,0.0
GRA,3393,84023980,2026-07-07 07:00:00,Tue,07:00:00,0,0,0.0
GRA,3393,84023981,2026-07-07 07:30:00,Tue,07:30:00,0,0,0.0
GRA,3393,84023982,2026-07-07 08:00:00,Tue,08:00:00,0,0,0.0
GRA,3393,84023983,2026-07-07 08:30:00,Tue,08:30:00,1,1,0.0
GRA,3393,84023984,2026-07-07 09:00:00,Tue,09:00:00,1,1,1.0
GRA,3393,84023985,2026-07-07 09:30:00,Tue,09:30:00,1,1,1.0
GRA,3393,84023986,2026-07-07 10:00:00,Tue,10:00:00,1,1,1.0
GRA,3393,84023987,2026-07-07 10:30:00,Tue,10:30:00,3,3,2.0
GRA,3393,84023988,2026-07-07 11:00:00,Tue,11:00:00,3,3,2.0
GRA,3393,84023989,2026-07-07 11:30:00,Tue,11:30:00,4,4,3.0
GRA,3393,84023990,2026-07-07 12:00:00,Tue,12:00:00,4,4,4.0
GRA,3393,84023991,2026-07-07 12:30:00,Tue,12:30:00,4,4,4.0
GRA,3393,84023992,2026-07-07 13:00:00,Tue,13:00:00,6,6,6.0
GRA,3393,84023993,2026-07-07 13:30:00,Tue,13:30:00,9,9,10.0
GRA,3393,84023994,2026-07-07 14:00:00,Tue,14:00:00,13,13,14.0
GRA,3393,84023995,2026-07-07 14:30:00,Tue,14:30:00,14,14,15.0
GRA,3393,84023996,2026-07-07 15:00:00,Tue,15:00:00,11,11,12.0
GRA,3393,84023997,2026-07-07 15:30:00,Tue,15:30:00,8,8,9.0
GRA,3393,84023998,2026-07-07 16:00:00,Tue,16:00:00,6,6,6.0
GRA,3393,84023999,2026-07-07 16:30:00,Tue,16:30:00,6,6,6.0
GRA,3393,84024000,2026-07-07 17:00:00,Tue,17:00:00,5,5,5.0
GRA,3393,84024001,2026-07-07 17:30:00,Tue,17:30:00,6,6,6.0
GRA,3393,84024002,2026-07-07 18:00:00,Tue,18:00:00,8,8,8.0
GRA,3393,84024003,2026-07-07 18:30:00,Tue,18:30:00,7,7,7.0
GRA,3393,84024004,2026-07-07 19:00:00,Tue,19:00:00,7,7,7.0
GRA,3393,84024005,2026-07-07 19:30:00,Tue,19:30:00,7,7,7.0
GRA,3393,84024006,2026-07-07 20:00:00,Tue,20:00:00,12,12,12.0
GRA,3393,84024007,2026-07-07 20:30:00,Tue,20:30:00,17,17,18.0
GRA,3393,84024008,2026-07-07 21:00:00,Tue,21:00:00,23,23,25.0
GRA,3393,84024009,2026-07-07 21:30:00,Tue,21:30:00,24,24,27.0
GRA,3393,84024010,2026-07-07 22:00:00,Tue,22:00:00,22,22,24.0
GRA,3393,84024011,2026-07-07 22:30:00,Tue,22:30:00,18,18,20.0
GRA,3393,84024012,2026-07-07 23:00:00,Tue,23:00:00,11,11,12.0
GRA,3393,84024013,2026-07-07 23:30:00,Tue,23:30:00,7,7,7.0
GRA,3393,84024014,2026-07-08 00:00:00,Wed,00:00:00,2,2,2.0
GRA,3393,84024015,2026-07-08 00:30:00,Wed,00:30:00,1,1,1.0
GRA,3393,84024016,2026-07-08 01:00:00,Wed,01:00:00,0,0,0.0
GRA,3393,84024017,2026-07-08 01:30:00,Wed,01:30:00,0,0,0.0
GRA,3393,84024018,2026-07-08 02:00:00,Wed,02:00:00,0,0,0.0
GRA,3393,84024019,2026-07-08 02:30:00,Wed,02:30:00,0,0,0.0
GRA,3393,84024020,2026-07-08 03:00:00,Wed,03:00:00,0,0,0.0
GRA,3393,84024021,2026-07-08 03:30:00,Wed,03:30:00,0,0,0.0
GRA,3393,84024022,2026-07-08 04:00:00,Wed,04:00:00,0,0,0.0
GRA,3393,84024023,2026-07-08 04:30:00,Wed,04:30:00,0,0,0.0
GRA,3393,84024024,2026-07-08 05:00:00,Wed,05:00:00,0,0,0.0
GRA,3393,84024025,2026-07-08 05:30:00,Wed,05:30:00,0,0,0.0
GRA,3393,84024026,2026-07-08 06:00:00,Wed,06:00:00,0,0,0.0
GRA,3393,84024027,2026-07-08 06:30:00,Wed,06:30:00,0,0,0.0
GRA,3393,84024028,2026-07-08 07:00:00,Wed,07:00:00,0,0,0.0
GRA,3393,84024029,2026-07-08 07:30:00,Wed,07:30:00,0,0,0.0
GRA,3393,84024030,2026-07-08 08:00:00,Wed,08:00:00,0,0,0.0
GRA,3393,84024031,2026-07-08 08:30:00,Wed,08:30:00,1,1,0.0
GRA,3393,84024032,2026-07-08 09:00:00,Wed,09:00:00,1,1,0.0
GRA,3393,84024033,2026-07-08 09:30:00,Wed,09:30:00,1,1,1.0
GRA,3393,84024034,2026-07-08 10:00:00,Wed,10:00:00,2,2,2.0
GRA,3393,84024035,2026-07-08 10:30:00,Wed,10:30:00,3,3,3.0
GRA,3393,84024036,2026-07-08 11:00:00,Wed,11:00:00,2,2,2.0
GRA,3393,84024037,2026-07-08 11:30:00,Wed,11:30:00,2,2,2.0
GRA,3393,84024038,2026-07-08 12:00:00,Wed,12:00:00,3,3,3.0
GRA,3393,84024039,2026-07-08 12:30:00,Wed,12:30:00,3,3,3.0
GRA,3393,84024040,2026-07-08 13:00:00,Wed,13:00:00,7,7,7.0
GRA,3393,84024041,2026-07-08 13:30:00,Wed,13:30:00,11,11,12.0
GRA,3393,84024042,2026-07-08 14:00:00,Wed,14:00:00,14,14,15.0
GRA,3393,84024043,2026-07-08 14:30:00,Wed,14:30:00,13,13,14.0
GRA,3393,84024044,2026-07-08 15:00:00,Wed,15:00:00,11,11,12.0
GRA,3393,84024045,2026-07-08 15:30:00,Wed,15:30:00,8,8,8.0
GRA,3393,84024046,2026-07-08 16:00:00,Wed,16:00:00,6,6,6.0
GRA,3393,84024047,2026-07-08 16:30:00,Wed,16:30:00,5,5,6.0
GRA,3393,84024048,2026-07-08 17:00:00,Wed,17:00:00,5,5,5.0
GRA,3393,84024049,2026-07-08 17:30:00,Wed,17:30:00,5,5,5.0
GRA,3393,84024050,2026-07-08 18:00:00,Wed,18:00:00,6,6,6.0
GRA,3393,84024051,2026-07-08 18:30:00,Wed,18:30:00,7,7,7.0
GRA,3393,84024052,2026-07-08 19:00:00,Wed,19:00:00,7,7,7.0
GRA,3393,84024053,2026-07-08 19:30:00,Wed,19:30:00,7,7,7.0
GRA,3393,84024054,2026-07-08 20:00:00,Wed,20:00:00,9,9,10.0
GRA,3393,84024055,2026-07-08 20:30:00,Wed,20:30:00,14,14,15.0
GRA,3393,84024056,2026-07-08 21:00:00,Wed,21:00:00,19,19,21.0
GRA,3393,84024057,2026-07-08 21:30:00,Wed,21:30:00,20,20,22.0
GRA,3393,84024058,2026-07-08 22:00:00,Wed,22:00:00,21,21,23.0
GRA,3393,84024059,2026-07-08 22:30:00,Wed,22:30:00,17,17,18.0
GRA,3393,84024060,2026-07-08 23:00:00,Wed,23:00:00,11,11,12.0
GRA,3393,84024061,2026-07-08 23:30:00,Wed,23:30:00,6,6,7.0
GRA,3393,84024062,2026-07-09 00:00:00,Thu,00:00:00,2,2,2.0
GRA,3393,84024063,2026-07-09 00:30:00,Thu,00:30:00,2,2,1.0
GRA,3393,84024064,2026-07-09 01:00:00,Thu,01:00:00,0,0,0.0
GRA,3393,84024065,2026-07-09 01:30:00,Thu,01:30:00,0,0,0.0
GRA,3393,84024066,2026-07-09 02:00:00,Thu,02:00:00,0,0,0.0
GRA,3393,84024067,2026-07-09 02:30:00,Thu,02:30:00,0,0,0.0
GRA,3393,84024068,2026-07-09 03:00:00,Thu,03:00:00,0,0,0.0
GRA,3393,84024069,2026-07-09 03:30:00,Thu,03:30:00,0,0,0.0
GRA,3393,84024070,2026-07-09 04:00:00,Thu,04:00:00,0,0,0.0
GRA,3393,84024071,2026-07-09 04:30:00,Thu,04:30:00,0,0,0.0
GRA,3393,84024072,2026-07-09 05:00:00,Thu,05:00:00,0,0,0.0
GRA,3393,84024073,2026-07-09 05:30:00,Thu,05:30:00,0,0,0.0
GRA,3393,84024074,2026-07-09 06:00:00,Thu,06:00:00,0,0,0.0
GRA,3393,84024075,2026-07-09 06:30:00,Thu,06:30:00,0,0,0.0
GRA,3393,84024076,2026-07-09 07:00:00,Thu,07:00:00,0,0,0.0
GRA,3393,84024077,2026-07-09 07:30:00,Thu,07:30:00,0,0,0.0
GRA,3393,84024078,2026-07-09 08:00:00,Thu,08:00:00,0,0,0.0
GRA,3393,84024079,2026-07-09 08:30:00,Thu,08:30:00,1,1,0.0
GRA,3393,84024080,2026-07-09 09:00:00,Thu,09:00:00,1,1,0.0
GRA,3393,84024081,2026-07-09 09:30:00,Thu,09:30:00,1,1,1.0
GRA,3393,84024082,2026-07-09 10:00:00,Thu,10:00:00,2,2,2.0
GRA,3393,84024083,2026-07-09 10:30:00,Thu,10:30:00,3,3,3.0
GRA,3393,84024084,2026-07-09 11:00:00,Thu,11:00:00,3,3,2.0
GRA,3393,84024085,2026-07-09 11:30:00,Thu,11:30:00,3,3,2.0
GRA,3393,84024086,2026-07-09 12:00:00,Thu,12:00:00,4,4,4.0
GRA,3393,84024087,2026-07-09 12:30:00,Thu,12:30:00,4,4,4.0
GRA,3393,84024088,2026-07-09 13:00:00,Thu,13:00:00,6,6,7.0
GRA,3393,84024089,2026-07-09 13:30:00,Thu,13:30:00,11,11,12.0
GRA,3393,84024090,2026-07-09 14:00:00,Thu,14:00:00,15,15,16.0
GRA,3393,84024091,2026-07-09 14:30:00,Thu,14:30:00,15,15,16.0
GRA,3393,84024092,2026-07-09 15:00:00,Thu,15:00:00,12,12,13.0
GRA,3393,84024093,2026-07-09 15:30:00,Thu,15:30:00,8,8,8.0
GRA,3393,84024094,2026-07-09 16:00:00,Thu,16:00:00,6,6,6.0
GRA,3393,84024095,2026-07-09 16:30:00,Thu,16:30:00,5,5,5.0
GRA,3393,84024096,2026-07-09 17:00:00,Thu,17:00:00,5,5,5.0
GRA,3393,84024097,2026-07-09 17:30:00,Thu,17:30:00,5,5,5.0
GRA,3393,84024098,2026-07-09 18:00:00,Thu,18:00:00,6,6,6.0
GRA,3393,84024099,2026-07-09 18:30:00,Thu,18:30:00,6,6,7.0
GRA,3393,84024100,2026-07-09 19:00:00,Thu,19:00:00,7,7,7.0
GRA,3393,84024101,2026-07-09 19:30:00,Thu,19:30:00,7,7,7.0
GRA,3393,84024102,2026-07-09 20:00:00,Thu,20:00:00,10,10,11.0
GRA,3393,84024103,2026-07-09 20:30:00,Thu,20:30:00,16,16,17.0
GRA,3393,84024104,2026-07-09 21:00:00,Thu,21:00:00,23,23,26.0
GRA,3393,84024105,2026-07-09 21:30:00,Thu,21:30:00,27,27,30.0
GRA,3393,84024106,2026-07-09 22:00:00,Thu,22:00:00,26,26,29.0
GRA,3393,84024107,2026-07-09 22:30:00,Thu,22:30:00,20,20,22.0
GRA,3393,84024108,2026-07-09 23:00:00,Thu,23:00:00,12,12,13.0
GRA,3393,84024109,2026-07-09 23:30:00,Thu,23:30:00,7,7,7.0
GRA,3393,84024110,2026-07-10 00:00:00,Fri,00:00:00,3,3,2.0
GRA,3393,84024111,2026-07-10 00:30:00,Fri,00:30:00,1,1,1.0
GRA,3393,84024112,2026-07-10 01:00:00,Fri,01:00:00,0,0,0.0
GRA,3393,84024113,2026-07-10 01:30:00,Fri,01:30:00,0,0,0.0
GRA,3393,84126594,2026-07-10 02:00:00,Fri,02:00:00,0,0,0.0
GRA,3393,84126595,2026-07-10 02:30:00,Fri,02:30:00,0,0,0.0
GRA,3393,84126596,2026-07-10 03:00:00,Fri,03:00:00,0,0,0.0
GRA,3393,84126597,2026-07-10 03:30:00,Fri,03:30:00,0,0,0.0
GRA,3393,84126598,2026-07-10 04:00:00,Fri,04:00:00,0,0,0.0
GRA,3393,84126599,2026-07-10 04:30:00,Fri,04:30:00,0,0,0.0
GRA,3393,84126600,2026-07-10 05:00:00,Fri,05:00:00,0,0,0.0
GRA,3393,84126601,2026-07-10 05:30:00,Fri,05:30:00,0,0,0.0
GRA,3393,84126602,2026-07-10 06:00:00,Fri,06:00:00,0,0,0.0
GRA,3393,84126603,2026-07-10 06:30:00,Fri,06:30:00,0,0,0.0
GRA,3393,84126604,2026-07-10 07:00:00,Fri,07:00:00,0,0,0.0
GRA,3393,84126605,2026-07-10 07:30:00,Fri,07:30:00,0,0,0.0
GRA,3393,84126606,2026-07-10 08:00:00,Fri,08:00:00,0,0,0.0
GRA,3393,84126607,2026-07-10 08:30:00,Fri,08:30:00,1,1,0.0
GRA,3393,84126608,2026-07-10 09:00:00,Fri,09:00:00,1,1,0.0
GRA,3393,84126609,2026-07-10 09:30:00,Fri,09:30:00,1,1,1.0
GRA,3393,84126610,2026-07-10 10:00:00,Fri,10:00:00,3,3,3.0
GRA,3393,84126611,2026-07-10 10:30:00,Fri,10:30:00,2,2,2.0
GRA,3393,84126612,2026-07-10 11:00:00,Fri,11:00:00,3,3,2.0
GRA,3393,84126613,2026-07-10 11:30:00,Fri,11:30:00,3,3,3.0
GRA,3393,84126614,2026-07-10 12:00:00,Fri,12:00:00,4,4,4.0
GRA,3393,84126615,2026-07-10 12:30:00,Fri,12:30:00,4,4,4.0
GRA,3393,84126616,2026-07-10 13:00:00,Fri,13:00:00,8,8,8.0
GRA,3393,84126617,2026-07-10 13:30:00,Fri,13:30:00,13,13,14.0
GRA,3393,84126618,2026-07-10 14:00:00,Fri,14:00:00,18,18,20.0
GRA,3393,84126619,2026-07-10 14:30:00,Fri,14:30:00,21,21,23.0
GRA,3393,84126620,2026-07-10 15:00:00,Fri,15:00:00,18,18,20.0
GRA,3393,84126621,2026-07-10 15:30:00,Fri,15:30:00,12,12,13.0
GRA,3393,84126622,2026-07-10 16:00:00,Fri,16:00:00,8,8,8.0
GRA,3393,84126623,2026-07-10 16:30:00,Fri,16:30:00,7,7,7.0
GRA,3393,84126624,2026-07-10 17:00:00,Fri,17:00:00,6,6,6.0
GRA,3393,84126625,2026-07-10 17:30:00,Fri,17:30:00,7,7,7.0
GRA,3393,84126626,2026-07-10 18:00:00,Fri,18:00:00,7,7,7.0
GRA,3393,84126627,2026-07-10 18:30:00,Fri,18:30:00,8,8,8.0
GRA,3393,84126628,2026-07-10 19:00:00,Fri,19:00:00,8,8,8.0
GRA,3393,84126629,2026-07-10 19:30:00,Fri,19:30:00,8,8,9.0
GRA,3393,84126630,2026-07-10 20:00:00,Fri,20:00:00,13,13,14.0
GRA,3393,84126631,2026-07-10 20:30:00,Fri,20:30:00,23,23,25.0
GRA,3393,84126632,2026-07-10 21:00:00,Fri,21:00:00,29,29,33.0
GRA,3393,84126633,2026-07-10 21:30:00,Fri,21:30:00,33,33,37.0
GRA,3393,84126634,2026-07-10 22:00:00,Fri,22:00:00,33,33,36.0
GRA,3393,84126635,2026-07-10 22:30:00,Fri,22:30:00,28,28,31.0
GRA,3393,84126636,2026-07-10 23:00:00,Fri,23:00:00,17,17,19.0
GRA,3393,84126637,2026-07-10 23:30:00,Fri,23:30:00,10,10,11.0
GRA,3393,84126638,2026-07-11 00:00:00,Sat,00:00:00,3,3,2.0
GRA,3393,84126639,2026-07-11 00:30:00,Sat,00:30:00,2,2,2.0
GRA,3393,84126640,2026-07-11 01:00:00,Sat,01:00:00,0,0,0.0
GRA,3393,84126641,2026-07-11 01:30:00,Sat,01:30:00,0,0,0.0
GRA,3393,84160146,2026-07-11 02:00:00,Sat,02:00:00,0,0,0.0
GRA,3393,84160147,2026-07-11 02:30:00,Sat,02:30:00,0,0,0.0
GRA,3393,84160148,2026-07-11 03:00:00,Sat,03:00:00,0,0,0.0
GRA,3393,84160149,2026-07-11 03:30:00,Sat,03:30:00,0,0,0.0
GRA,3393,84160150,2026-07-11 04:00:00,Sat,04:00:00,0,0,0.0
GRA,3393,84160151,2026-07-11 04:30:00,Sat,04:30:00,0,0,0.0
GRA,3393,84160152,2026-07-11 05:00:00,Sat,05:00:00,0,0,0.0
GRA,3393,84160153,2026-07-11 05:30:00,Sat,05:30:00,0,0,0.0
GRA,3393,84160154,2026-07-11 06:00:00,Sat,06:00:00,0,0,0.0
GRA,3393,84160155,2026-07-11 06:30:00,Sat,06:30:00,0,0,0.0
GRA,3393,84160156,2026-07-11 07:00:00,Sat,07:00:00,0,0,0.0
GRA,3393,84160157,2026-07-11 07:30:00,Sat,07:30:00,0,0,0.0
GRA,3393,84160158,2026-07-11 08:00:00,Sat,08:00:00,1,1,0.0
GRA,3393,84160159,2026-07-11 08:30:00,Sat,08:30:00,1,1,0.0
GRA,3393,84160160,2026-07-11 09:00:00,Sat,09:00:00,2,2,2.0
GRA,3393,84160161,2026-07-11 09:30:00,Sat,09:30:00,3,3,3.0
GRA,3393,84160162,2026-07-11 10:00:00,Sat,10:00:00,5,5,5.0
GRA,3393,84160163,2026-07-11 10:30:00,Sat,10:30:00,5,5,5.0
GRA,3393,84160164,2026-07-11 11:00:00,Sat,11:00:00,4,4,4.0
GRA,3393,84160165,2026-07-11 11:30:00,Sat,11:30:00,4,4,4.0
GRA,3393,84160166,2026-07-11 12:00:00,Sat,12:00:00,5,5,5.0
GRA,3393,84160167,2026-07-11 12:30:00,Sat,12:30:00,5,5,5.0
GRA,3393,84160168,2026-07-11 13:00:00,Sat,13:00:00,10,10,11.0
GRA,3393,84160169,2026-07-11 13:30:00,Sat,13:30:00,17,17,19.0
GRA,3393,84160170,2026-07-11 14:00:00,Sat,14:00:00,25,25,28.0
GRA,3393,84160171,2026-07-11 14:30:00,Sat,14:30:00,25,25,27.0
GRA,3393,84160172,2026-07-11 15:00:00,Sat,15:00:00,19,19,20.0
GRA,3393,84160173,2026-07-11 15:30:00,Sat,15:30:00,12,12,13.0
GRA,3393,84160174,2026-07-11 16:00:00,Sat,16:00:00,9,9,9.0
GRA,3393,84160175,2026-07-11 16:30:00,Sat,16:30:00,7,7,8.0
GRA,3393,84160176,2026-07-11 17:00:00,Sat,17:00:00,7,7,8.0
GRA,3393,84160177,2026-07-11 17:30:00,Sat,17:30:00,8,8,8.0
GRA,3393,84160178,2026-07-11 18:00:00,Sat,18:00:00,9,9,9.0
GRA,3393,84160179,2026-07-11 18:30:00,Sat,18:30:00,8,8,8.0
GRA,3393,84160180,2026-07-11 19:00:00,Sat,19:00:00,8,8,9.0
GRA,3393,84160181,2026-07-11 19:30:00,Sat,19:30:00,7,7,8.0
GRA,3393,84160182,2026-07-11 20:00:00,Sat,20:00:00,12,12,13.0
GRA,3393,84160183,2026-07-11 20:30:00,Sat,20:30:00,20,20,22.0
GRA,3393,84160184,2026-07-11 21:00:00,Sat,21:00:00,25,25,28.0
GRA,3393,84160185,2026-07-11 21:30:00,Sat,21:30:00,32,32,36.0
GRA,3393,84160186,2026-07-11 22:00:00,Sat,22:00:00,35,35,39.0
GRA,3393,84160187,2026-07-11 22:30:00,Sat,22:30:00,30,30,34.0
GRA,3393,84160188,2026-07-11 23:00:00,Sat,23:00:00,20,20,22.0
GRA,3393,84160189,2026-07-11 23:30:00,Sat,23:30:00,11,11,12.0
GRA,3393,84160190,2026-07-12 00:00:00,Sun,00:00:00,3,3,3.0
GRA,3393,84160191,2026-07-12 00:30:00,Sun,00:30:00,2,2,2.0
GRA,3393,84160192,2026-07-12 01:00:00,Sun,01:00:00,0,0,0.0
GRA,3393,84160193,2026-07-12 01:30:00,Sun,01:30:00,0,0,0.0
GRA,3393,84193026,2026-07-12 02:00:00,Sun,02:00:00,0,0,0.0
GRA,3393,84193027,2026-07-12 02:30:00,Sun,02:30:00,0,0,0.0
GRA,3393,84193028,2026-07-12 03:00:00,Sun,03:00:00,0,0,0.0
GRA,3393,84193029,2026-07-12 03:30:00,Sun,03:30:00,0,0,0.0
GRA,3393,84193030,2026-07-12 04:00:00,Sun,04:00:00,0,0,0.0
GRA,3393,84193031,2026-07-12 04:30:00,Sun,04:30:00,0,0,0.0
GRA,3393,84193032,2026-07-12 05:00:00,Sun,05:00:00,0,0,0.0
GRA,3393,84193033,2026-07-12 05:30:00,Sun,05:30:00,0,0,0.0
GRA,3393,84193034,2026-07-12 06:00:00,Sun,06:00:00,0,0,0.0
GRA,3393,84193035,2026-07-12 06:30:00,Sun,06:30:00,0,0,0.0
GRA,3393,84193036,2026-07-12 07:00:00,Sun,07:00:00,0,0,0.0
GRA,3393,84193037,2026-07-12 07:30:00,Sun,07:30:00,0,0,0.0
GRA,3393,84193038,2026-07-12 08:00:00,Sun,08:00:00,1,1,0.0
GRA,3393,84193039,2026-07-12 08:30:00,Sun,08:30:00,1,1,1.0
GRA,3393,84193040,2026-07-12 09:00:00,Sun,09:00:00,2,2,1.0
GRA,3393,84193041,2026-07-12 09:30:00,Sun,09:30:00,3,3,3.0
GRA,3393,84193042,2026-07-12 10:00:00,Sun,10:00:00,5,5,5.0
GRA,3393,84193043,2026-07-12 10:30:00,Sun,10:30:00,5,5,5.0
GRA,3393,84193044,2026-07-12 11:00:00,Sun,11:00:00,4,4,4.0
GRA,3393,84193045,2026-07-12 11:30:00,Sun,11:30:00,5,5,5.0
GRA,3393,84193046,2026-07-12 12:00:00,Sun,12:00:00,5,5,5.0
GRA,3393,84193047,2026-07-12 12:30:00,Sun,12:30:00,6,6,7.0
GRA,3393,84193048,2026-07-12 13:00:00,Sun,13:00:00,14,14,15.0
GRA,3393,84193049,2026-07-12 13:30:00,Sun,13:30:00,25,25,27.0
GRA,3393,84193050,2026-07-12 14:00:00,Sun,14:00:00,32,32,35.0
GRA,3393,84193051,2026-07-12 14:30:00,Sun,14:30:00,33,33,36.0
GRA,3393,84193052,2026-07-12 15:00:00,Sun,15:00:00,29,29,32.0
GRA,3393,84193053,2026-07-12 15:30:00,Sun,15:30:00,21,21,23.0
GRA,3393,84193054,2026-07-12 16:00:00,Sun,16:00:00,13,13,14.0
GRA,3393,84193055,2026-07-12 16:30:00,Sun,16:30:00,11,11,11.0
GRA,3393,84193056,2026-07-12 17:00:00,Sun,17:00:00,9,9,10.0
GRA,3393,84193057,2026-07-12 17:30:00,Sun,17:30:00,10,10,10.0
GRA,3393,84193058,2026-07-12 18:00:00,Sun,18:00:00,10,10,11.0
GRA,3393,84193059,2026-07-12 18:30:00,Sun,18:30:00,10,10,11.0
GRA,3393,84193060,2026-07-12 19:00:00,Sun,19:00:00,11,11,12.0
GRA,3393,84193061,2026-07-12 19:30:00,Sun,19:30:00,11,11,12.0
GRA,3393,84193062,2026-07-12 20:00:00,Sun,20:00:00,17,17,19.0
GRA,3393,84193063,2026-07-12 20:30:00,Sun,20:30:00,30,30,34.0
GRA,3393,84193064,2026-07-12 21:00:00,Sun,21:00:00,38,38,43.0
GRA,3393,84193065,2026-07-12 21:30:00,Sun,21:30:00,39,39,43.0
GRA,3393,84193066,2026-07-12 22:00:00,Sun,22:00:00,38,38,42.0
GRA,3393,84193067,2026-07-12 22:30:00,Sun,22:30:00,29,29,33.0
GRA,3393,84193068,2026-07-12 23:00:00,Sun,23:00:00,16,16,18.0
GRA,3393,84193069,2026-07-12 23:30:00,Sun,23:30:00,9,9,10.0
NOM,3393,84021902,2026-07-06 00:00:00,Mon,00:00:00,0,0,0.0
NOM,3393,84021903,2026-07-06 00:30:00,Mon,00:30:00,0,0,0.0
NOM,3393,84021904,2026-07-06 01:00:00,Mon,01:00:00,0,0,0.0
NOM,3393,84021905,2026-07-06 01:30:00,Mon,01:30:00,0,0,0.0
NOM,3393,84021906,2026-07-06 02:00:00,Mon,02:00:00,0,0,0.0
NOM,3393,84021907,2026-07-06 02:30:00,Mon,02:30:00,0,0,0.0
NOM,3393,84021908,2026-07-06 03:00:00,Mon,03:00:00,0,0,0.0
NOM,3393,84021909,2026-07-06 03:30:00,Mon,03:30:00,0,0,0.0
NOM,3393,84021910,2026-07-06 04:00:00,Mon,04:00:00,0,0,0.0
NOM,3393,84021911,2026-07-06 04:30:00,Mon,04:30:00,0,0,0.0
NOM,3393,84021912,2026-07-06 05:00:00,Mon,05:00:00,0,0,0.0
NOM,3393,84021913,2026-07-06 05:30:00,Mon,05:30:00,0,0,0.0
NOM,3393,84021914,2026-07-06 06:00:00,Mon,06:00:00,0,0,0.0
NOM,3393,84021915,2026-07-06 06:30:00,Mon,06:30:00,0,0,0.0
NOM,3393,84021916,2026-07-06 07:00:00,Mon,07:00:00,0,0,0.0
NOM,3393,84021917,2026-07-06 07:30:00,Mon,07:30:00,0,0,0.0
NOM,3393,84021918,2026-07-06 08:00:00,Mon,08:00:00,0,0,0.0
NOM,3393,84021919,2026-07-06 08:30:00,Mon,08:30:00,1,1,1.0
NOM,3393,84021920,2026-07-06 09:00:00,Mon,09:00:00,3,3,2.0
NOM,3393,84021921,2026-07-06 09:30:00,Mon,09:30:00,3,3,3.0
NOM,3393,84021922,2026-07-06 10:00:00,Mon,10:00:00,6,6,6.0
NOM,3393,84021923,2026-07-06 10:30:00,Mon,10:30:00,6,6,6.0
NOM,3393,84021924,2026-07-06 11:00:00,Mon,11:00:00,7,7,6.0
NOM,3393,84021925,2026-07-06 11:30:00,Mon,11:30:00,7,7,6.0
NOM,3393,84021926,2026-07-06 12:00:00,Mon,12:00:00,6,6,6.0
NOM,3393,84021927,2026-07-06 12:30:00,Mon,12:30:00,7,7,7.0
NOM,3393,84021928,2026-07-06 13:00:00,Mon,13:00:00,10,10,9.0
NOM,3393,84021929,2026-07-06 13:30:00,Mon,13:30:00,13,13,13.0
NOM,3393,84021930,2026-07-06 14:00:00,Mon,14:00:00,12,12,12.0
NOM,3393,84021931,2026-07-06 14:30:00,Mon,14:30:00,13,13,12.0
NOM,3393,84021932,2026-07-06 15:00:00,Mon,15:00:00,11,11,11.0
NOM,3393,84021933,2026-07-06 15:30:00,Mon,15:30:00,11,11,11.0
NOM,3393,84021934,2026-07-06 16:00:00,Mon,16:00:00,8,8,8.0
NOM,3393,84021935,2026-07-06 16:30:00,Mon,16:30:00,6,6,6.0
NOM,3393,84021936,2026-07-06 17:00:00,Mon,17:00:00,6,6,6.0
NOM,3393,84021937,2026-07-06 17:30:00,Mon,17:30:00,7,7,6.0
NOM,3393,84021938,2026-07-06 18:00:00,Mon,18:00:00,8,8,7.0
NOM,3393,84021939,2026-07-06 18:30:00,Mon,18:30:00,7,7,7.0
NOM,3393,84021940,2026-07-06 19:00:00,Mon,19:00:00,9,9,9.0
NOM,3393,84021941,2026-07-06 19:30:00,Mon,19:30:00,12,12,12.0
NOM,3393,84021942,2026-07-06 20:00:00,Mon,20:00:00,18,18,17.0
NOM,3393,84021943,2026-07-06 20:30:00,Mon,20:30:00,22,22,22.0
NOM,3393,84021944,2026-07-06 21:00:00,Mon,21:00:00,23,23,23.0
NOM,3393,84021945,2026-07-06 21:30:00,Mon,21:30:00,19,19,19.0
NOM,3393,84021946,2026-07-06 22:00:00,Mon,22:00:00,14,14,14.0
NOM,3393,84021947,2026-07-06 22:30:00,Mon,22:30:00,11,11,11.0
NOM,3393,84021948,2026-07-06 23:00:00,Mon,23:00:00,5,5,5.0
NOM,3393,84021949,2026-07-06 23:30:00,Mon,23:30:00,2,2,2.0
NOM,3393,84021950,2026-07-07 00:00:00,Tue,00:00:00,0,0,0.0
NOM,3393,84021951,2026-07-07 00:30:00,Tue,00:30:00,0,0,0.0
NOM,3393,84021952,2026-07-07 01:00:00,Tue,01:00:00,0,0,0.0
NOM,3393,84021953,2026-07-07 01:30:00,Tue,01:30:00,0,0,0.0
NOM,3393,84021954,2026-07-07 02:00:00,Tue,02:00:00,0,0,0.0
NOM,3393,84021955,2026-07-07 02:30:00,Tue,02:30:00,0,0,0.0
NOM,3393,84021956,2026-07-07 03:00:00,Tue,03:00:00,0,0,0.0
NOM,3393,84021957,2026-07-07 03:30:00,Tue,03:30:00,0,0,0.0
NOM,3393,84021958,2026-07-07 04:00:00,Tue,04:00:00,0,0,0.0
NOM,3393,84021959,2026-07-07 04:30:00,Tue,04:30:00,0,0,0.0
NOM,3393,84021960,2026-07-07 05:00:00,Tue,05:00:00,0,0,0.0
NOM,3393,84021961,2026-07-07 05:30:00,Tue,05:30:00,0,0,0.0
NOM,3393,84021962,2026-07-07 06:00:00,Tue,06:00:00,0,0,0.0
NOM,3393,84021963,2026-07-07 06:30:00,Tue,06:30:00,0,0,0.0
NOM,3393,84021964,2026-07-07 07:00:00,Tue,07:00:00,0,0,0.0
NOM,3393,84021965,2026-07-07 07:30:00,Tue,07:30:00,0,0,0.0
NOM,3393,84021966,2026-07-07 08:00:00,Tue,08:00:00,1,1,0.0
NOM,3393,84021967,2026-07-07 08:30:00,Tue,08:30:00,1,1,1.0
NOM,3393,84021968,2026-07-07 09:00:00,Tue,09:00:00,3,3,2.0
NOM,3393,84021969,2026-07-07 09:30:00,Tue,09:30:00,3,3,2.0
NOM,3393,84021970,2026-07-07 10:00:00,Tue,10:00:00,6,6,6.0
NOM,3393,84021971,2026-07-07 10:30:00,Tue,10:30:00,6,6,5.0
NOM,3393,84021972,2026-07-07 11:00:00,Tue,11:00:00,6,6,6.0
NOM,3393,84021973,2026-07-07 11:30:00,Tue,11:30:00,6,6,5.0
NOM,3393,84021974,2026-07-07 12:00:00,Tue,12:00:00,6,6,5.0
NOM,3393,84021975,2026-07-07 12:30:00,Tue,12:30:00,7,7,6.0
NOM,3393,84021976,2026-07-07 13:00:00,Tue,13:00:00,9,9,9.0
NOM,3393,84021977,2026-07-07 13:30:00,Tue,13:30:00,12,12,12.0
NOM,3393,84021978,2026-07-07 14:00:00,Tue,14:00:00,12,12,12.0
NOM,3393,84021979,2026-07-07 14:30:00,Tue,14:30:00,12,12,12.0
NOM,3393,84021980,2026-07-07 15:00:00,Tue,15:00:00,11,11,11.0
NOM,3393,84021981,2026-07-07 15:30:00,Tue,15:30:00,10,10,10.0
NOM,3393,84021982,2026-07-07 16:00:00,Tue,16:00:00,7,7,7.0
NOM,3393,84021983,2026-07-07 16:30:00,Tue,16:30:00,6,6,6.0
NOM,3393,84021984,2026-07-07 17:00:00,Tue,17:00:00,6,6,6.0
NOM,3393,84021985,2026-07-07 17:30:00,Tue,17:30:00,6,6,6.0
NOM,3393,84021986,2026-07-07 18:00:00,Tue,18:00:00,7,7,7.0
NOM,3393,84021987,2026-07-07 18:30:00,Tue,18:30:00,7,7,6.0
NOM,3393,84021988,2026-07-07 19:00:00,Tue,19:00:00,7,7,7.0
NOM,3393,84021989,2026-07-07 19:30:00,Tue,19:30:00,10,10,10.0
NOM,3393,84021990,2026-07-07 20:00:00,Tue,20:00:00,14,14,14.0
NOM,3393,84021991,2026-07-07 20:30:00,Tue,20:30:00,15,15,15.0
NOM,3393,84021992,2026-07-07 21:00:00,Tue,21:00:00,17,17,17.0
NOM,3393,84021993,2026-07-07 21:30:00,Tue,21:30:00,15,15,15.0
NOM,3393,84021994,2026-07-07 22:00:00,Tue,22:00:00,14,14,14.0
NOM,3393,84021995,2026-07-07 22:30:00,Tue,22:30:00,10,10,10.0
NOM,3393,84021996,2026-07-07 23:00:00,Tue,23:00:00,5,5,5.0
NOM,3393,84021997,2026-07-07 23:30:00,Tue,23:30:00,2,2,1.0
NOM,3393,84021998,2026-07-08 00:00:00,Wed,00:00:00,0,0,0.0
NOM,3393,84021999,2026-07-08 00:30:00,Wed,00:30:00,0,0,0.0
NOM,3393,84022000,2026-07-08 01:00:00,Wed,01:00:00,0,0,0.0
NOM,3393,84022001,2026-07-08 01:30:00,Wed,01:30:00,0,0,0.0
NOM,3393,84022002,2026-07-08 02:00:00,Wed,02:00:00,0,0,0.0
NOM,3393,84022003,2026-07-08 02:30:00,Wed,02:30:00,0,0,0.0
NOM,3393,84022004,2026-07-08 03:00:00,Wed,03:00:00,0,0,0.0
NOM,3393,84022005,2026-07-08 03:30:00,Wed,03:30:00,0,0,0.0
NOM,3393,84022006,2026-07-08 04:00:00,Wed,04:00:00,0,0,0.0
NOM,3393,84022007,2026-07-08 04:30:00,Wed,04:30:00,0,0,0.0
NOM,3393,84022008,2026-07-08 05:00:00,Wed,05:00:00,0,0,0.0
NOM,3393,84022009,2026-07-08 05:30:00,Wed,05:30:00,0,0,0.0
NOM,3393,84022010,2026-07-08 06:00:00,Wed,06:00:00,0,0,0.0
NOM,3393,84022011,2026-07-08 06:30:00,Wed,06:30:00,0,0,0.0
NOM,3393,84022012,2026-07-08 07:00:00,Wed,07:00:00,0,0,0.0
NOM,3393,84022013,2026-07-08 07:30:00,Wed,07:30:00,0,0,0.0
NOM,3393,84022014,2026-07-08 08:00:00,Wed,08:00:00,1,1,0.0
NOM,3393,84022015,2026-07-08 08:30:00,Wed,08:30:00,1,1,0.0
NOM,3393,84022016,2026-07-08 09:00:00,Wed,09:00:00,3,3,3.0
NOM,3393,84022017,2026-07-08 09:30:00,Wed,09:30:00,4,4,4.0
NOM,3393,84022018,2026-07-08 10:00:00,Wed,10:00:00,6,6,5.0
NOM,3393,84022019,2026-07-08 10:30:00,Wed,10:30:00,6,6,6.0
NOM,3393,84022020,2026-07-08 11:00:00,Wed,11:00:00,7,7,6.0
NOM,3393,84022021,2026-07-08 11:30:00,Wed,11:30:00,6,6,6.0
NOM,3393,84022022,2026-07-08 12:00:00,Wed,12:00:00,6,6,5.0
NOM,3393,84022023,2026-07-08 12:30:00,Wed,12:30:00,8,8,8.0
NOM,3393,84022024,2026-07-08 13:00:00,Wed,13:00:00,12,12,11.0
NOM,3393,84022025,2026-07-08 13:30:00,Wed,13:30:00,15,15,14.0
NOM,3393,84022026,2026-07-08 14:00:00,Wed,14:00:00,15,15,15.0
NOM,3393,84022027,2026-07-08 14:30:00,Wed,14:30:00,14,14,14.0
NOM,3393,84022028,2026-07-08 15:00:00,Wed,15:00:00,11,11,11.0
NOM,3393,84022029,2026-07-08 15:30:00,Wed,15:30:00,10,10,10.0
NOM,3393,84022030,2026-07-08 16:00:00,Wed,16:00:00,7,7,6.0
NOM,3393,84022031,2026-07-08 16:30:00,Wed,16:30:00,7,7,6.0
NOM,3393,84022032,2026-07-08 17:00:00,Wed,17:00:00,6,6,5.0
NOM,3393,84022033,2026-07-08 17:30:00,Wed,17:30:00,6,6,6.0
NOM,3393,84022034,2026-07-08 18:00:00,Wed,18:00:00,7,7,7.0
NOM,3393,84022035,2026-07-08 18:30:00,Wed,18:30:00,7,7,7.0
NOM,3393,84022036,2026-07-08 19:00:00,Wed,19:00:00,8,8,7.0
NOM,3393,84022037,2026-07-08 19:30:00,Wed,19:30:00,10,10,10.0
NOM,3393,84022038,2026-07-08 20:00:00,Wed,20:00:00,14,14,14.0
NOM,3393,84022039,2026-07-08 20:30:00,Wed,20:30:00,18,18,18.0
NOM,3393,84022040,2026-07-08 21:00:00,Wed,21:00:00,20,20,20.0
NOM,3393,84022041,2026-07-08 21:30:00,Wed,21:30:00,18,18,18.0
NOM,3393,84022042,2026-07-08 22:00:00,Wed,22:00:00,14,14,14.0
NOM,3393,84022043,2026-07-08 22:30:00,Wed,22:30:00,11,11,11.0
NOM,3393,84022044,2026-07-08 23:00:00,Wed,23:00:00,4,4,4.0
NOM,3393,84022045,2026-07-08 23:30:00,Wed,23:30:00,2,2,1.0
NOM,3393,84022046,2026-07-09 00:00:00,Thu,00:00:00,0,0,0.0
NOM,3393,84022047,2026-07-09 00:30:00,Thu,00:30:00,0,0,0.0
NOM,3393,84022048,2026-07-09 01:00:00,Thu,01:00:00,0,0,0.0
NOM,3393,84022049,2026-07-09 01:30:00,Thu,01:30:00,0,0,0.0
NOM,3393,84022050,2026-07-09 02:00:00,Thu,02:00:00,0,0,0.0
NOM,3393,84022051,2026-07-09 02:30:00,Thu,02:30:00,0,0,0.0
NOM,3393,84022052,2026-07-09 03:00:00,Thu,03:00:00,0,0,0.0
NOM,3393,84022053,2026-07-09 03:30:00,Thu,03:30:00,0,0,0.0
NOM,3393,84022054,2026-07-09 04:00:00,Thu,04:00:00,0,0,0.0
NOM,3393,84022055,2026-07-09 04:30:00,Thu,04:30:00,0,0,0.0
NOM,3393,84022056,2026-07-09 05:00:00,Thu,05:00:00,0,0,0.0
NOM,3393,84022057,2026-07-09 05:30:00,Thu,05:30:00,0,0,0.0
NOM,3393,84022058,2026-07-09 06:00:00,Thu,06:00:00,0,0,0.0
NOM,3393,84022059,2026-07-09 06:30:00,Thu,06:30:00,0,0,0.0
NOM,3393,84022060,2026-07-09 07:00:00,Thu,07:00:00,0,0,0.0
NOM,3393,84022061,2026-07-09 07:30:00,Thu,07:30:00,0,0,0.0
NOM,3393,84022062,2026-07-09 08:00:00,Thu,08:00:00,1,1,0.0
NOM,3393,84022063,2026-07-09 08:30:00,Thu,08:30:00,1,1,1.0
NOM,3393,84022064,2026-07-09 09:00:00,Thu,09:00:00,3,3,2.0
NOM,3393,84022065,2026-07-09 09:30:00,Thu,09:30:00,4,4,3.0
NOM,3393,84022066,2026-07-09 10:00:00,Thu,10:00:00,6,6,5.0
NOM,3393,84022067,2026-07-09 10:30:00,Thu,10:30:00,6,6,6.0
NOM,3393,84022068,2026-07-09 11:00:00,Thu,11:00:00,6,6,6.0
NOM,3393,84022069,2026-07-09 11:30:00,Thu,11:30:00,7,7,7.0
NOM,3393,84022070,2026-07-09 12:00:00,Thu,12:00:00,6,6,6.0
NOM,3393,84022071,2026-07-09 12:30:00,Thu,12:30:00,8,8,8.0
NOM,3393,84022072,2026-07-09 13:00:00,Thu,13:00:00,11,11,11.0
NOM,3393,84022073,2026-07-09 13:30:00,Thu,13:30:00,15,15,15.0
NOM,3393,84022074,2026-07-09 14:00:00,Thu,14:00:00,17,17,17.0
NOM,3393,84022075,2026-07-09 14:30:00,Thu,14:30:00,15,15,15.0
NOM,3393,84022076,2026-07-09 15:00:00,Thu,15:00:00,12,12,12.0
NOM,3393,84022077,2026-07-09 15:30:00,Thu,15:30:00,11,11,11.0
NOM,3393,84022078,2026-07-09 16:00:00,Thu,16:00:00,7,7,7.0
NOM,3393,84022079,2026-07-09 16:30:00,Thu,16:30:00,6,6,6.0
NOM,3393,84022080,2026-07-09 17:00:00,Thu,17:00:00,6,6,6.0
NOM,3393,84022081,2026-07-09 17:30:00,Thu,17:30:00,7,7,7.0
NOM,3393,84022082,2026-07-09 18:00:00,Thu,18:00:00,7,7,7.0
NOM,3393,84022083,2026-07-09 18:30:00,Thu,18:30:00,7,7,6.0
NOM,3393,84022084,2026-07-09 19:00:00,Thu,19:00:00,8,8,8.0
NOM,3393,84022085,2026-07-09 19:30:00,Thu,19:30:00,11,11,11.0
NOM,3393,84022086,2026-07-09 20:00:00,Thu,20:00:00,16,16,15.0
NOM,3393,84022087,2026-07-09 20:30:00,Thu,20:30:00,19,19,19.0
NOM,3393,84022088,2026-07-09 21:00:00,Thu,21:00:00,22,22,22.0
NOM,3393,84022089,2026-07-09 21:30:00,Thu,21:30:00,21,21,21.0
NOM,3393,84022090,2026-07-09 22:00:00,Thu,22:00:00,18,18,18.0
NOM,3393,84022091,2026-07-09 22:30:00,Thu,22:30:00,14,14,14.0
NOM,3393,84022092,2026-07-09 23:00:00,Thu,23:00:00,5,5,5.0
NOM,3393,84022093,2026-07-09 23:30:00,Thu,23:30:00,2,2,1.0
NOM,3393,84022094,2026-07-10 00:00:00,Fri,00:00:00,0,0,0.0
NOM,3393,84022095,2026-07-10 00:30:00,Fri,00:30:00,0,0,0.0
NOM,3393,84022096,2026-07-10 01:00:00,Fri,01:00:00,0,0,0.0
NOM,3393,84022097,2026-07-10 01:30:00,Fri,01:30:00,0,0,0.0
NOM,3393,84132546,2026-07-10 02:00:00,Fri,02:00:00,0,0,0.0
NOM,3393,84132547,2026-07-10 02:30:00,Fri,02:30:00,0,0,0.0
NOM,3393,84132548,2026-07-10 03:00:00,Fri,03:00:00,0,0,0.0
NOM,3393,84132549,2026-07-10 03:30:00,Fri,03:30:00,0,0,0.0
NOM,3393,84132550,2026-07-10 04:00:00,Fri,04:00:00,0,0,0.0
NOM,3393,84132551,2026-07-10 04:30:00,Fri,04:30:00,0,0,0.0
NOM,3393,84132552,2026-07-10 05:00:00,Fri,05:00:00,0,0,0.0
NOM,3393,84132553,2026-07-10 05:30:00,Fri,05:30:00,0,0,0.0
NOM,3393,84132554,2026-07-10 06:00:00,Fri,06:00:00,0,0,0.0
NOM,3393,84132555,2026-07-10 06:30:00,Fri,06:30:00,0,0,0.0
NOM,3393,84132556,2026-07-10 07:00:00,Fri,07:00:00,0,0,0.0
NOM,3393,84132557,2026-07-10 07:30:00,Fri,07:30:00,0,0,0.0
NOM,3393,84132558,2026-07-10 08:00:00,Fri,08:00:00,1,1,0.0
NOM,3393,84132559,2026-07-10 08:30:00,Fri,08:30:00,2,2,2.0
NOM,3393,84132560,2026-07-10 09:00:00,Fri,09:00:00,2,2,2.0
NOM,3393,84132561,2026-07-10 09:30:00,Fri,09:30:00,5,5,5.0
NOM,3393,84132562,2026-07-10 10:00:00,Fri,10:00:00,7,7,7.0
NOM,3393,84132563,2026-07-10 10:30:00,Fri,10:30:00,7,7,6.0
NOM,3393,84132564,2026-07-10 11:00:00,Fri,11:00:00,7,7,6.0
NOM,3393,84132565,2026-07-10 11:30:00,Fri,11:30:00,8,8,7.0
NOM,3393,84132566,2026-07-10 12:00:00,Fri,12:00:00,7,7,6.0
NOM,3393,84132567,2026-07-10 12:30:00,Fri,12:30:00,9,9,9.0
NOM,3393,84132568,2026-07-10 13:00:00,Fri,13:00:00,13,13,12.0
NOM,3393,84132569,2026-07-10 13:30:00,Fri,13:30:00,18,18,17.0
NOM,3393,84132570,2026-07-10 14:00:00,Fri,14:00:00,21,21,21.0
NOM,3393,84132571,2026-07-10 14:30:00,Fri,14:30:00,20,20,20.0
NOM,3393,84132572,2026-07-10 15:00:00,Fri,15:00:00,18,18,17.0
NOM,3393,84132573,2026-07-10 15:30:00,Fri,15:30:00,14,14,14.0
NOM,3393,84132574,2026-07-10 16:00:00,Fri,16:00:00,10,10,10.0
NOM,3393,84132575,2026-07-10 16:30:00,Fri,16:30:00,8,8,8.0
NOM,3393,84132576,2026-07-10 17:00:00,Fri,17:00:00,8,8,8.0
NOM,3393,84132577,2026-07-10 17:30:00,Fri,17:30:00,8,8,8.0
NOM,3393,84132578,2026-07-10 18:00:00,Fri,18:00:00,9,9,9.0
NOM,3393,84132579,2026-07-10 18:30:00,Fri,18:30:00,11,11,10.0
NOM,3393,84132580,2026-07-10 19:00:00,Fri,19:00:00,10,10,10.0
NOM,3393,84132581,2026-07-10 19:30:00,Fri,19:30:00,13,13,12.0
NOM,3393,84132582,2026-07-10 20:00:00,Fri,20:00:00,20,20,20.0
NOM,3393,84132583,2026-07-10 20:30:00,Fri,20:30:00,29,29,29.0
NOM,3393,84132584,2026-07-10 21:00:00,Fri,21:00:00,34,34,34.0
NOM,3393,84132585,2026-07-10 21:30:00,Fri,21:30:00,32,32,32.0
NOM,3393,84132586,2026-07-10 22:00:00,Fri,22:00:00,28,28,28.0
NOM,3393,84132587,2026-07-10 22:30:00,Fri,22:30:00,24,24,24.0
NOM,3393,84132588,2026-07-10 23:00:00,Fri,23:00:00,13,13,12.0
NOM,3393,84132589,2026-07-10 23:30:00,Fri,23:30:00,4,4,4.0
NOM,3393,84132590,2026-07-11 00:00:00,Sat,00:00:00,1,1,0.0
NOM,3393,84132591,2026-07-11 00:30:00,Sat,00:30:00,0,0,0.0
NOM,3393,84132592,2026-07-11 01:00:00,Sat,01:00:00,0,0,0.0
NOM,3393,84132593,2026-07-11 01:30:00,Sat,01:30:00,0,0,0.0
NOM,3393,84168402,2026-07-11 02:00:00,Sat,02:00:00,0,0,0.0
NOM,3393,84168403,2026-07-11 02:30:00,Sat,02:30:00,0,0,0.0
NOM,3393,84168404,2026-07-11 03:00:00,Sat,03:00:00,0,0,0.0
NOM,3393,84168405,2026-07-11 03:30:00,Sat,03:30:00,0,0,0.0
NOM,3393,84168406,2026-07-11 04:00:00,Sat,04:00:00,0,0,0.0
NOM,3393,84168407,2026-07-11 04:30:00,Sat,04:30:00,0,0,0.0
NOM,3393,84168408,2026-07-11 05:00:00,Sat,05:00:00,0,0,0.0
NOM,3393,84168409,2026-07-11 05:30:00,Sat,05:30:00,0,0,0.0
NOM,3393,84168410,2026-07-11 06:00:00,Sat,06:00:00,0,0,0.0
NOM,3393,84168411,2026-07-11 06:30:00,Sat,06:30:00,0,0,0.0
NOM,3393,84168412,2026-07-11 07:00:00,Sat,07:00:00,0,0,0.0
NOM,3393,84168413,2026-07-11 07:30:00,Sat,07:30:00,0,0,0.0
NOM,3393,84168414,2026-07-11 08:00:00,Sat,08:00:00,0,0,0.0
NOM,3393,84168415,2026-07-11 08:30:00,Sat,08:30:00,3,3,3.0
NOM,3393,84168416,2026-07-11 09:00:00,Sat,09:00:00,3,3,3.0
NOM,3393,84168417,2026-07-11 09:30:00,Sat,09:30:00,6,6,5.0
NOM,3393,84168418,2026-07-11 10:00:00,Sat,10:00:00,7,7,6.0
NOM,3393,84168419,2026-07-11 10:30:00,Sat,10:30:00,7,7,7.0
NOM,3393,84168420,2026-07-11 11:00:00,Sat,11:00:00,7,7,7.0
NOM,3393,84168421,2026-07-11 11:30:00,Sat,11:30:00,8,8,8.0
NOM,3393,84168422,2026-07-11 12:00:00,Sat,12:00:00,9,9,8.0
NOM,3393,84168423,2026-07-11 12:30:00,Sat,12:30:00,8,8,8.0
NOM,3393,84168424,2026-07-11 13:00:00,Sat,13:00:00,11,11,11.0
NOM,3393,84168425,2026-07-11 13:30:00,Sat,13:30:00,16,16,16.0
NOM,3393,84168426,2026-07-11 14:00:00,Sat,14:00:00,20,20,20.0
NOM,3393,84168427,2026-07-11 14:30:00,Sat,14:30:00,21,21,21.0
NOM,3393,84168428,2026-07-11 15:00:00,Sat,15:00:00,18,18,18.0
NOM,3393,84168429,2026-07-11 15:30:00,Sat,15:30:00,15,15,14.0
NOM,3393,84168430,2026-07-11 16:00:00,Sat,16:00:00,11,11,11.0
NOM,3393,84168431,2026-07-11 16:30:00,Sat,16:30:00,8,8,8.0
NOM,3393,84168432,2026-07-11 17:00:00,Sat,17:00:00,9,9,8.0
NOM,3393,84168433,2026-07-11 17:30:00,Sat,17:30:00,9,9,8.0
NOM,3393,84168434,2026-07-11 18:00:00,Sat,18:00:00,9,9,9.0
NOM,3393,84168435,2026-07-11 18:30:00,Sat,18:30:00,11,11,11.0
NOM,3393,84168436,2026-07-11 19:00:00,Sat,19:00:00,10,10,10.0
NOM,3393,84168437,2026-07-11 19:30:00,Sat,19:30:00,11,11,11.0
NOM,3393,84168438,2026-07-11 20:00:00,Sat,20:00:00,18,18,18.0
NOM,3393,84168439,2026-07-11 20:30:00,Sat,20:30:00,25,25,25.0
NOM,3393,84168440,2026-07-11 21:00:00,Sat,21:00:00,30,30,30.0
NOM,3393,84168441,2026-07-11 21:30:00,Sat,21:30:00,31,31,31.0
NOM,3393,84168442,2026-07-11 22:00:00,Sat,22:00:00,27,27,27.0
NOM,3393,84168443,2026-07-11 22:30:00,Sat,22:30:00,23,23,23.0
NOM,3393,84168444,2026-07-11 23:00:00,Sat,23:00:00,15,15,15.0
NOM,3393,84168445,2026-07-11 23:30:00,Sat,23:30:00,6,6,6.0
NOM,3393,84168446,2026-07-12 00:00:00,Sun,00:00:00,1,1,1.0
NOM,3393,84168447,2026-07-12 00:30:00,Sun,00:30:00,1,1,0.0
NOM,3393,84168448,2026-07-12 01:00:00,Sun,01:00:00,0,0,0.0
NOM,3393,84168449,2026-07-12 01:30:00,Sun,01:30:00,0,0,0.0
NOM,3393,84201042,2026-07-12 02:00:00,Sun,02:00:00,0,0,0.0
NOM,3393,84201043,2026-07-12 02:30:00,Sun,02:30:00,0,0,0.0
NOM,3393,84201044,2026-07-12 03:00:00,Sun,03:00:00,0,0,0.0
NOM,3393,84201045,2026-07-12 03:30:00,Sun,03:30:00,0,0,0.0
NOM,3393,84201046,2026-07-12 04:00:00,Sun,04:00:00,0,0,0.0
NOM,3393,84201047,2026-07-12 04:30:00,Sun,04:30:00,0,0,0.0
NOM,3393,84201048,2026-07-12 05:00:00,Sun,05:00:00,0,0,0.0
NOM,3393,84201049,2026-07-12 05:30:00,Sun,05:30:00,0,0,0.0
NOM,3393,84201050,2026-07-12 06:00:00,Sun,06:00:00,0,0,0.0
NOM,3393,84201051,2026-07-12 06:30:00,Sun,06:30:00,0,0,0.0
NOM,3393,84201052,2026-07-12 07:00:00,Sun,07:00:00,0,0,0.0
NOM,3393,84201053,2026-07-12 07:30:00,Sun,07:30:00,0,0,0.0
NOM,3393,84201054,2026-07-12 08:00:00,Sun,08:00:00,1,1,0.0
NOM,3393,84201055,2026-07-12 08:30:00,Sun,08:30:00,3,3,2.0
NOM,3393,84201056,2026-07-12 09:00:00,Sun,09:00:00,4,4,3.0
NOM,3393,84201057,2026-07-12 09:30:00,Sun,09:30:00,5,5,5.0
NOM,3393,84201058,2026-07-12 10:00:00,Sun,10:00:00,7,7,7.0
NOM,3393,84201059,2026-07-12 10:30:00,Sun,10:30:00,8,8,8.0
NOM,3393,84201060,2026-07-12 11:00:00,Sun,11:00:00,7,7,7.0
NOM,3393,84201061,2026-07-12 11:30:00,Sun,11:30:00,9,9,8.0
NOM,3393,84201062,2026-07-12 12:00:00,Sun,12:00:00,9,9,9.0
NOM,3393,84201063,2026-07-12 12:30:00,Sun,12:30:00,9,9,9.0
NOM,3393,84201064,2026-07-12 13:00:00,Sun,13:00:00,12,12,12.0
NOM,3393,84201065,2026-07-12 13:30:00,Sun,13:30:00,18,18,18.0
NOM,3393,84201066,2026-07-12 14:00:00,Sun,14:00:00,23,23,23.0
NOM,3393,84201067,2026-07-12 14:30:00,Sun,14:30:00,22,22,22.0
NOM,3393,84201068,2026-07-12 15:00:00,Sun,15:00:00,20,20,20.0
NOM,3393,84201069,2026-07-12 15:30:00,Sun,15:30:00,17,17,17.0
NOM,3393,84201070,2026-07-12 16:00:00,Sun,16:00:00,13,13,13.0
NOM,3393,84201071,2026-07-12 16:30:00,Sun,16:30:00,10,10,9.0
NOM,3393,84201072,2026-07-12 17:00:00,Sun,17:00:00,10,10,9.0
NOM,3393,84201073,2026-07-12 17:30:00,Sun,17:30:00,10,10,10.0
NOM,3393,84201074,2026-07-12 18:00:00,Sun,18:00:00,10,10,9.0
NOM,3393,84201075,2026-07-12 18:30:00,Sun,18:30:00,11,11,11.0
NOM,3393,84201076,2026-07-12 19:00:00,Sun,19:00:00,11,11,11.0
NOM,3393,84201077,2026-07-12 19:30:00,Sun,19:30:00,13,13,13.0
NOM,3393,84201078,2026-07-12 20:00:00,Sun,20:00:00,19,19,19.0
NOM,3393,84201079,2026-07-12 20:30:00,Sun,20:30:00,24,24,24.0
NOM,3393,84201080,2026-07-12 21:00:00,Sun,21:00:00,26,26,26.0
NOM,3393,84201081,2026-07-12 21:30:00,Sun,21:30:00,27,27,27.0
NOM,3393,84201082,2026-07-12 22:00:00,Sun,22:00:00,21,21,21.0
NOM,3393,84201083,2026-07-12 22:30:00,Sun,22:30:00,15,15,15.0
NOM,3393,84201084,2026-07-12 23:00:00,Sun,23:00:00,8,8,8.0
NOM,3393,84201085,2026-07-12 23:30:00,Sun,23:30:00,2,2,2.0
SAB,3393,84050798,2026-07-06 00:00:00,Mon,00:00:00,0,0,0.0
SAB,3393,84050799,2026-07-06 00:30:00,Mon,00:30:00,0,0,0.0
SAB,3393,84050800,2026-07-06 01:00:00,Mon,01:00:00,0,0,0.0
SAB,3393,84050801,2026-07-06 01:30:00,Mon,01:30:00,0,0,0.0
SAB,3393,84050802,2026-07-06 02:00:00,Mon,02:00:00,0,0,0.0
SAB,3393,84050803,2026-07-06 02:30:00,Mon,02:30:00,0,0,0.0
SAB,3393,84050804,2026-07-06 03:00:00,Mon,03:00:00,0,0,0.0
SAB,3393,84050805,2026-07-06 03:30:00,Mon,03:30:00,0,0,0.0
SAB,3393,84050806,2026-07-06 04:00:00,Mon,04:00:00,0,0,0.0
SAB,3393,84050807,2026-07-06 04:30:00,Mon,04:30:00,0,0,0.0
SAB,3393,84050808,2026-07-06 05:00:00,Mon,05:00:00,0,0,0.0
SAB,3393,84050809,2026-07-06 05:30:00,Mon,05:30:00,0,0,0.0
SAB,3393,84050810,2026-07-06 06:00:00,Mon,06:00:00,0,0,0.0
SAB,3393,84050811,2026-07-06 06:30:00,Mon,06:30:00,0,0,0.0
SAB,3393,84050812,2026-07-06 07:00:00,Mon,07:00:00,0,0,0.0
SAB,3393,84050813,2026-07-06 07:30:00,Mon,07:30:00,0,0,0.0
SAB,3393,84050814,2026-07-06 08:00:00,Mon,08:00:00,0,0,0.0
SAB,3393,84050815,2026-07-06 08:30:00,Mon,08:30:00,0,0,0.0
SAB,3393,84050816,2026-07-06 09:00:00,Mon,09:00:00,0,0,0.0
SAB,3393,84050817,2026-07-06 09:30:00,Mon,09:30:00,0,0,0.0
SAB,3393,84050818,2026-07-06 10:00:00,Mon,10:00:00,0,0,0.0
SAB,3393,84050819,2026-07-06 10:30:00,Mon,10:30:00,0,0,0.0
SAB,3393,84050820,2026-07-06 11:00:00,Mon,11:00:00,0,0,0.0
SAB,3393,84050821,2026-07-06 11:30:00,Mon,11:30:00,0,0,0.0
SAB,3393,84050822,2026-07-06 12:00:00,Mon,12:00:00,3,3,2.0
SAB,3393,84050823,2026-07-06 12:30:00,Mon,12:30:00,3,3,2.0
SAB,3393,84050824,2026-07-06 13:00:00,Mon,13:00:00,6,6,5.0
SAB,3393,84050825,2026-07-06 13:30:00,Mon,13:30:00,8,8,8.0
SAB,3393,84050826,2026-07-06 14:00:00,Mon,14:00:00,8,8,8.0
SAB,3393,84050827,2026-07-06 14:30:00,Mon,14:30:00,8,8,8.0
SAB,3393,84050828,2026-07-06 15:00:00,Mon,15:00:00,7,7,6.0
SAB,3393,84050829,2026-07-06 15:30:00,Mon,15:30:00,4,4,4.0
SAB,3393,84050830,2026-07-06 16:00:00,Mon,16:00:00,3,3,2.0
SAB,3393,84050831,2026-07-06 16:30:00,Mon,16:30:00,3,3,2.0
SAB,3393,84050832,2026-07-06 17:00:00,Mon,17:00:00,3,3,2.0
SAB,3393,84050833,2026-07-06 17:30:00,Mon,17:30:00,4,4,4.0
SAB,3393,84050834,2026-07-06 18:00:00,Mon,18:00:00,4,4,4.0
SAB,3393,84050835,2026-07-06 18:30:00,Mon,18:30:00,3,3,2.0
SAB,3393,84050836,2026-07-06 19:00:00,Mon,19:00:00,4,4,4.0
SAB,3393,84050837,2026-07-06 19:30:00,Mon,19:30:00,6,6,5.0
SAB,3393,84050838,2026-07-06 20:00:00,Mon,20:00:00,10,10,9.0
SAB,3393,84050839,2026-07-06 20:30:00,Mon,20:30:00,14,14,13.0
SAB,3393,84050840,2026-07-06 21:00:00,Mon,21:00:00,14,14,13.0
SAB,3393,84050841,2026-07-06 21:30:00,Mon,21:30:00,13,13,12.0
SAB,3393,84050842,2026-07-06 22:00:00,Mon,22:00:00,10,10,9.0
SAB,3393,84050843,2026-07-06 22:30:00,Mon,22:30:00,6,6,5.0
SAB,3393,84050844,2026-07-06 23:00:00,Mon,23:00:00,3,3,2.0
SAB,3393,84050845,2026-07-06 23:30:00,Mon,23:30:00,3,3,2.0
SAB,3393,84050846,2026-07-07 00:00:00,Tue,00:00:00,0,0,0.0
SAB,3393,84050847,2026-07-07 00:30:00,Tue,00:30:00,0,0,0.0
SAB,3393,84050848,2026-07-07 01:00:00,Tue,01:00:00,0,0,0.0
SAB,3393,84050849,2026-07-07 01:30:00,Tue,01:30:00,0,0,0.0
SAB,3393,84050850,2026-07-07 02:00:00,Tue,02:00:00,0,0,0.0
SAB,3393,84050851,2026-07-07 02:30:00,Tue,02:30:00,0,0,0.0
SAB,3393,84050852,2026-07-07 03:00:00,Tue,03:00:00,0,0,0.0
SAB,3393,84050853,2026-07-07 03:30:00,Tue,03:30:00,0,0,0.0
SAB,3393,84050854,2026-07-07 04:00:00,Tue,04:00:00,0,0,0.0
SAB,3393,84050855,2026-07-07 04:30:00,Tue,04:30:00,0,0,0.0
SAB,3393,84050856,2026-07-07 05:00:00,Tue,05:00:00,0,0,0.0
SAB,3393,84050857,2026-07-07 05:30:00,Tue,05:30:00,0,0,0.0
SAB,3393,84050858,2026-07-07 06:00:00,Tue,06:00:00,0,0,0.0
SAB,3393,84050859,2026-07-07 06:30:00,Tue,06:30:00,0,0,0.0
SAB,3393,84050860,2026-07-07 07:00:00,Tue,07:00:00,0,0,0.0
SAB,3393,84050861,2026-07-07 07:30:00,Tue,07:30:00,0,0,0.0
SAB,3393,84050862,2026-07-07 08:00:00,Tue,08:00:00,0,0,0.0
SAB,3393,84050863,2026-07-07 08:30:00,Tue,08:30:00,0,0,0.0
SAB,3393,84050864,2026-07-07 09:00:00,Tue,09:00:00,0,0,0.0
SAB,3393,84050865,2026-07-07 09:30:00,Tue,09:30:00,0,0,0.0
SAB,3393,84050866,2026-07-07 10:00:00,Tue,10:00:00,0,0,0.0
SAB,3393,84050867,2026-07-07 10:30:00,Tue,10:30:00,0,0,0.0
SAB,3393,84050868,2026-07-07 11:00:00,Tue,11:00:00,0,0,0.0
SAB,3393,84050869,2026-07-07 11:30:00,Tue,11:30:00,0,0,0.0
SAB,3393,84050870,2026-07-07 12:00:00,Tue,12:00:00,3,3,2.0
SAB,3393,84050871,2026-07-07 12:30:00,Tue,12:30:00,3,3,2.0
SAB,3393,84050872,2026-07-07 13:00:00,Tue,13:00:00,6,6,5.0
SAB,3393,84050873,2026-07-07 13:30:00,Tue,13:30:00,7,7,6.0
SAB,3393,84050874,2026-07-07 14:00:00,Tue,14:00:00,7,7,6.0
SAB,3393,84050875,2026-07-07 14:30:00,Tue,14:30:00,7,7,6.0
SAB,3393,84050876,2026-07-07 15:00:00,Tue,15:00:00,7,7,6.0
SAB,3393,84050877,2026-07-07 15:30:00,Tue,15:30:00,4,4,4.0
SAB,3393,84050878,2026-07-07 16:00:00,Tue,16:00:00,3,3,2.0
SAB,3393,84050879,2026-07-07 16:30:00,Tue,16:30:00,3,3,2.0
SAB,3393,84050880,2026-07-07 17:00:00,Tue,17:00:00,3,3,2.0
SAB,3393,84050881,2026-07-07 17:30:00,Tue,17:30:00,3,3,2.0
SAB,3393,84050882,2026-07-07 18:00:00,Tue,18:00:00,4,4,4.0
SAB,3393,84050883,2026-07-07 18:30:00,Tue,18:30:00,3,3,2.0
SAB,3393,84050884,2026-07-07 19:00:00,Tue,19:00:00,4,4,4.0
SAB,3393,84050885,2026-07-07 19:30:00,Tue,19:30:00,7,7,6.0
SAB,3393,84050886,2026-07-07 20:00:00,Tue,20:00:00,11,11,10.0
SAB,3393,84050887,2026-07-07 20:30:00,Tue,20:30:00,15,15,14.0
SAB,3393,84050888,2026-07-07 21:00:00,Tue,21:00:00,17,17,16.0
SAB,3393,84050889,2026-07-07 21:30:00,Tue,21:30:00,15,15,14.0
SAB,3393,84050890,2026-07-07 22:00:00,Tue,22:00:00,11,11,10.0
SAB,3393,84050891,2026-07-07 22:30:00,Tue,22:30:00,6,6,5.0
SAB,3393,84050892,2026-07-07 23:00:00,Tue,23:00:00,3,3,2.0
SAB,3393,84050893,2026-07-07 23:30:00,Tue,23:30:00,3,3,2.0
SAB,3393,84050894,2026-07-08 00:00:00,Wed,00:00:00,0,0,0.0
SAB,3393,84050895,2026-07-08 00:30:00,Wed,00:30:00,0,0,0.0
SAB,3393,84050896,2026-07-08 01:00:00,Wed,01:00:00,0,0,0.0
SAB,3393,84050897,2026-07-08 01:30:00,Wed,01:30:00,0,0,0.0
SAB,3393,84050898,2026-07-08 02:00:00,Wed,02:00:00,0,0,0.0
SAB,3393,84050899,2026-07-08 02:30:00,Wed,02:30:00,0,0,0.0
SAB,3393,84050900,2026-07-08 03:00:00,Wed,03:00:00,0,0,0.0
SAB,3393,84050901,2026-07-08 03:30:00,Wed,03:30:00,0,0,0.0
SAB,3393,84050902,2026-07-08 04:00:00,Wed,04:00:00,0,0,0.0
SAB,3393,84050903,2026-07-08 04:30:00,Wed,04:30:00,0,0,0.0
SAB,3393,84050904,2026-07-08 05:00:00,Wed,05:00:00,0,0,0.0
SAB,3393,84050905,2026-07-08 05:30:00,Wed,05:30:00,0,0,0.0
SAB,3393,84050906,2026-07-08 06:00:00,Wed,06:00:00,0,0,0.0
SAB,3393,84050907,2026-07-08 06:30:00,Wed,06:30:00,0,0,0.0
SAB,3393,84050908,2026-07-08 07:00:00,Wed,07:00:00,0,0,0.0
SAB,3393,84050909,2026-07-08 07:30:00,Wed,07:30:00,0,0,0.0
SAB,3393,84050910,2026-07-08 08:00:00,Wed,08:00:00,0,0,0.0
SAB,3393,84050911,2026-07-08 08:30:00,Wed,08:30:00,0,0,0.0
SAB,3393,84050912,2026-07-08 09:00:00,Wed,09:00:00,0,0,0.0
SAB,3393,84050913,2026-07-08 09:30:00,Wed,09:30:00,0,0,0.0
SAB,3393,84050914,2026-07-08 10:00:00,Wed,10:00:00,0,0,0.0
SAB,3393,84050915,2026-07-08 10:30:00,Wed,10:30:00,0,0,0.0
SAB,3393,84050916,2026-07-08 11:00:00,Wed,11:00:00,0,0,0.0
SAB,3393,84050917,2026-07-08 11:30:00,Wed,11:30:00,0,0,0.0
SAB,3393,84050918,2026-07-08 12:00:00,Wed,12:00:00,3,3,2.0
SAB,3393,84050919,2026-07-08 12:30:00,Wed,12:30:00,3,3,2.0
SAB,3393,84050920,2026-07-08 13:00:00,Wed,13:00:00,6,6,5.0
SAB,3393,84050921,2026-07-08 13:30:00,Wed,13:30:00,8,8,8.0
SAB,3393,84050922,2026-07-08 14:00:00,Wed,14:00:00,8,8,8.0
SAB,3393,84050923,2026-07-08 14:30:00,Wed,14:30:00,8,8,8.0
SAB,3393,84050924,2026-07-08 15:00:00,Wed,15:00:00,6,6,5.0
SAB,3393,84050925,2026-07-08 15:30:00,Wed,15:30:00,4,4,4.0
SAB,3393,84050926,2026-07-08 16:00:00,Wed,16:00:00,3,3,2.0
SAB,3393,84050927,2026-07-08 16:30:00,Wed,16:30:00,3,3,2.0
SAB,3393,84050928,2026-07-08 17:00:00,Wed,17:00:00,3,3,2.0
SAB,3393,84050929,2026-07-08 17:30:00,Wed,17:30:00,3,3,2.0
SAB,3393,84050930,2026-07-08 18:00:00,Wed,18:00:00,4,4,4.0
SAB,3393,84050931,2026-07-08 18:30:00,Wed,18:30:00,3,3,2.0
SAB,3393,84050932,2026-07-08 19:00:00,Wed,19:00:00,4,4,4.0
SAB,3393,84050933,2026-07-08 19:30:00,Wed,19:30:00,7,7,6.0
SAB,3393,84050934,2026-07-08 20:00:00,Wed,20:00:00,11,11,10.0
SAB,3393,84050935,2026-07-08 20:30:00,Wed,20:30:00,18,18,17.0
SAB,3393,84050936,2026-07-08 21:00:00,Wed,21:00:00,21,21,20.0
SAB,3393,84050937,2026-07-08 21:30:00,Wed,21:30:00,18,18,17.0
SAB,3393,84050938,2026-07-08 22:00:00,Wed,22:00:00,14,14,13.0
SAB,3393,84050939,2026-07-08 22:30:00,Wed,22:30:00,7,7,6.0
SAB,3393,84050940,2026-07-08 23:00:00,Wed,23:00:00,3,3,2.0
SAB,3393,84050941,2026-07-08 23:30:00,Wed,23:30:00,3,3,2.0
SAB,3393,84050942,2026-07-09 00:00:00,Thu,00:00:00,0,0,0.0
SAB,3393,84050943,2026-07-09 00:30:00,Thu,00:30:00,0,0,0.0
SAB,3393,84050944,2026-07-09 01:00:00,Thu,01:00:00,0,0,0.0
SAB,3393,84050945,2026-07-09 01:30:00,Thu,01:30:00,0,0,0.0
SAB,3393,84050946,2026-07-09 02:00:00,Thu,02:00:00,0,0,0.0
SAB,3393,84050947,2026-07-09 02:30:00,Thu,02:30:00,0,0,0.0
SAB,3393,84050948,2026-07-09 03:00:00,Thu,03:00:00,0,0,0.0
SAB,3393,84050949,2026-07-09 03:30:00,Thu,03:30:00,0,0,0.0
SAB,3393,84050950,2026-07-09 04:00:00,Thu,04:00:00,0,0,0.0
SAB,3393,84050951,2026-07-09 04:30:00,Thu,04:30:00,0,0,0.0
SAB,3393,84050952,2026-07-09 05:00:00,Thu,05:00:00,0,0,0.0
SAB,3393,84050953,2026-07-09 05:30:00,Thu,05:30:00,0,0,0.0
SAB,3393,84050954,2026-07-09 06:00:00,Thu,06:00:00,0,0,0.0
SAB,3393,84050955,2026-07-09 06:30:00,Thu,06:30:00,0,0,0.0
SAB,3393,84050956,2026-07-09 07:00:00,Thu,07:00:00,0,0,0.0
SAB,3393,84050957,2026-07-09 07:30:00,Thu,07:30:00,0,0,0.0
SAB,3393,84050958,2026-07-09 08:00:00,Thu,08:00:00,0,0,0.0
SAB,3393,84050959,2026-07-09 08:30:00,Thu,08:30:00,0,0,0.0
SAB,3393,84050960,2026-07-09 09:00:00,Thu,09:00:00,0,0,0.0
SAB,3393,84050961,2026-07-09 09:30:00,Thu,09:30:00,0,0,0.0
SAB,3393,84050962,2026-07-09 10:00:00,Thu,10:00:00,0,0,0.0
SAB,3393,84050963,2026-07-09 10:30:00,Thu,10:30:00,0,0,0.0
SAB,3393,84050964,2026-07-09 11:00:00,Thu,11:00:00,0,0,0.0
SAB,3393,84050965,2026-07-09 11:30:00,Thu,11:30:00,0,0,0.0
SAB,3393,84050966,2026-07-09 12:00:00,Thu,12:00:00,3,3,2.0
SAB,3393,84050967,2026-07-09 12:30:00,Thu,12:30:00,3,3,2.0
SAB,3393,84050968,2026-07-09 13:00:00,Thu,13:00:00,6,6,5.0
SAB,3393,84050969,2026-07-09 13:30:00,Thu,13:30:00,7,7,6.0
SAB,3393,84050970,2026-07-09 14:00:00,Thu,14:00:00,10,10,9.0
SAB,3393,84050971,2026-07-09 14:30:00,Thu,14:30:00,8,8,8.0
SAB,3393,84050972,2026-07-09 15:00:00,Thu,15:00:00,6,6,5.0
SAB,3393,84050973,2026-07-09 15:30:00,Thu,15:30:00,4,4,4.0
SAB,3393,84050974,2026-07-09 16:00:00,Thu,16:00:00,3,3,2.0
SAB,3393,84050975,2026-07-09 16:30:00,Thu,16:30:00,3,3,2.0
SAB,3393,84050976,2026-07-09 17:00:00,Thu,17:00:00,3,3,2.0
SAB,3393,84050977,2026-07-09 17:30:00,Thu,17:30:00,3,3,2.0
SAB,3393,84050978,2026-07-09 18:00:00,Thu,18:00:00,3,3,2.0
SAB,3393,84050979,2026-07-09 18:30:00,Thu,18:30:00,3,3,2.0
SAB,3393,84050980,2026-07-09 19:00:00,Thu,19:00:00,4,4,4.0
SAB,3393,84050981,2026-07-09 19:30:00,Thu,19:30:00,8,8,8.0
SAB,3393,84050982,2026-07-09 20:00:00,Thu,20:00:00,13,13,12.0
SAB,3393,84050983,2026-07-09 20:30:00,Thu,20:30:00,18,18,17.0
SAB,3393,84050984,2026-07-09 21:00:00,Thu,21:00:00,21,21,20.0
SAB,3393,84050985,2026-07-09 21:30:00,Thu,21:30:00,18,18,17.0
SAB,3393,84050986,2026-07-09 22:00:00,Thu,22:00:00,13,13,12.0
SAB,3393,84050987,2026-07-09 22:30:00,Thu,22:30:00,6,6,5.0
SAB,3393,84050988,2026-07-09 23:00:00,Thu,23:00:00,3,3,2.0
SAB,3393,84050989,2026-07-09 23:30:00,Thu,23:30:00,3,3,2.0
SAB,3393,84050990,2026-07-10 00:00:00,Fri,00:00:00,0,0,0.0
SAB,3393,84050991,2026-07-10 00:30:00,Fri,00:30:00,0,0,0.0
SAB,3393,84050992,2026-07-10 01:00:00,Fri,01:00:00,0,0,0.0
SAB,3393,84050993,2026-07-10 01:30:00,Fri,01:30:00,0,0,0.0
SAB,3393,84132114,2026-07-10 02:00:00,Fri,02:00:00,0,0,0.0
SAB,3393,84132115,2026-07-10 02:30:00,Fri,02:30:00,0,0,0.0
SAB,3393,84132116,2026-07-10 03:00:00,Fri,03:00:00,0,0,0.0
SAB,3393,84132117,2026-07-10 03:30:00,Fri,03:30:00,0,0,0.0
SAB,3393,84132118,2026-07-10 04:00:00,Fri,04:00:00,0,0,0.0
SAB,3393,84132119,2026-07-10 04:30:00,Fri,04:30:00,0,0,0.0
SAB,3393,84132120,2026-07-10 05:00:00,Fri,05:00:00,0,0,0.0
SAB,3393,84132121,2026-07-10 05:30:00,Fri,05:30:00,0,0,0.0
SAB,3393,84132122,2026-07-10 06:00:00,Fri,06:00:00,0,0,0.0
SAB,3393,84132123,2026-07-10 06:30:00,Fri,06:30:00,0,0,0.0
SAB,3393,84132124,2026-07-10 07:00:00,Fri,07:00:00,0,0,0.0
SAB,3393,84132125,2026-07-10 07:30:00,Fri,07:30:00,0,0,0.0
SAB,3393,84132126,2026-07-10 08:00:00,Fri,08:00:00,0,0,0.0
SAB,3393,84132127,2026-07-10 08:30:00,Fri,08:30:00,0,0,0.0
SAB,3393,84132128,2026-07-10 09:00:00,Fri,09:00:00,0,0,0.0
SAB,3393,84132129,2026-07-10 09:30:00,Fri,09:30:00,0,0,0.0
SAB,3393,84132130,2026-07-10 10:00:00,Fri,10:00:00,0,0,0.0
SAB,3393,84132131,2026-07-10 10:30:00,Fri,10:30:00,0,0,0.0
SAB,3393,84132132,2026-07-10 11:00:00,Fri,11:00:00,0,0,0.0
SAB,3393,84132133,2026-07-10 11:30:00,Fri,11:30:00,0,0,0.0
SAB,3393,84132134,2026-07-10 12:00:00,Fri,12:00:00,3,3,2.0
SAB,3393,84132135,2026-07-10 12:30:00,Fri,12:30:00,4,4,4.0
SAB,3393,84132136,2026-07-10 13:00:00,Fri,13:00:00,8,8,8.0
SAB,3393,84132137,2026-07-10 13:30:00,Fri,13:30:00,11,11,10.0
SAB,3393,84132138,2026-07-10 14:00:00,Fri,14:00:00,13,13,12.0
SAB,3393,84132139,2026-07-10 14:30:00,Fri,14:30:00,11,11,10.0
SAB,3393,84132140,2026-07-10 15:00:00,Fri,15:00:00,7,7,6.0
SAB,3393,84132141,2026-07-10 15:30:00,Fri,15:30:00,6,6,5.0
SAB,3393,84132142,2026-07-10 16:00:00,Fri,16:00:00,4,4,4.0
SAB,3393,84132143,2026-07-10 16:30:00,Fri,16:30:00,3,3,2.0
SAB,3393,84132144,2026-07-10 17:00:00,Fri,17:00:00,3,3,2.0
SAB,3393,84132145,2026-07-10 17:30:00,Fri,17:30:00,3,3,2.0
SAB,3393,84132146,2026-07-10 18:00:00,Fri,18:00:00,4,4,4.0
SAB,3393,84132147,2026-07-10 18:30:00,Fri,18:30:00,4,4,4.0
SAB,3393,84132148,2026-07-10 19:00:00,Fri,19:00:00,6,6,5.0
SAB,3393,84132149,2026-07-10 19:30:00,Fri,19:30:00,10,10,9.0
SAB,3393,84132150,2026-07-10 20:00:00,Fri,20:00:00,21,21,20.0
SAB,3393,84132151,2026-07-10 20:30:00,Fri,20:30:00,31,31,29.0
SAB,3393,84132152,2026-07-10 21:00:00,Fri,21:00:00,34,34,32.0
SAB,3393,84132153,2026-07-10 21:30:00,Fri,21:30:00,32,32,31.0
SAB,3393,84132154,2026-07-10 22:00:00,Fri,22:00:00,27,27,25.0
SAB,3393,84132155,2026-07-10 22:30:00,Fri,22:30:00,18,18,17.0
SAB,3393,84132156,2026-07-10 23:00:00,Fri,23:00:00,7,7,6.0
SAB,3393,84132157,2026-07-10 23:30:00,Fri,23:30:00,3,3,2.0
SAB,3393,84132158,2026-07-11 00:00:00,Sat,00:00:00,0,0,0.0
SAB,3393,84132159,2026-07-11 00:30:00,Sat,00:30:00,0,0,0.0
SAB,3393,84132160,2026-07-11 01:00:00,Sat,01:00:00,0,0,0.0
SAB,3393,84132161,2026-07-11 01:30:00,Sat,01:30:00,0,0,0.0
SAB,3393,84157170,2026-07-11 02:00:00,Sat,02:00:00,0,0,0.0
SAB,3393,84157171,2026-07-11 02:30:00,Sat,02:30:00,0,0,0.0
SAB,3393,84157172,2026-07-11 03:00:00,Sat,03:00:00,0,0,0.0
SAB,3393,84157173,2026-07-11 03:30:00,Sat,03:30:00,0,0,0.0
SAB,3393,84157174,2026-07-11 04:00:00,Sat,04:00:00,0,0,0.0
SAB,3393,84157175,2026-07-11 04:30:00,Sat,04:30:00,0,0,0.0
SAB,3393,84157176,2026-07-11 05:00:00,Sat,05:00:00,0,0,0.0
SAB,3393,84157177,2026-07-11 05:30:00,Sat,05:30:00,0,0,0.0
SAB,3393,84157178,2026-07-11 06:00:00,Sat,06:00:00,0,0,0.0
SAB,3393,84157179,2026-07-11 06:30:00,Sat,06:30:00,0,0,0.0
SAB,3393,84157180,2026-07-11 07:00:00,Sat,07:00:00,0,0,0.0
SAB,3393,84157181,2026-07-11 07:30:00,Sat,07:30:00,0,0,0.0
SAB,3393,84157182,2026-07-11 08:00:00,Sat,08:00:00,0,0,0.0
SAB,3393,84157183,2026-07-11 08:30:00,Sat,08:30:00,0,0,0.0
SAB,3393,84157184,2026-07-11 09:00:00,Sat,09:00:00,0,0,0.0
SAB,3393,84157185,2026-07-11 09:30:00,Sat,09:30:00,0,0,0.0
SAB,3393,84157186,2026-07-11 10:00:00,Sat,10:00:00,0,0,0.0
SAB,3393,84157187,2026-07-11 10:30:00,Sat,10:30:00,0,0,0.0
SAB,3393,84157188,2026-07-11 11:00:00,Sat,11:00:00,0,0,0.0
SAB,3393,84157189,2026-07-11 11:30:00,Sat,11:30:00,0,0,0.0
SAB,3393,84157190,2026-07-11 12:00:00,Sat,12:00:00,3,3,2.0
SAB,3393,84157191,2026-07-11 12:30:00,Sat,12:30:00,6,6,5.0
SAB,3393,84157192,2026-07-11 13:00:00,Sat,13:00:00,10,10,9.0
SAB,3393,84157193,2026-07-11 13:30:00,Sat,13:30:00,15,15,14.0
SAB,3393,84157194,2026-07-11 14:00:00,Sat,14:00:00,15,15,14.0
SAB,3393,84157195,2026-07-11 14:30:00,Sat,14:30:00,13,13,12.0
SAB,3393,84157196,2026-07-11 15:00:00,Sat,15:00:00,10,10,9.0
SAB,3393,84157197,2026-07-11 15:30:00,Sat,15:30:00,7,7,6.0
SAB,3393,84157198,2026-07-11 16:00:00,Sat,16:00:00,6,6,5.0
SAB,3393,84157199,2026-07-11 16:30:00,Sat,16:30:00,4,4,4.0
SAB,3393,84157200,2026-07-11 17:00:00,Sat,17:00:00,4,4,4.0
SAB,3393,84157201,2026-07-11 17:30:00,Sat,17:30:00,4,4,4.0
SAB,3393,84157202,2026-07-11 18:00:00,Sat,18:00:00,4,4,4.0
SAB,3393,84157203,2026-07-11 18:30:00,Sat,18:30:00,6,6,5.0
SAB,3393,84157204,2026-07-11 19:00:00,Sat,19:00:00,6,6,5.0
SAB,3393,84157205,2026-07-11 19:30:00,Sat,19:30:00,10,10,9.0
SAB,3393,84157206,2026-07-11 20:00:00,Sat,20:00:00,18,18,17.0
SAB,3393,84157207,2026-07-11 20:30:00,Sat,20:30:00,29,29,28.0
SAB,3393,84157208,2026-07-11 21:00:00,Sat,21:00:00,36,36,35.0
SAB,3393,84157209,2026-07-11 21:30:00,Sat,21:30:00,32,32,31.0
SAB,3393,84157210,2026-07-11 22:00:00,Sat,22:00:00,28,28,27.0
SAB,3393,84157211,2026-07-11 22:30:00,Sat,22:30:00,18,18,17.0
SAB,3393,84157212,2026-07-11 23:00:00,Sat,23:00:00,7,7,6.0
SAB,3393,84157213,2026-07-11 23:30:00,Sat,23:30:00,3,3,2.0
SAB,3393,84157214,2026-07-12 00:00:00,Sun,00:00:00,0,0,0.0
SAB,3393,84157215,2026-07-12 00:30:00,Sun,00:30:00,0,0,0.0
SAB,3393,84157216,2026-07-12 01:00:00,Sun,01:00:00,0,0,0.0
SAB,3393,84157217,2026-07-12 01:30:00,Sun,01:30:00,0,0,0.0
SAB,3393,84196338,2026-07-12 02:00:00,Sun,02:00:00,0,0,0.0
SAB,3393,84196339,2026-07-12 02:30:00,Sun,02:30:00,0,0,0.0
SAB,3393,84196340,2026-07-12 03:00:00,Sun,03:00:00,0,0,0.0
SAB,3393,84196341,2026-07-12 03:30:00,Sun,03:30:00,0,0,0.0
SAB,3393,84196342,2026-07-12 04:00:00,Sun,04:00:00,0,0,0.0
SAB,3393,84196343,2026-07-12 04:30:00,Sun,04:30:00,0,0,0.0
SAB,3393,84196344,2026-07-12 05:00:00,Sun,05:00:00,0,0,0.0
SAB,3393,84196345,2026-07-12 05:30:00,Sun,05:30:00,0,0,0.0
SAB,3393,84196346,2026-07-12 06:00:00,Sun,06:00:00,0,0,0.0
SAB,3393,84196347,2026-07-12 06:30:00,Sun,06:30:00,0,0,0.0
SAB,3393,84196348,2026-07-12 07:00:00,Sun,07:00:00,0,0,0.0
SAB,3393,84196349,2026-07-12 07:30:00,Sun,07:30:00,0,0,0.0
SAB,3393,84196350,2026-07-12 08:00:00,Sun,08:00:00,0,0,0.0
SAB,3393,84196351,2026-07-12 08:30:00,Sun,08:30:00,0,0,0.0
SAB,3393,84196352,2026-07-12 09:00:00,Sun,09:00:00,0,0,0.0
SAB,3393,84196353,2026-07-12 09:30:00,Sun,09:30:00,0,0,0.0
SAB,3393,84196354,2026-07-12 10:00:00,Sun,10:00:00,0,0,0.0
SAB,3393,84196355,2026-07-12 10:30:00,Sun,10:30:00,0,0,0.0
SAB,3393,84196356,2026-07-12 11:00:00,Sun,11:00:00,0,0,0.0
SAB,3393,84196357,2026-07-12 11:30:00,Sun,11:30:00,0,0,0.0
SAB,3393,84196358,2026-07-12 12:00:00,Sun,12:00:00,4,4,4.0
SAB,3393,84196359,2026-07-12 12:30:00,Sun,12:30:00,6,6,5.0
SAB,3393,84196360,2026-07-12 13:00:00,Sun,13:00:00,11,11,10.0
SAB,3393,84196361,2026-07-12 13:30:00,Sun,13:30:00,17,17,16.0
SAB,3393,84196362,2026-07-12 14:00:00,Sun,14:00:00,18,18,17.0
SAB,3393,84196363,2026-07-12 14:30:00,Sun,14:30:00,15,15,14.0
SAB,3393,84196364,2026-07-12 15:00:00,Sun,15:00:00,13,13,12.0
SAB,3393,84196365,2026-07-12 15:30:00,Sun,15:30:00,8,8,8.0
SAB,3393,84196366,2026-07-12 16:00:00,Sun,16:00:00,6,6,5.0
SAB,3393,84196367,2026-07-12 16:30:00,Sun,16:30:00,7,7,6.0
SAB,3393,84196368,2026-07-12 17:00:00,Sun,17:00:00,6,6,5.0
SAB,3393,84196369,2026-07-12 17:30:00,Sun,17:30:00,4,4,4.0
SAB,3393,84196370,2026-07-12 18:00:00,Sun,18:00:00,6,6,5.0
SAB,3393,84196371,2026-07-12 18:30:00,Sun,18:30:00,6,6,5.0
SAB,3393,84196372,2026-07-12 19:00:00,Sun,19:00:00,8,8,8.0
SAB,3393,84196373,2026-07-12 19:30:00,Sun,19:30:00,14,14,13.0
SAB,3393,84196374,2026-07-12 20:00:00,Sun,20:00:00,27,27,25.0
SAB,3393,84196375,2026-07-12 20:30:00,Sun,20:30:00,35,35,33.0
SAB,3393,84196376,2026-07-12 21:00:00,Sun,21:00:00,35,35,33.0
SAB,3393,84196377,2026-07-12 21:30:00,Sun,21:30:00,34,34,32.0
SAB,3393,84196378,2026-07-12 22:00:00,Sun,22:00:00,24,24,23.0
SAB,3393,84196379,2026-07-12 22:30:00,Sun,22:30:00,13,13,12.0
SAB,3393,84196380,2026-07-12 23:00:00,Sun,23:00:00,4,4,4.0
SAB,3393,84196381,2026-07-12 23:30:00,Sun,23:30:00,3,3,2.0
