city_code,c3pl_id,slot_id,slot_started_local_at,day_of_week,time,max_couriers_pilot,available_capacity,final_order_forecast
ALC,3393,83622334,2026-06-15 00:00:00,Mon,00:00:00,2,0,2.0
ALC,3393,83622335,2026-06-15 00:30:00,Mon,00:30:00,1,1,1.0
ALC,3393,83622336,2026-06-15 01:00:00,Mon,01:00:00,0,0,0.0
ALC,3393,83622337,2026-06-15 01:30:00,Mon,01:30:00,0,0,0.0
ALC,3393,83622338,2026-06-15 02:00:00,Mon,02:00:00,0,0,0.0
ALC,3393,83622339,2026-06-15 02:30:00,Mon,02:30:00,0,0,0.0
ALC,3393,83622340,2026-06-15 03:00:00,Mon,03:00:00,0,0,0.0
ALC,3393,83622341,2026-06-15 03:30:00,Mon,03:30:00,0,0,0.0
ALC,3393,83622342,2026-06-15 04:00:00,Mon,04:00:00,0,0,0.0
ALC,3393,83622343,2026-06-15 04:30:00,Mon,04:30:00,0,0,0.0
ALC,3393,83622344,2026-06-15 05:00:00,Mon,05:00:00,0,0,0.0
ALC,3393,83622345,2026-06-15 05:30:00,Mon,05:30:00,0,0,0.0
ALC,3393,83622346,2026-06-15 06:00:00,Mon,06:00:00,0,0,0.0
ALC,3393,83622347,2026-06-15 06:30:00,Mon,06:30:00,0,0,0.0
ALC,3393,83622348,2026-06-15 07:00:00,Mon,07:00:00,0,0,0.0
ALC,3393,83622349,2026-06-15 07:30:00,Mon,07:30:00,0,0,0.0
ALC,3393,83622350,2026-06-15 08:00:00,Mon,08:00:00,0,0,0.0
ALC,3393,83622351,2026-06-15 08:30:00,Mon,08:30:00,1,0,1.0
ALC,3393,83622352,2026-06-15 09:00:00,Mon,09:00:00,1,-1,1.0
ALC,3393,83622353,2026-06-15 09:30:00,Mon,09:30:00,2,0,2.0
ALC,3393,83622354,2026-06-15 10:00:00,Mon,10:00:00,4,0,4.0
ALC,3393,83622355,2026-06-15 10:30:00,Mon,10:30:00,5,0,7.0
ALC,3393,83622356,2026-06-15 11:00:00,Mon,11:00:00,5,0,7.0
ALC,3393,83622357,2026-06-15 11:30:00,Mon,11:30:00,5,0,6.0
ALC,3393,83622358,2026-06-15 12:00:00,Mon,12:00:00,6,0,8.0
ALC,3393,83622359,2026-06-15 12:30:00,Mon,12:30:00,7,0,9.0
ALC,3393,83622360,2026-06-15 13:00:00,Mon,13:00:00,9,0,12.0
ALC,3393,83622361,2026-06-15 13:30:00,Mon,13:30:00,12,0,16.0
ALC,3393,83622362,2026-06-15 14:00:00,Mon,14:00:00,16,0,21.0
ALC,3393,83622363,2026-06-15 14:30:00,Mon,14:30:00,16,0,21.0
ALC,3393,83622364,2026-06-15 15:00:00,Mon,15:00:00,13,0,17.0
ALC,3393,83622365,2026-06-15 15:30:00,Mon,15:30:00,10,0,13.0
ALC,3393,83622366,2026-06-15 16:00:00,Mon,16:00:00,8,0,11.0
ALC,3393,83622367,2026-06-15 16:30:00,Mon,16:30:00,6,0,8.0
ALC,3393,83622368,2026-06-15 17:00:00,Mon,17:00:00,6,0,7.0
ALC,3393,83622369,2026-06-15 17:30:00,Mon,17:30:00,8,0,11.0
ALC,3393,83622370,2026-06-15 18:00:00,Mon,18:00:00,8,0,11.0
ALC,3393,83622371,2026-06-15 18:30:00,Mon,18:30:00,8,0,11.0
ALC,3393,83622372,2026-06-15 19:00:00,Mon,19:00:00,9,0,11.0
ALC,3393,83622373,2026-06-15 19:30:00,Mon,19:30:00,10,0,13.0
ALC,3393,83622374,2026-06-15 20:00:00,Mon,20:00:00,14,0,18.0
ALC,3393,83622375,2026-06-15 20:30:00,Mon,20:30:00,19,0,25.0
ALC,3393,83622376,2026-06-15 21:00:00,Mon,21:00:00,21,-1,27.0
ALC,3393,83622377,2026-06-15 21:30:00,Mon,21:30:00,20,-1,26.0
ALC,3393,83622378,2026-06-15 22:00:00,Mon,22:00:00,18,0,24.0
ALC,3393,83622379,2026-06-15 22:30:00,Mon,22:30:00,15,1,20.0
ALC,3393,83622380,2026-06-15 23:00:00,Mon,23:00:00,11,0,15.0
ALC,3393,83622381,2026-06-15 23:30:00,Mon,23:30:00,5,0,6.0
ALC,3393,83622382,2026-06-16 00:00:00,Tue,00:00:00,1,0,1.0
ALC,3393,83622383,2026-06-16 00:30:00,Tue,00:30:00,0,0,0.0
ALC,3393,83622384,2026-06-16 01:00:00,Tue,01:00:00,0,0,0.0
ALC,3393,83622385,2026-06-16 01:30:00,Tue,01:30:00,0,0,0.0
ALC,3393,83643122,2026-06-16 02:00:00,Tue,02:00:00,0,0,0.0
ALC,3393,83643123,2026-06-16 02:30:00,Tue,02:30:00,0,0,0.0
ALC,3393,83643124,2026-06-16 03:00:00,Tue,03:00:00,0,0,0.0
ALC,3393,83643125,2026-06-16 03:30:00,Tue,03:30:00,0,0,0.0
ALC,3393,83643126,2026-06-16 04:00:00,Tue,04:00:00,0,0,0.0
ALC,3393,83643127,2026-06-16 04:30:00,Tue,04:30:00,0,0,0.0
ALC,3393,83643128,2026-06-16 05:00:00,Tue,05:00:00,0,0,0.0
ALC,3393,83643129,2026-06-16 05:30:00,Tue,05:30:00,0,0,0.0
ALC,3393,83643130,2026-06-16 06:00:00,Tue,06:00:00,0,0,0.0
ALC,3393,83643131,2026-06-16 06:30:00,Tue,06:30:00,0,0,0.0
ALC,3393,83643132,2026-06-16 07:00:00,Tue,07:00:00,0,0,0.0
ALC,3393,83643133,2026-06-16 07:30:00,Tue,07:30:00,0,0,0.0
ALC,3393,83643134,2026-06-16 08:00:00,Tue,08:00:00,0,0,0.0
ALC,3393,83643135,2026-06-16 08:30:00,Tue,08:30:00,1,0,1.0
ALC,3393,83643136,2026-06-16 09:00:00,Tue,09:00:00,1,0,1.0
ALC,3393,83643137,2026-06-16 09:30:00,Tue,09:30:00,2,0,2.0
ALC,3393,83643138,2026-06-16 10:00:00,Tue,10:00:00,4,0,4.0
ALC,3393,83643139,2026-06-16 10:30:00,Tue,10:30:00,4,0,5.0
ALC,3393,83643140,2026-06-16 11:00:00,Tue,11:00:00,5,0,6.0
ALC,3393,83643141,2026-06-16 11:30:00,Tue,11:30:00,5,0,6.0
ALC,3393,83643142,2026-06-16 12:00:00,Tue,12:00:00,6,0,7.0
ALC,3393,83643143,2026-06-16 12:30:00,Tue,12:30:00,6,0,7.0
ALC,3393,83643144,2026-06-16 13:00:00,Tue,13:00:00,9,0,11.0
ALC,3393,83643145,2026-06-16 13:30:00,Tue,13:30:00,13,0,17.0
ALC,3393,83643146,2026-06-16 14:00:00,Tue,14:00:00,15,0,20.0
ALC,3393,83643147,2026-06-16 14:30:00,Tue,14:30:00,16,1,21.0
ALC,3393,83643148,2026-06-16 15:00:00,Tue,15:00:00,13,0,17.0
ALC,3393,83643149,2026-06-16 15:30:00,Tue,15:30:00,10,0,13.0
ALC,3393,83643150,2026-06-16 16:00:00,Tue,16:00:00,7,0,9.0
ALC,3393,83643151,2026-06-16 16:30:00,Tue,16:30:00,6,0,7.0
ALC,3393,83643152,2026-06-16 17:00:00,Tue,17:00:00,5,-1,6.0
ALC,3393,83643153,2026-06-16 17:30:00,Tue,17:30:00,6,1,8.0
ALC,3393,83643154,2026-06-16 18:00:00,Tue,18:00:00,6,0,8.0
ALC,3393,83643155,2026-06-16 18:30:00,Tue,18:30:00,7,1,9.0
ALC,3393,83643156,2026-06-16 19:00:00,Tue,19:00:00,7,0,9.0
ALC,3393,83643157,2026-06-16 19:30:00,Tue,19:30:00,8,0,11.0
ALC,3393,83643158,2026-06-16 20:00:00,Tue,20:00:00,14,0,18.0
ALC,3393,83643159,2026-06-16 20:30:00,Tue,20:30:00,21,0,28.0
ALC,3393,83643160,2026-06-16 21:00:00,Tue,21:00:00,23,0,30.0
ALC,3393,83643161,2026-06-16 21:30:00,Tue,21:30:00,22,0,30.0
ALC,3393,83643162,2026-06-16 22:00:00,Tue,22:00:00,20,0,26.0
ALC,3393,83643163,2026-06-16 22:30:00,Tue,22:30:00,17,0,22.0
ALC,3393,83643164,2026-06-16 23:00:00,Tue,23:00:00,10,0,14.0
ALC,3393,83643165,2026-06-16 23:30:00,Tue,23:30:00,5,0,6.0
ALC,3393,83643166,2026-06-17 00:00:00,Wed,00:00:00,2,0,2.0
ALC,3393,83643167,2026-06-17 00:30:00,Wed,00:30:00,0,0,0.0
ALC,3393,83643168,2026-06-17 01:00:00,Wed,01:00:00,0,0,0.0
ALC,3393,83643169,2026-06-17 01:30:00,Wed,01:30:00,0,0,0.0
ALC,3393,83643170,2026-06-17 02:00:00,Wed,02:00:00,0,0,0.0
ALC,3393,83643171,2026-06-17 02:30:00,Wed,02:30:00,0,0,0.0
ALC,3393,83643172,2026-06-17 03:00:00,Wed,03:00:00,0,0,0.0
ALC,3393,83643173,2026-06-17 03:30:00,Wed,03:30:00,0,0,0.0
ALC,3393,83643174,2026-06-17 04:00:00,Wed,04:00:00,0,0,0.0
ALC,3393,83643175,2026-06-17 04:30:00,Wed,04:30:00,0,0,0.0
ALC,3393,83643176,2026-06-17 05:00:00,Wed,05:00:00,0,0,0.0
ALC,3393,83643177,2026-06-17 05:30:00,Wed,05:30:00,0,0,0.0
ALC,3393,83643178,2026-06-17 06:00:00,Wed,06:00:00,0,0,0.0
ALC,3393,83643179,2026-06-17 06:30:00,Wed,06:30:00,0,0,0.0
ALC,3393,83643180,2026-06-17 07:00:00,Wed,07:00:00,0,0,0.0
ALC,3393,83643181,2026-06-17 07:30:00,Wed,07:30:00,0,0,0.0
ALC,3393,83643182,2026-06-17 08:00:00,Wed,08:00:00,0,0,0.0
ALC,3393,83643183,2026-06-17 08:30:00,Wed,08:30:00,1,0,0.0
ALC,3393,83643184,2026-06-17 09:00:00,Wed,09:00:00,1,0,1.0
ALC,3393,83643185,2026-06-17 09:30:00,Wed,09:30:00,2,0,2.0
ALC,3393,83643186,2026-06-17 10:00:00,Wed,10:00:00,4,0,4.0
ALC,3393,83643187,2026-06-17 10:30:00,Wed,10:30:00,4,0,5.0
ALC,3393,83643188,2026-06-17 11:00:00,Wed,11:00:00,4,0,5.0
ALC,3393,83643189,2026-06-17 11:30:00,Wed,11:30:00,4,-1,5.0
ALC,3393,83643190,2026-06-17 12:00:00,Wed,12:00:00,6,0,8.0
ALC,3393,83643191,2026-06-17 12:30:00,Wed,12:30:00,6,0,8.0
ALC,3393,83643192,2026-06-17 13:00:00,Wed,13:00:00,10,0,13.0
ALC,3393,83643193,2026-06-17 13:30:00,Wed,13:30:00,13,0,18.0
ALC,3393,83643194,2026-06-17 14:00:00,Wed,14:00:00,16,0,21.0
ALC,3393,83643195,2026-06-17 14:30:00,Wed,14:30:00,16,0,22.0
ALC,3393,83643196,2026-06-17 15:00:00,Wed,15:00:00,12,0,16.0
ALC,3393,83643197,2026-06-17 15:30:00,Wed,15:30:00,10,0,13.0
ALC,3393,83643198,2026-06-17 16:00:00,Wed,16:00:00,8,0,11.0
ALC,3393,83643199,2026-06-17 16:30:00,Wed,16:30:00,7,0,9.0
ALC,3393,83643200,2026-06-17 17:00:00,Wed,17:00:00,5,0,7.0
ALC,3393,83643201,2026-06-17 17:30:00,Wed,17:30:00,7,0,9.0
ALC,3393,83643202,2026-06-17 18:00:00,Wed,18:00:00,8,2,10.0
ALC,3393,83643203,2026-06-17 18:30:00,Wed,18:30:00,8,0,11.0
ALC,3393,83643204,2026-06-17 19:00:00,Wed,19:00:00,9,1,11.0
ALC,3393,83643205,2026-06-17 19:30:00,Wed,19:30:00,11,1,14.0
ALC,3393,83643206,2026-06-17 20:00:00,Wed,20:00:00,16,0,21.0
ALC,3393,83643207,2026-06-17 20:30:00,Wed,20:30:00,23,2,31.0
ALC,3393,83643208,2026-06-17 21:00:00,Wed,21:00:00,26,0,35.0
ALC,3393,83643209,2026-06-17 21:30:00,Wed,21:30:00,26,0,34.0
ALC,3393,83643210,2026-06-17 22:00:00,Wed,22:00:00,22,0,29.0
ALC,3393,83643211,2026-06-17 22:30:00,Wed,22:30:00,17,0,23.0
ALC,3393,83643212,2026-06-17 23:00:00,Wed,23:00:00,12,0,16.0
ALC,3393,83643213,2026-06-17 23:30:00,Wed,23:30:00,5,1,6.0
ALC,3393,83643214,2026-06-18 00:00:00,Thu,00:00:00,1,0,1.0
ALC,3393,83643215,2026-06-18 00:30:00,Thu,00:30:00,1,0,0.0
ALC,3393,83643216,2026-06-18 01:00:00,Thu,01:00:00,0,0,0.0
ALC,3393,83643217,2026-06-18 01:30:00,Thu,01:30:00,0,0,0.0
ALC,3393,83692370,2026-06-18 02:00:00,Thu,02:00:00,0,0,0.0
ALC,3393,83692371,2026-06-18 02:30:00,Thu,02:30:00,0,0,0.0
ALC,3393,83692372,2026-06-18 03:00:00,Thu,03:00:00,0,0,0.0
ALC,3393,83692373,2026-06-18 03:30:00,Thu,03:30:00,0,0,0.0
ALC,3393,83692374,2026-06-18 04:00:00,Thu,04:00:00,0,0,0.0
ALC,3393,83692375,2026-06-18 04:30:00,Thu,04:30:00,0,0,0.0
ALC,3393,83692376,2026-06-18 05:00:00,Thu,05:00:00,0,0,0.0
ALC,3393,83692377,2026-06-18 05:30:00,Thu,05:30:00,0,0,0.0
ALC,3393,83692378,2026-06-18 06:00:00,Thu,06:00:00,0,0,0.0
ALC,3393,83692379,2026-06-18 06:30:00,Thu,06:30:00,0,0,0.0
ALC,3393,83692380,2026-06-18 07:00:00,Thu,07:00:00,0,0,0.0
ALC,3393,83692381,2026-06-18 07:30:00,Thu,07:30:00,0,0,0.0
ALC,3393,83692382,2026-06-18 08:00:00,Thu,08:00:00,0,0,0.0
ALC,3393,83692383,2026-06-18 08:30:00,Thu,08:30:00,1,0,0.0
ALC,3393,83692384,2026-06-18 09:00:00,Thu,09:00:00,2,0,2.0
ALC,3393,83692385,2026-06-18 09:30:00,Thu,09:30:00,2,0,2.0
ALC,3393,83692386,2026-06-18 10:00:00,Thu,10:00:00,3,0,3.0
ALC,3393,83692387,2026-06-18 10:30:00,Thu,10:30:00,5,1,6.0
ALC,3393,83692388,2026-06-18 11:00:00,Thu,11:00:00,4,0,5.0
ALC,3393,83692389,2026-06-18 11:30:00,Thu,11:30:00,5,0,6.0
ALC,3393,83692390,2026-06-18 12:00:00,Thu,12:00:00,7,0,9.0
ALC,3393,83692391,2026-06-18 12:30:00,Thu,12:30:00,7,0,9.0
ALC,3393,83692392,2026-06-18 13:00:00,Thu,13:00:00,11,0,14.0
ALC,3393,83692393,2026-06-18 13:30:00,Thu,13:30:00,14,0,19.0
ALC,3393,83692394,2026-06-18 14:00:00,Thu,14:00:00,17,0,23.0
ALC,3393,83692395,2026-06-18 14:30:00,Thu,14:30:00,16,0,21.0
ALC,3393,83692396,2026-06-18 15:00:00,Thu,15:00:00,13,0,17.0
ALC,3393,83692397,2026-06-18 15:30:00,Thu,15:30:00,11,0,14.0
ALC,3393,83692398,2026-06-18 16:00:00,Thu,16:00:00,8,0,10.0
ALC,3393,83692399,2026-06-18 16:30:00,Thu,16:30:00,6,-1,8.0
ALC,3393,83692400,2026-06-18 17:00:00,Thu,17:00:00,5,-2,7.0
ALC,3393,83692401,2026-06-18 17:30:00,Thu,17:30:00,7,0,9.0
ALC,3393,83692402,2026-06-18 18:00:00,Thu,18:00:00,8,0,11.0
ALC,3393,83692403,2026-06-18 18:30:00,Thu,18:30:00,8,0,11.0
ALC,3393,83692404,2026-06-18 19:00:00,Thu,19:00:00,9,0,11.0
ALC,3393,83692405,2026-06-18 19:30:00,Thu,19:30:00,11,-1,14.0
ALC,3393,83692406,2026-06-18 20:00:00,Thu,20:00:00,17,-1,23.0
ALC,3393,83692407,2026-06-18 20:30:00,Thu,20:30:00,26,-1,35.0
ALC,3393,83692408,2026-06-18 21:00:00,Thu,21:00:00,28,-1,38.0
ALC,3393,83692409,2026-06-18 21:30:00,Thu,21:30:00,29,-1,39.0
ALC,3393,83692410,2026-06-18 22:00:00,Thu,22:00:00,24,-1,31.0
ALC,3393,83692411,2026-06-18 22:30:00,Thu,22:30:00,19,-1,25.0
ALC,3393,83692412,2026-06-18 23:00:00,Thu,23:00:00,13,0,18.0
ALC,3393,83692413,2026-06-18 23:30:00,Thu,23:30:00,6,0,8.0
ALC,3393,83692414,2026-06-19 00:00:00,Fri,00:00:00,2,0,2.0
ALC,3393,83692415,2026-06-19 00:30:00,Fri,00:30:00,0,0,0.0
ALC,3393,83692416,2026-06-19 01:00:00,Fri,01:00:00,0,0,0.0
ALC,3393,83692417,2026-06-19 01:30:00,Fri,01:30:00,0,0,0.0
ALC,3393,83692418,2026-06-19 02:00:00,Fri,02:00:00,0,0,0.0
ALC,3393,83692419,2026-06-19 02:30:00,Fri,02:30:00,0,0,0.0
ALC,3393,83692420,2026-06-19 03:00:00,Fri,03:00:00,0,0,0.0
ALC,3393,83692421,2026-06-19 03:30:00,Fri,03:30:00,0,0,0.0
ALC,3393,83692422,2026-06-19 04:00:00,Fri,04:00:00,0,0,0.0
ALC,3393,83692423,2026-06-19 04:30:00,Fri,04:30:00,0,0,0.0
ALC,3393,83692424,2026-06-19 05:00:00,Fri,05:00:00,0,0,0.0
ALC,3393,83692425,2026-06-19 05:30:00,Fri,05:30:00,0,0,0.0
ALC,3393,83692426,2026-06-19 06:00:00,Fri,06:00:00,0,0,0.0
ALC,3393,83692427,2026-06-19 06:30:00,Fri,06:30:00,0,0,0.0
ALC,3393,83692428,2026-06-19 07:00:00,Fri,07:00:00,0,0,0.0
ALC,3393,83692429,2026-06-19 07:30:00,Fri,07:30:00,0,0,0.0
ALC,3393,83692430,2026-06-19 08:00:00,Fri,08:00:00,0,0,0.0
ALC,3393,83692431,2026-06-19 08:30:00,Fri,08:30:00,1,0,1.0
ALC,3393,83692432,2026-06-19 09:00:00,Fri,09:00:00,1,0,1.0
ALC,3393,83692433,2026-06-19 09:30:00,Fri,09:30:00,2,0,2.0
ALC,3393,83692434,2026-06-19 10:00:00,Fri,10:00:00,4,0,5.0
ALC,3393,83692435,2026-06-19 10:30:00,Fri,10:30:00,5,0,7.0
ALC,3393,83692436,2026-06-19 11:00:00,Fri,11:00:00,5,0,6.0
ALC,3393,83692437,2026-06-19 11:30:00,Fri,11:30:00,5,0,6.0
ALC,3393,83692438,2026-06-19 12:00:00,Fri,12:00:00,7,0,9.0
ALC,3393,83692439,2026-06-19 12:30:00,Fri,12:30:00,8,0,11.0
ALC,3393,83692440,2026-06-19 13:00:00,Fri,13:00:00,12,0,15.0
ALC,3393,83692441,2026-06-19 13:30:00,Fri,13:30:00,18,0,24.0
ALC,3393,83692442,2026-06-19 14:00:00,Fri,14:00:00,21,0,29.0
ALC,3393,83692443,2026-06-19 14:30:00,Fri,14:30:00,21,0,28.0
ALC,3393,83692444,2026-06-19 15:00:00,Fri,15:00:00,16,0,21.0
ALC,3393,83692445,2026-06-19 15:30:00,Fri,15:30:00,13,0,17.0
ALC,3393,83692446,2026-06-19 16:00:00,Fri,16:00:00,9,-1,11.0
ALC,3393,83692447,2026-06-19 16:30:00,Fri,16:30:00,7,-1,9.0
ALC,3393,83692448,2026-06-19 17:00:00,Fri,17:00:00,7,0,9.0
ALC,3393,83692449,2026-06-19 17:30:00,Fri,17:30:00,7,-1,9.0
ALC,3393,83692450,2026-06-19 18:00:00,Fri,18:00:00,8,0,10.0
ALC,3393,83692451,2026-06-19 18:30:00,Fri,18:30:00,9,0,12.0
ALC,3393,83692452,2026-06-19 19:00:00,Fri,19:00:00,11,0,14.0
ALC,3393,83692453,2026-06-19 19:30:00,Fri,19:30:00,14,0,19.0
ALC,3393,83692454,2026-06-19 20:00:00,Fri,20:00:00,25,0,33.0
ALC,3393,83692455,2026-06-19 20:30:00,Fri,20:30:00,38,-1,51.0
ALC,3393,83692456,2026-06-19 21:00:00,Fri,21:00:00,44,-1,59.0
ALC,3393,83692457,2026-06-19 21:30:00,Fri,21:30:00,46,-1,61.0
ALC,3393,83692458,2026-06-19 22:00:00,Fri,22:00:00,40,-1,54.0
ALC,3393,83692459,2026-06-19 22:30:00,Fri,22:30:00,35,-1,46.0
ALC,3393,83692460,2026-06-19 23:00:00,Fri,23:00:00,28,0,38.0
ALC,3393,83692461,2026-06-19 23:30:00,Fri,23:30:00,12,0,16.0
ALC,3393,83692462,2026-06-20 00:00:00,Sat,00:00:00,3,0,4.0
ALC,3393,83692463,2026-06-20 00:30:00,Sat,00:30:00,1,0,1.0
ALC,3393,83692464,2026-06-20 01:00:00,Sat,01:00:00,0,0,0.0
ALC,3393,83692465,2026-06-20 01:30:00,Sat,01:30:00,0,0,0.0
ALC,3393,83733362,2026-06-20 02:00:00,Sat,02:00:00,0,0,0.0
ALC,3393,83733363,2026-06-20 02:30:00,Sat,02:30:00,0,0,0.0
ALC,3393,83733364,2026-06-20 03:00:00,Sat,03:00:00,0,0,0.0
ALC,3393,83733365,2026-06-20 03:30:00,Sat,03:30:00,0,0,0.0
ALC,3393,83733366,2026-06-20 04:00:00,Sat,04:00:00,0,0,0.0
ALC,3393,83733367,2026-06-20 04:30:00,Sat,04:30:00,0,0,0.0
ALC,3393,83733368,2026-06-20 05:00:00,Sat,05:00:00,0,0,0.0
ALC,3393,83733369,2026-06-20 05:30:00,Sat,05:30:00,0,0,0.0
ALC,3393,83733370,2026-06-20 06:00:00,Sat,06:00:00,0,0,0.0
ALC,3393,83733371,2026-06-20 06:30:00,Sat,06:30:00,0,0,0.0
ALC,3393,83733372,2026-06-20 07:00:00,Sat,07:00:00,0,0,0.0
ALC,3393,83733373,2026-06-20 07:30:00,Sat,07:30:00,0,0,0.0
ALC,3393,83733374,2026-06-20 08:00:00,Sat,08:00:00,0,0,0.0
ALC,3393,83733375,2026-06-20 08:30:00,Sat,08:30:00,1,0,1.0
ALC,3393,83733376,2026-06-20 09:00:00,Sat,09:00:00,2,0,2.0
ALC,3393,83733377,2026-06-20 09:30:00,Sat,09:30:00,3,0,3.0
ALC,3393,83733378,2026-06-20 10:00:00,Sat,10:00:00,6,0,8.0
ALC,3393,83733379,2026-06-20 10:30:00,Sat,10:30:00,6,0,8.0
ALC,3393,83733380,2026-06-20 11:00:00,Sat,11:00:00,6,0,8.0
ALC,3393,83733381,2026-06-20 11:30:00,Sat,11:30:00,6,0,8.0
ALC,3393,83733382,2026-06-20 12:00:00,Sat,12:00:00,8,0,10.0
ALC,3393,83733383,2026-06-20 12:30:00,Sat,12:30:00,9,-1,12.0
ALC,3393,83733384,2026-06-20 13:00:00,Sat,13:00:00,16,0,21.0
ALC,3393,83733385,2026-06-20 13:30:00,Sat,13:30:00,24,0,33.0
ALC,3393,83733386,2026-06-20 14:00:00,Sat,14:00:00,31,0,41.0
ALC,3393,83733387,2026-06-20 14:30:00,Sat,14:30:00,30,0,40.0
ALC,3393,83733388,2026-06-20 15:00:00,Sat,15:00:00,21,0,27.0
ALC,3393,83733389,2026-06-20 15:30:00,Sat,15:30:00,14,0,19.0
ALC,3393,83733390,2026-06-20 16:00:00,Sat,16:00:00,11,0,15.0
ALC,3393,83733391,2026-06-20 16:30:00,Sat,16:30:00,10,1,13.0
ALC,3393,83733392,2026-06-20 17:00:00,Sat,17:00:00,9,0,12.0
ALC,3393,83733393,2026-06-20 17:30:00,Sat,17:30:00,9,1,12.0
ALC,3393,83733394,2026-06-20 18:00:00,Sat,18:00:00,12,0,15.0
ALC,3393,83733395,2026-06-20 18:30:00,Sat,18:30:00,11,0,14.0
ALC,3393,83733396,2026-06-20 19:00:00,Sat,19:00:00,12,0,16.0
ALC,3393,83733397,2026-06-20 19:30:00,Sat,19:30:00,15,0,19.0
ALC,3393,83733398,2026-06-20 20:00:00,Sat,20:00:00,24,0,33.0
ALC,3393,83733399,2026-06-20 20:30:00,Sat,20:30:00,37,-1,50.0
ALC,3393,83733400,2026-06-20 21:00:00,Sat,21:00:00,46,0,62.0
ALC,3393,83733401,2026-06-20 21:30:00,Sat,21:30:00,47,0,63.0
ALC,3393,83733402,2026-06-20 22:00:00,Sat,22:00:00,42,0,57.0
ALC,3393,83733403,2026-06-20 22:30:00,Sat,22:30:00,38,0,51.0
ALC,3393,83733404,2026-06-20 23:00:00,Sat,23:00:00,28,1,37.0
ALC,3393,83733405,2026-06-20 23:30:00,Sat,23:30:00,12,0,16.0
ALC,3393,83733406,2026-06-21 00:00:00,Sun,00:00:00,3,0,4.0
ALC,3393,83733407,2026-06-21 00:30:00,Sun,00:30:00,2,0,2.0
ALC,3393,83733408,2026-06-21 01:00:00,Sun,01:00:00,0,0,0.0
ALC,3393,83733409,2026-06-21 01:30:00,Sun,01:30:00,0,0,0.0
ALC,3393,83733410,2026-06-21 02:00:00,Sun,02:00:00,0,0,0.0
ALC,3393,83733411,2026-06-21 02:30:00,Sun,02:30:00,0,0,0.0
ALC,3393,83733412,2026-06-21 03:00:00,Sun,03:00:00,0,0,0.0
ALC,3393,83733413,2026-06-21 03:30:00,Sun,03:30:00,0,0,0.0
ALC,3393,83733414,2026-06-21 04:00:00,Sun,04:00:00,0,0,0.0
ALC,3393,83733415,2026-06-21 04:30:00,Sun,04:30:00,0,0,0.0
ALC,3393,83733416,2026-06-21 05:00:00,Sun,05:00:00,0,0,0.0
ALC,3393,83733417,2026-06-21 05:30:00,Sun,05:30:00,0,0,0.0
ALC,3393,83733418,2026-06-21 06:00:00,Sun,06:00:00,0,0,0.0
ALC,3393,83733419,2026-06-21 06:30:00,Sun,06:30:00,0,0,0.0
ALC,3393,83733420,2026-06-21 07:00:00,Sun,07:00:00,0,0,0.0
ALC,3393,83733421,2026-06-21 07:30:00,Sun,07:30:00,0,0,0.0
ALC,3393,83733422,2026-06-21 08:00:00,Sun,08:00:00,0,0,0.0
ALC,3393,83733423,2026-06-21 08:30:00,Sun,08:30:00,1,0,1.0
ALC,3393,83733424,2026-06-21 09:00:00,Sun,09:00:00,3,0,3.0
ALC,3393,83733425,2026-06-21 09:30:00,Sun,09:30:00,3,0,4.0
ALC,3393,83733426,2026-06-21 10:00:00,Sun,10:00:00,5,0,7.0
ALC,3393,83733427,2026-06-21 10:30:00,Sun,10:30:00,6,1,7.0
ALC,3393,83733428,2026-06-21 11:00:00,Sun,11:00:00,5,0,7.0
ALC,3393,83733429,2026-06-21 11:30:00,Sun,11:30:00,6,0,8.0
ALC,3393,83733430,2026-06-21 12:00:00,Sun,12:00:00,8,0,10.0
ALC,3393,83733431,2026-06-21 12:30:00,Sun,12:30:00,11,0,14.0
ALC,3393,83733432,2026-06-21 13:00:00,Sun,13:00:00,19,2,25.0
ALC,3393,83733433,2026-06-21 13:30:00,Sun,13:30:00,33,1,44.0
ALC,3393,83733434,2026-06-21 14:00:00,Sun,14:00:00,44,2,59.0
ALC,3393,83733435,2026-06-21 14:30:00,Sun,14:30:00,41,-1,56.0
ALC,3393,83733436,2026-06-21 15:00:00,Sun,15:00:00,29,-2,39.0
ALC,3393,83733437,2026-06-21 15:30:00,Sun,15:30:00,20,-1,26.0
ALC,3393,83733438,2026-06-21 16:00:00,Sun,16:00:00,14,0,19.0
ALC,3393,83733439,2026-06-21 16:30:00,Sun,16:30:00,12,0,16.0
ALC,3393,83733440,2026-06-21 17:00:00,Sun,17:00:00,11,1,15.0
ALC,3393,83733441,2026-06-21 17:30:00,Sun,17:30:00,12,-1,15.0
ALC,3393,83733442,2026-06-21 18:00:00,Sun,18:00:00,12,0,15.0
ALC,3393,83733443,2026-06-21 18:30:00,Sun,18:30:00,14,2,19.0
ALC,3393,83733444,2026-06-21 19:00:00,Sun,19:00:00,16,0,21.0
ALC,3393,83733445,2026-06-21 19:30:00,Sun,19:30:00,21,-1,29.0
ALC,3393,83733446,2026-06-21 20:00:00,Sun,20:00:00,35,-1,47.0
ALC,3393,83733447,2026-06-21 20:30:00,Sun,20:30:00,51,-1,69.0
ALC,3393,83733448,2026-06-21 21:00:00,Sun,21:00:00,55,2,74.0
ALC,3393,83733449,2026-06-21 21:30:00,Sun,21:30:00,54,1,72.0
ALC,3393,83733450,2026-06-21 22:00:00,Sun,22:00:00,43,-4,58.0
ALC,3393,83733451,2026-06-21 22:30:00,Sun,22:30:00,34,-3,45.0
ALC,3393,83733452,2026-06-21 23:00:00,Sun,23:00:00,26,2,34.0
ALC,3393,83733453,2026-06-21 23:30:00,Sun,23:30:00,10,1,13.0
GRA,3393,83608222,2026-06-15 00:00:00,Mon,00:00:00,3,-1,3.0
GRA,3393,83608223,2026-06-15 00:30:00,Mon,00:30:00,3,1,2.0
GRA,3393,83608224,2026-06-15 01:00:00,Mon,01:00:00,0,-1,0.0
GRA,3393,83608225,2026-06-15 01:30:00,Mon,01:30:00,0,0,0.0
GRA,3393,83608226,2026-06-15 02:00:00,Mon,02:00:00,0,0,0.0
GRA,3393,83608227,2026-06-15 02:30:00,Mon,02:30:00,0,0,0.0
GRA,3393,83608228,2026-06-15 03:00:00,Mon,03:00:00,0,0,0.0
GRA,3393,83608229,2026-06-15 03:30:00,Mon,03:30:00,0,0,0.0
GRA,3393,83608230,2026-06-15 04:00:00,Mon,04:00:00,0,0,0.0
GRA,3393,83608231,2026-06-15 04:30:00,Mon,04:30:00,0,0,0.0
GRA,3393,83608232,2026-06-15 05:00:00,Mon,05:00:00,0,0,0.0
GRA,3393,83608233,2026-06-15 05:30:00,Mon,05:30:00,0,0,0.0
GRA,3393,83608234,2026-06-15 06:00:00,Mon,06:00:00,0,0,0.0
GRA,3393,83608235,2026-06-15 06:30:00,Mon,06:30:00,0,0,0.0
GRA,3393,83608236,2026-06-15 07:00:00,Mon,07:00:00,0,0,0.0
GRA,3393,83608237,2026-06-15 07:30:00,Mon,07:30:00,0,0,0.0
GRA,3393,83608238,2026-06-15 08:00:00,Mon,08:00:00,0,0,0.0
GRA,3393,83608239,2026-06-15 08:30:00,Mon,08:30:00,0,0,0.0
GRA,3393,83608240,2026-06-15 09:00:00,Mon,09:00:00,1,0,0.0
GRA,3393,83608241,2026-06-15 09:30:00,Mon,09:30:00,1,0,1.0
GRA,3393,83608242,2026-06-15 10:00:00,Mon,10:00:00,2,0,2.0
GRA,3393,83608243,2026-06-15 10:30:00,Mon,10:30:00,3,0,3.0
GRA,3393,83608244,2026-06-15 11:00:00,Mon,11:00:00,3,0,3.0
GRA,3393,83608245,2026-06-15 11:30:00,Mon,11:30:00,3,0,3.0
GRA,3393,83608246,2026-06-15 12:00:00,Mon,12:00:00,4,0,4.0
GRA,3393,83608247,2026-06-15 12:30:00,Mon,12:30:00,4,0,4.0
GRA,3393,83608248,2026-06-15 13:00:00,Mon,13:00:00,6,-1,7.0
GRA,3393,83608249,2026-06-15 13:30:00,Mon,13:30:00,10,-1,11.0
GRA,3393,83608250,2026-06-15 14:00:00,Mon,14:00:00,13,1,14.0
GRA,3393,83608251,2026-06-15 14:30:00,Mon,14:30:00,13,0,14.0
GRA,3393,83608252,2026-06-15 15:00:00,Mon,15:00:00,10,0,11.0
GRA,3393,83608253,2026-06-15 15:30:00,Mon,15:30:00,8,-1,8.0
GRA,3393,83608254,2026-06-15 16:00:00,Mon,16:00:00,6,-1,7.0
GRA,3393,83608255,2026-06-15 16:30:00,Mon,16:30:00,5,-2,5.0
GRA,3393,83608256,2026-06-15 17:00:00,Mon,17:00:00,6,-1,6.0
GRA,3393,83608257,2026-06-15 17:30:00,Mon,17:30:00,6,-1,6.0
GRA,3393,83608258,2026-06-15 18:00:00,Mon,18:00:00,7,-1,7.0
GRA,3393,83608259,2026-06-15 18:30:00,Mon,18:30:00,7,-1,8.0
GRA,3393,83608260,2026-06-15 19:00:00,Mon,19:00:00,7,0,7.0
GRA,3393,83608261,2026-06-15 19:30:00,Mon,19:30:00,7,-1,8.0
GRA,3393,83608262,2026-06-15 20:00:00,Mon,20:00:00,9,0,10.0
GRA,3393,83608263,2026-06-15 20:30:00,Mon,20:30:00,14,0,15.0
GRA,3393,83608264,2026-06-15 21:00:00,Mon,21:00:00,19,0,21.0
GRA,3393,83608265,2026-06-15 21:30:00,Mon,21:30:00,20,0,22.0
GRA,3393,83608266,2026-06-15 22:00:00,Mon,22:00:00,21,1,23.0
GRA,3393,83608267,2026-06-15 22:30:00,Mon,22:30:00,18,1,19.0
GRA,3393,83608268,2026-06-15 23:00:00,Mon,23:00:00,11,0,12.0
GRA,3393,83608269,2026-06-15 23:30:00,Mon,23:30:00,8,1,8.0
GRA,3393,83608270,2026-06-16 00:00:00,Tue,00:00:00,2,0,1.0
GRA,3393,83608271,2026-06-16 00:30:00,Tue,00:30:00,2,0,2.0
GRA,3393,83608272,2026-06-16 01:00:00,Tue,01:00:00,0,0,0.0
GRA,3393,83608273,2026-06-16 01:30:00,Tue,01:30:00,0,0,0.0
GRA,3393,83659730,2026-06-16 02:00:00,Tue,02:00:00,0,0,0.0
GRA,3393,83659731,2026-06-16 02:30:00,Tue,02:30:00,0,0,0.0
GRA,3393,83659732,2026-06-16 03:00:00,Tue,03:00:00,0,0,0.0
GRA,3393,83659733,2026-06-16 03:30:00,Tue,03:30:00,0,0,0.0
GRA,3393,83659734,2026-06-16 04:00:00,Tue,04:00:00,0,0,0.0
GRA,3393,83659735,2026-06-16 04:30:00,Tue,04:30:00,0,0,0.0
GRA,3393,83659736,2026-06-16 05:00:00,Tue,05:00:00,0,0,0.0
GRA,3393,83659737,2026-06-16 05:30:00,Tue,05:30:00,0,0,0.0
GRA,3393,83659738,2026-06-16 06:00:00,Tue,06:00:00,0,0,0.0
GRA,3393,83659739,2026-06-16 06:30:00,Tue,06:30:00,0,0,0.0
GRA,3393,83659740,2026-06-16 07:00:00,Tue,07:00:00,0,0,0.0
GRA,3393,83659741,2026-06-16 07:30:00,Tue,07:30:00,0,0,0.0
GRA,3393,83659742,2026-06-16 08:00:00,Tue,08:00:00,0,0,0.0
GRA,3393,83659743,2026-06-16 08:30:00,Tue,08:30:00,0,0,0.0
GRA,3393,83659744,2026-06-16 09:00:00,Tue,09:00:00,1,0,0.0
GRA,3393,83659745,2026-06-16 09:30:00,Tue,09:30:00,1,0,1.0
GRA,3393,83659746,2026-06-16 10:00:00,Tue,10:00:00,2,0,2.0
GRA,3393,83659747,2026-06-16 10:30:00,Tue,10:30:00,2,0,2.0
GRA,3393,83659748,2026-06-16 11:00:00,Tue,11:00:00,2,0,2.0
GRA,3393,83659749,2026-06-16 11:30:00,Tue,11:30:00,3,1,3.0
GRA,3393,83659750,2026-06-16 12:00:00,Tue,12:00:00,4,0,4.0
GRA,3393,83659751,2026-06-16 12:30:00,Tue,12:30:00,4,0,4.0
GRA,3393,83659752,2026-06-16 13:00:00,Tue,13:00:00,6,0,6.0
GRA,3393,83659753,2026-06-16 13:30:00,Tue,13:30:00,9,0,10.0
GRA,3393,83659754,2026-06-16 14:00:00,Tue,14:00:00,11,0,12.0
GRA,3393,83659755,2026-06-16 14:30:00,Tue,14:30:00,12,0,13.0
GRA,3393,83659756,2026-06-16 15:00:00,Tue,15:00:00,9,0,10.0
GRA,3393,83659757,2026-06-16 15:30:00,Tue,15:30:00,8,-1,8.0
GRA,3393,83659758,2026-06-16 16:00:00,Tue,16:00:00,7,0,8.0
GRA,3393,83659759,2026-06-16 16:30:00,Tue,16:30:00,6,-1,6.0
GRA,3393,83659760,2026-06-16 17:00:00,Tue,17:00:00,5,-1,5.0
GRA,3393,83659761,2026-06-16 17:30:00,Tue,17:30:00,4,-1,4.0
GRA,3393,83659762,2026-06-16 18:00:00,Tue,18:00:00,5,0,5.0
GRA,3393,83659763,2026-06-16 18:30:00,Tue,18:30:00,6,0,6.0
GRA,3393,83659764,2026-06-16 19:00:00,Tue,19:00:00,5,-1,6.0
GRA,3393,83659765,2026-06-16 19:30:00,Tue,19:30:00,5,-1,5.0
GRA,3393,83659766,2026-06-16 20:00:00,Tue,20:00:00,8,-1,9.0
GRA,3393,83659767,2026-06-16 20:30:00,Tue,20:30:00,14,0,15.0
GRA,3393,83659768,2026-06-16 21:00:00,Tue,21:00:00,22,1,24.0
GRA,3393,83659769,2026-06-16 21:30:00,Tue,21:30:00,21,0,23.0
GRA,3393,83659770,2026-06-16 22:00:00,Tue,22:00:00,21,1,23.0
GRA,3393,83659771,2026-06-16 22:30:00,Tue,22:30:00,19,0,21.0
GRA,3393,83659772,2026-06-16 23:00:00,Tue,23:00:00,13,0,14.0
GRA,3393,83659773,2026-06-16 23:30:00,Tue,23:30:00,9,1,9.0
GRA,3393,83659774,2026-06-17 00:00:00,Wed,00:00:00,2,0,2.0
GRA,3393,83659775,2026-06-17 00:30:00,Wed,00:30:00,1,0,1.0
GRA,3393,83659776,2026-06-17 01:00:00,Wed,01:00:00,0,0,0.0
GRA,3393,83659777,2026-06-17 01:30:00,Wed,01:30:00,0,0,0.0
GRA,3393,83659778,2026-06-17 02:00:00,Wed,02:00:00,0,0,0.0
GRA,3393,83659779,2026-06-17 02:30:00,Wed,02:30:00,0,0,0.0
GRA,3393,83659780,2026-06-17 03:00:00,Wed,03:00:00,0,0,0.0
GRA,3393,83659781,2026-06-17 03:30:00,Wed,03:30:00,0,0,0.0
GRA,3393,83659782,2026-06-17 04:00:00,Wed,04:00:00,0,0,0.0
GRA,3393,83659783,2026-06-17 04:30:00,Wed,04:30:00,0,0,0.0
GRA,3393,83659784,2026-06-17 05:00:00,Wed,05:00:00,0,0,0.0
GRA,3393,83659785,2026-06-17 05:30:00,Wed,05:30:00,0,0,0.0
GRA,3393,83659786,2026-06-17 06:00:00,Wed,06:00:00,0,0,0.0
GRA,3393,83659787,2026-06-17 06:30:00,Wed,06:30:00,0,0,0.0
GRA,3393,83659788,2026-06-17 07:00:00,Wed,07:00:00,0,0,0.0
GRA,3393,83659789,2026-06-17 07:30:00,Wed,07:30:00,0,0,0.0
GRA,3393,83659790,2026-06-17 08:00:00,Wed,08:00:00,0,0,0.0
GRA,3393,83659791,2026-06-17 08:30:00,Wed,08:30:00,1,0,0.0
GRA,3393,83659792,2026-06-17 09:00:00,Wed,09:00:00,1,0,0.0
GRA,3393,83659793,2026-06-17 09:30:00,Wed,09:30:00,1,0,1.0
GRA,3393,83659794,2026-06-17 10:00:00,Wed,10:00:00,2,0,2.0
GRA,3393,83659795,2026-06-17 10:30:00,Wed,10:30:00,2,0,2.0
GRA,3393,83659796,2026-06-17 11:00:00,Wed,11:00:00,3,0,3.0
GRA,3393,83659797,2026-06-17 11:30:00,Wed,11:30:00,3,0,3.0
GRA,3393,83659798,2026-06-17 12:00:00,Wed,12:00:00,3,0,3.0
GRA,3393,83659799,2026-06-17 12:30:00,Wed,12:30:00,4,0,4.0
GRA,3393,83659800,2026-06-17 13:00:00,Wed,13:00:00,7,0,7.0
GRA,3393,83659801,2026-06-17 13:30:00,Wed,13:30:00,11,1,12.0
GRA,3393,83659802,2026-06-17 14:00:00,Wed,14:00:00,13,1,14.0
GRA,3393,83659803,2026-06-17 14:30:00,Wed,14:30:00,14,2,16.0
GRA,3393,83659804,2026-06-17 15:00:00,Wed,15:00:00,10,1,11.0
GRA,3393,83659805,2026-06-17 15:30:00,Wed,15:30:00,7,2,8.0
GRA,3393,83659806,2026-06-17 16:00:00,Wed,16:00:00,6,2,6.0
GRA,3393,83659807,2026-06-17 16:30:00,Wed,16:30:00,5,1,6.0
GRA,3393,83659808,2026-06-17 17:00:00,Wed,17:00:00,5,1,5.0
GRA,3393,83659809,2026-06-17 17:30:00,Wed,17:30:00,5,1,5.0
GRA,3393,83659810,2026-06-17 18:00:00,Wed,18:00:00,5,0,5.0
GRA,3393,83659811,2026-06-17 18:30:00,Wed,18:30:00,6,0,7.0
GRA,3393,83659812,2026-06-17 19:00:00,Wed,19:00:00,7,0,7.0
GRA,3393,83659813,2026-06-17 19:30:00,Wed,19:30:00,7,0,7.0
GRA,3393,83659814,2026-06-17 20:00:00,Wed,20:00:00,10,-1,11.0
GRA,3393,83659815,2026-06-17 20:30:00,Wed,20:30:00,17,2,19.0
GRA,3393,83659816,2026-06-17 21:00:00,Wed,21:00:00,23,1,26.0
GRA,3393,83659817,2026-06-17 21:30:00,Wed,21:30:00,23,1,26.0
GRA,3393,83659818,2026-06-17 22:00:00,Wed,22:00:00,23,1,26.0
GRA,3393,83659819,2026-06-17 22:30:00,Wed,22:30:00,19,2,21.0
GRA,3393,83659820,2026-06-17 23:00:00,Wed,23:00:00,13,2,14.0
GRA,3393,83659821,2026-06-17 23:30:00,Wed,23:30:00,7,2,8.0
GRA,3393,83659822,2026-06-18 00:00:00,Thu,00:00:00,2,-1,1.0
GRA,3393,83659823,2026-06-18 00:30:00,Thu,00:30:00,1,0,1.0
GRA,3393,83659824,2026-06-18 01:00:00,Thu,01:00:00,0,0,0.0
GRA,3393,83659825,2026-06-18 01:30:00,Thu,01:30:00,0,0,0.0
GRA,3393,83693906,2026-06-18 02:00:00,Thu,02:00:00,0,0,0.0
GRA,3393,83693907,2026-06-18 02:30:00,Thu,02:30:00,0,0,0.0
GRA,3393,83693908,2026-06-18 03:00:00,Thu,03:00:00,0,0,0.0
GRA,3393,83693909,2026-06-18 03:30:00,Thu,03:30:00,0,0,0.0
GRA,3393,83693910,2026-06-18 04:00:00,Thu,04:00:00,0,0,0.0
GRA,3393,83693911,2026-06-18 04:30:00,Thu,04:30:00,0,0,0.0
GRA,3393,83693912,2026-06-18 05:00:00,Thu,05:00:00,0,0,0.0
GRA,3393,83693913,2026-06-18 05:30:00,Thu,05:30:00,0,0,0.0
GRA,3393,83693914,2026-06-18 06:00:00,Thu,06:00:00,0,0,0.0
GRA,3393,83693915,2026-06-18 06:30:00,Thu,06:30:00,0,0,0.0
GRA,3393,83693916,2026-06-18 07:00:00,Thu,07:00:00,0,0,0.0
GRA,3393,83693917,2026-06-18 07:30:00,Thu,07:30:00,0,0,0.0
GRA,3393,83693918,2026-06-18 08:00:00,Thu,08:00:00,0,0,0.0
GRA,3393,83693919,2026-06-18 08:30:00,Thu,08:30:00,0,0,0.0
GRA,3393,83693920,2026-06-18 09:00:00,Thu,09:00:00,1,0,0.0
GRA,3393,83693921,2026-06-18 09:30:00,Thu,09:30:00,1,0,1.0
GRA,3393,83693922,2026-06-18 10:00:00,Thu,10:00:00,2,0,2.0
GRA,3393,83693923,2026-06-18 10:30:00,Thu,10:30:00,2,0,2.0
GRA,3393,83693924,2026-06-18 11:00:00,Thu,11:00:00,3,0,2.0
GRA,3393,83693925,2026-06-18 11:30:00,Thu,11:30:00,3,0,3.0
GRA,3393,83693926,2026-06-18 12:00:00,Thu,12:00:00,3,0,3.0
GRA,3393,83693927,2026-06-18 12:30:00,Thu,12:30:00,4,0,4.0
GRA,3393,83693928,2026-06-18 13:00:00,Thu,13:00:00,7,0,7.0
GRA,3393,83693929,2026-06-18 13:30:00,Thu,13:30:00,10,-1,11.0
GRA,3393,83693930,2026-06-18 14:00:00,Thu,14:00:00,13,-2,15.0
GRA,3393,83693931,2026-06-18 14:30:00,Thu,14:30:00,15,-1,16.0
GRA,3393,83693932,2026-06-18 15:00:00,Thu,15:00:00,11,-2,12.0
GRA,3393,83693933,2026-06-18 15:30:00,Thu,15:30:00,7,-2,8.0
GRA,3393,83693934,2026-06-18 16:00:00,Thu,16:00:00,5,-1,6.0
GRA,3393,83693935,2026-06-18 16:30:00,Thu,16:30:00,5,-1,5.0
GRA,3393,83693936,2026-06-18 17:00:00,Thu,17:00:00,5,0,5.0
GRA,3393,83693937,2026-06-18 17:30:00,Thu,17:30:00,5,0,5.0
GRA,3393,83693938,2026-06-18 18:00:00,Thu,18:00:00,5,-2,6.0
GRA,3393,83693939,2026-06-18 18:30:00,Thu,18:30:00,5,-2,5.0
GRA,3393,83693940,2026-06-18 19:00:00,Thu,19:00:00,6,0,6.0
GRA,3393,83693941,2026-06-18 19:30:00,Thu,19:30:00,6,-1,7.0
GRA,3393,83693942,2026-06-18 20:00:00,Thu,20:00:00,10,-1,11.0
GRA,3393,83693943,2026-06-18 20:30:00,Thu,20:30:00,17,-1,19.0
GRA,3393,83693944,2026-06-18 21:00:00,Thu,21:00:00,24,0,27.0
GRA,3393,83693945,2026-06-18 21:30:00,Thu,21:30:00,24,-1,27.0
GRA,3393,83693946,2026-06-18 22:00:00,Thu,22:00:00,23,1,26.0
GRA,3393,83693947,2026-06-18 22:30:00,Thu,22:30:00,20,1,23.0
GRA,3393,83693948,2026-06-18 23:00:00,Thu,23:00:00,13,1,15.0
GRA,3393,83693949,2026-06-18 23:30:00,Thu,23:30:00,8,1,9.0
GRA,3393,83693950,2026-06-19 00:00:00,Fri,00:00:00,2,0,2.0
GRA,3393,83693951,2026-06-19 00:30:00,Fri,00:30:00,2,0,2.0
GRA,3393,83693952,2026-06-19 01:00:00,Fri,01:00:00,0,0,0.0
GRA,3393,83693953,2026-06-19 01:30:00,Fri,01:30:00,0,0,0.0
GRA,3393,83693954,2026-06-19 02:00:00,Fri,02:00:00,0,0,0.0
GRA,3393,83693955,2026-06-19 02:30:00,Fri,02:30:00,0,0,0.0
GRA,3393,83693956,2026-06-19 03:00:00,Fri,03:00:00,0,0,0.0
GRA,3393,83693957,2026-06-19 03:30:00,Fri,03:30:00,0,0,0.0
GRA,3393,83693958,2026-06-19 04:00:00,Fri,04:00:00,0,0,0.0
GRA,3393,83693959,2026-06-19 04:30:00,Fri,04:30:00,0,0,0.0
GRA,3393,83693960,2026-06-19 05:00:00,Fri,05:00:00,0,0,0.0
GRA,3393,83693961,2026-06-19 05:30:00,Fri,05:30:00,0,0,0.0
GRA,3393,83693962,2026-06-19 06:00:00,Fri,06:00:00,0,0,0.0
GRA,3393,83693963,2026-06-19 06:30:00,Fri,06:30:00,0,0,0.0
GRA,3393,83693964,2026-06-19 07:00:00,Fri,07:00:00,0,0,0.0
GRA,3393,83693965,2026-06-19 07:30:00,Fri,07:30:00,0,0,0.0
GRA,3393,83693966,2026-06-19 08:00:00,Fri,08:00:00,0,0,0.0
GRA,3393,83693967,2026-06-19 08:30:00,Fri,08:30:00,1,0,0.0
GRA,3393,83693968,2026-06-19 09:00:00,Fri,09:00:00,1,0,1.0
GRA,3393,83693969,2026-06-19 09:30:00,Fri,09:30:00,1,0,1.0
GRA,3393,83693970,2026-06-19 10:00:00,Fri,10:00:00,2,0,2.0
GRA,3393,83693971,2026-06-19 10:30:00,Fri,10:30:00,3,0,2.0
GRA,3393,83693972,2026-06-19 11:00:00,Fri,11:00:00,3,0,3.0
GRA,3393,83693973,2026-06-19 11:30:00,Fri,11:30:00,3,0,3.0
GRA,3393,83693974,2026-06-19 12:00:00,Fri,12:00:00,4,0,4.0
GRA,3393,83693975,2026-06-19 12:30:00,Fri,12:30:00,5,0,5.0
GRA,3393,83693976,2026-06-19 13:00:00,Fri,13:00:00,7,-1,8.0
GRA,3393,83693977,2026-06-19 13:30:00,Fri,13:30:00,13,-1,15.0
GRA,3393,83693978,2026-06-19 14:00:00,Fri,14:00:00,18,-1,20.0
GRA,3393,83693979,2026-06-19 14:30:00,Fri,14:30:00,19,0,21.0
GRA,3393,83693980,2026-06-19 15:00:00,Fri,15:00:00,18,1,20.0
GRA,3393,83693981,2026-06-19 15:30:00,Fri,15:30:00,11,-1,12.0
GRA,3393,83693982,2026-06-19 16:00:00,Fri,16:00:00,8,-1,9.0
GRA,3393,83693983,2026-06-19 16:30:00,Fri,16:30:00,7,0,7.0
GRA,3393,83693984,2026-06-19 17:00:00,Fri,17:00:00,6,-1,6.0
GRA,3393,83693985,2026-06-19 17:30:00,Fri,17:30:00,6,-1,6.0
GRA,3393,83693986,2026-06-19 18:00:00,Fri,18:00:00,7,-1,7.0
GRA,3393,83693987,2026-06-19 18:30:00,Fri,18:30:00,6,-2,6.0
GRA,3393,83693988,2026-06-19 19:00:00,Fri,19:00:00,7,-1,8.0
GRA,3393,83693989,2026-06-19 19:30:00,Fri,19:30:00,8,-1,8.0
GRA,3393,83693990,2026-06-19 20:00:00,Fri,20:00:00,12,-1,13.0
GRA,3393,83693991,2026-06-19 20:30:00,Fri,20:30:00,23,-1,26.0
GRA,3393,83693992,2026-06-19 21:00:00,Fri,21:00:00,33,0,37.0
GRA,3393,83693993,2026-06-19 21:30:00,Fri,21:30:00,35,0,39.0
GRA,3393,83693994,2026-06-19 22:00:00,Fri,22:00:00,30,-1,34.0
GRA,3393,83693995,2026-06-19 22:30:00,Fri,22:30:00,31,1,34.0
GRA,3393,83693996,2026-06-19 23:00:00,Fri,23:00:00,24,-1,27.0
GRA,3393,83693997,2026-06-19 23:30:00,Fri,23:30:00,13,0,14.0
GRA,3393,83693998,2026-06-20 00:00:00,Sat,00:00:00,3,0,3.0
GRA,3393,83693999,2026-06-20 00:30:00,Sat,00:30:00,2,0,2.0
GRA,3393,83694000,2026-06-20 01:00:00,Sat,01:00:00,0,0,0.0
GRA,3393,83694001,2026-06-20 01:30:00,Sat,01:30:00,0,0,0.0
GRA,3393,83725394,2026-06-20 02:00:00,Sat,02:00:00,0,0,0.0
GRA,3393,83725395,2026-06-20 02:30:00,Sat,02:30:00,0,0,0.0
GRA,3393,83725396,2026-06-20 03:00:00,Sat,03:00:00,0,0,0.0
GRA,3393,83725397,2026-06-20 03:30:00,Sat,03:30:00,0,0,0.0
GRA,3393,83725398,2026-06-20 04:00:00,Sat,04:00:00,0,0,0.0
GRA,3393,83725399,2026-06-20 04:30:00,Sat,04:30:00,0,0,0.0
GRA,3393,83725400,2026-06-20 05:00:00,Sat,05:00:00,0,0,0.0
GRA,3393,83725401,2026-06-20 05:30:00,Sat,05:30:00,0,0,0.0
GRA,3393,83725402,2026-06-20 06:00:00,Sat,06:00:00,0,0,0.0
GRA,3393,83725403,2026-06-20 06:30:00,Sat,06:30:00,0,0,0.0
GRA,3393,83725404,2026-06-20 07:00:00,Sat,07:00:00,0,0,0.0
GRA,3393,83725405,2026-06-20 07:30:00,Sat,07:30:00,0,0,0.0
GRA,3393,83725406,2026-06-20 08:00:00,Sat,08:00:00,0,0,0.0
GRA,3393,83725407,2026-06-20 08:30:00,Sat,08:30:00,1,0,1.0
GRA,3393,83725408,2026-06-20 09:00:00,Sat,09:00:00,2,0,1.0
GRA,3393,83725409,2026-06-20 09:30:00,Sat,09:30:00,2,0,2.0
GRA,3393,83725410,2026-06-20 10:00:00,Sat,10:00:00,3,0,3.0
GRA,3393,83725411,2026-06-20 10:30:00,Sat,10:30:00,4,0,4.0
GRA,3393,83725412,2026-06-20 11:00:00,Sat,11:00:00,4,0,4.0
GRA,3393,83725413,2026-06-20 11:30:00,Sat,11:30:00,4,0,4.0
GRA,3393,83725414,2026-06-20 12:00:00,Sat,12:00:00,5,0,5.0
GRA,3393,83725415,2026-06-20 12:30:00,Sat,12:30:00,5,0,5.0
GRA,3393,83725416,2026-06-20 13:00:00,Sat,13:00:00,10,0,10.0
GRA,3393,83725417,2026-06-20 13:30:00,Sat,13:30:00,17,0,19.0
GRA,3393,83725418,2026-06-20 14:00:00,Sat,14:00:00,24,0,27.0
GRA,3393,83725419,2026-06-20 14:30:00,Sat,14:30:00,24,0,27.0
GRA,3393,83725420,2026-06-20 15:00:00,Sat,15:00:00,18,-1,20.0
GRA,3393,83725421,2026-06-20 15:30:00,Sat,15:30:00,12,0,13.0
GRA,3393,83725422,2026-06-20 16:00:00,Sat,16:00:00,9,-1,10.0
GRA,3393,83725423,2026-06-20 16:30:00,Sat,16:30:00,7,-1,7.0
GRA,3393,83725424,2026-06-20 17:00:00,Sat,17:00:00,7,0,7.0
GRA,3393,83725425,2026-06-20 17:30:00,Sat,17:30:00,7,0,8.0
GRA,3393,83725426,2026-06-20 18:00:00,Sat,18:00:00,7,-1,7.0
GRA,3393,83725427,2026-06-20 18:30:00,Sat,18:30:00,8,-1,9.0
GRA,3393,83725428,2026-06-20 19:00:00,Sat,19:00:00,8,-2,9.0
GRA,3393,83725429,2026-06-20 19:30:00,Sat,19:30:00,9,-1,10.0
GRA,3393,83725430,2026-06-20 20:00:00,Sat,20:00:00,15,0,17.0
GRA,3393,83725431,2026-06-20 20:30:00,Sat,20:30:00,24,-1,27.0
GRA,3393,83725432,2026-06-20 21:00:00,Sat,21:00:00,34,-1,38.0
GRA,3393,83725433,2026-06-20 21:30:00,Sat,21:30:00,34,-1,38.0
GRA,3393,83725434,2026-06-20 22:00:00,Sat,22:00:00,33,1,37.0
GRA,3393,83725435,2026-06-20 22:30:00,Sat,22:30:00,27,-1,30.0
GRA,3393,83725436,2026-06-20 23:00:00,Sat,23:00:00,21,-1,24.0
GRA,3393,83725437,2026-06-20 23:30:00,Sat,23:30:00,11,-1,12.0
GRA,3393,83725438,2026-06-21 00:00:00,Sun,00:00:00,3,-1,2.0
GRA,3393,83725439,2026-06-21 00:30:00,Sun,00:30:00,3,0,2.0
GRA,3393,83725440,2026-06-21 01:00:00,Sun,01:00:00,0,0,0.0
GRA,3393,83725441,2026-06-21 01:30:00,Sun,01:30:00,0,0,0.0
GRA,3393,83725442,2026-06-21 02:00:00,Sun,02:00:00,0,0,0.0
GRA,3393,83725443,2026-06-21 02:30:00,Sun,02:30:00,0,0,0.0
GRA,3393,83725444,2026-06-21 03:00:00,Sun,03:00:00,0,0,0.0
GRA,3393,83725445,2026-06-21 03:30:00,Sun,03:30:00,0,0,0.0
GRA,3393,83725446,2026-06-21 04:00:00,Sun,04:00:00,0,0,0.0
GRA,3393,83725447,2026-06-21 04:30:00,Sun,04:30:00,0,0,0.0
GRA,3393,83725448,2026-06-21 05:00:00,Sun,05:00:00,0,0,0.0
GRA,3393,83725449,2026-06-21 05:30:00,Sun,05:30:00,0,0,0.0
GRA,3393,83725450,2026-06-21 06:00:00,Sun,06:00:00,0,0,0.0
GRA,3393,83725451,2026-06-21 06:30:00,Sun,06:30:00,0,0,0.0
GRA,3393,83725452,2026-06-21 07:00:00,Sun,07:00:00,0,0,0.0
GRA,3393,83725453,2026-06-21 07:30:00,Sun,07:30:00,0,0,0.0
GRA,3393,83725454,2026-06-21 08:00:00,Sun,08:00:00,0,0,0.0
GRA,3393,83725455,2026-06-21 08:30:00,Sun,08:30:00,1,0,1.0
GRA,3393,83725456,2026-06-21 09:00:00,Sun,09:00:00,1,0,1.0
GRA,3393,83725457,2026-06-21 09:30:00,Sun,09:30:00,2,0,2.0
GRA,3393,83725458,2026-06-21 10:00:00,Sun,10:00:00,4,0,4.0
GRA,3393,83725459,2026-06-21 10:30:00,Sun,10:30:00,4,0,4.0
GRA,3393,83725460,2026-06-21 11:00:00,Sun,11:00:00,5,0,5.0
GRA,3393,83725461,2026-06-21 11:30:00,Sun,11:30:00,4,-1,4.0
GRA,3393,83725462,2026-06-21 12:00:00,Sun,12:00:00,5,0,5.0
GRA,3393,83725463,2026-06-21 12:30:00,Sun,12:30:00,6,0,6.0
GRA,3393,83725464,2026-06-21 13:00:00,Sun,13:00:00,13,0,14.0
GRA,3393,83725465,2026-06-21 13:30:00,Sun,13:30:00,24,0,27.0
GRA,3393,83725466,2026-06-21 14:00:00,Sun,14:00:00,33,0,37.0
GRA,3393,83725467,2026-06-21 14:30:00,Sun,14:30:00,33,0,37.0
GRA,3393,83725468,2026-06-21 15:00:00,Sun,15:00:00,26,0,29.0
GRA,3393,83725469,2026-06-21 15:30:00,Sun,15:30:00,20,0,23.0
GRA,3393,83725470,2026-06-21 16:00:00,Sun,16:00:00,15,0,16.0
GRA,3393,83725471,2026-06-21 16:30:00,Sun,16:30:00,11,0,13.0
GRA,3393,83725472,2026-06-21 17:00:00,Sun,17:00:00,10,0,11.0
GRA,3393,83725473,2026-06-21 17:30:00,Sun,17:30:00,10,0,11.0
GRA,3393,83725474,2026-06-21 18:00:00,Sun,18:00:00,11,1,12.0
GRA,3393,83725475,2026-06-21 18:30:00,Sun,18:30:00,11,0,12.0
GRA,3393,83725476,2026-06-21 19:00:00,Sun,19:00:00,11,0,12.0
GRA,3393,83725477,2026-06-21 19:30:00,Sun,19:30:00,10,-1,11.0
GRA,3393,83725478,2026-06-21 20:00:00,Sun,20:00:00,16,-1,18.0
GRA,3393,83725479,2026-06-21 20:30:00,Sun,20:30:00,29,-1,32.0
GRA,3393,83725480,2026-06-21 21:00:00,Sun,21:00:00,41,1,46.0
GRA,3393,83725481,2026-06-21 21:30:00,Sun,21:30:00,41,1,47.0
GRA,3393,83725482,2026-06-21 22:00:00,Sun,22:00:00,44,4,50.0
GRA,3393,83725483,2026-06-21 22:30:00,Sun,22:30:00,37,0,41.0
GRA,3393,83725484,2026-06-21 23:00:00,Sun,23:00:00,22,1,25.0
GRA,3393,83725485,2026-06-21 23:30:00,Sun,23:30:00,14,1,15.0
NOM,3393,83612830,2026-06-15 00:00:00,Mon,00:00:00,0,0,0.0
NOM,3393,83612831,2026-06-15 00:30:00,Mon,00:30:00,0,0,0.0
NOM,3393,83612832,2026-06-15 01:00:00,Mon,01:00:00,0,0,0.0
NOM,3393,83612833,2026-06-15 01:30:00,Mon,01:30:00,0,0,0.0
NOM,3393,83612834,2026-06-15 02:00:00,Mon,02:00:00,0,0,0.0
NOM,3393,83612835,2026-06-15 02:30:00,Mon,02:30:00,0,0,0.0
NOM,3393,83612836,2026-06-15 03:00:00,Mon,03:00:00,0,0,0.0
NOM,3393,83612837,2026-06-15 03:30:00,Mon,03:30:00,0,0,0.0
NOM,3393,83612838,2026-06-15 04:00:00,Mon,04:00:00,0,0,0.0
NOM,3393,83612839,2026-06-15 04:30:00,Mon,04:30:00,0,0,0.0
NOM,3393,83612840,2026-06-15 05:00:00,Mon,05:00:00,0,0,0.0
NOM,3393,83612841,2026-06-15 05:30:00,Mon,05:30:00,0,0,0.0
NOM,3393,83612842,2026-06-15 06:00:00,Mon,06:00:00,0,0,0.0
NOM,3393,83612843,2026-06-15 06:30:00,Mon,06:30:00,0,0,0.0
NOM,3393,83612844,2026-06-15 07:00:00,Mon,07:00:00,0,0,0.0
NOM,3393,83612845,2026-06-15 07:30:00,Mon,07:30:00,0,0,0.0
NOM,3393,83612846,2026-06-15 08:00:00,Mon,08:00:00,0,0,0.0
NOM,3393,83612847,2026-06-15 08:30:00,Mon,08:30:00,0,0,0.0
NOM,3393,83612848,2026-06-15 09:00:00,Mon,09:00:00,2,0,2.0
NOM,3393,83612849,2026-06-15 09:30:00,Mon,09:30:00,3,0,2.0
NOM,3393,83612850,2026-06-15 10:00:00,Mon,10:00:00,5,0,5.0
NOM,3393,83612851,2026-06-15 10:30:00,Mon,10:30:00,5,0,5.0
NOM,3393,83612852,2026-06-15 11:00:00,Mon,11:00:00,5,0,5.0
NOM,3393,83612853,2026-06-15 11:30:00,Mon,11:30:00,6,1,5.0
NOM,3393,83612854,2026-06-15 12:00:00,Mon,12:00:00,5,0,5.0
NOM,3393,83612855,2026-06-15 12:30:00,Mon,12:30:00,6,0,6.0
NOM,3393,83612856,2026-06-15 13:00:00,Mon,13:00:00,8,1,7.0
NOM,3393,83612857,2026-06-15 13:30:00,Mon,13:30:00,10,1,10.0
NOM,3393,83612858,2026-06-15 14:00:00,Mon,14:00:00,11,1,11.0
NOM,3393,83612859,2026-06-15 14:30:00,Mon,14:30:00,10,2,10.0
NOM,3393,83612860,2026-06-15 15:00:00,Mon,15:00:00,8,1,8.0
NOM,3393,83612861,2026-06-15 15:30:00,Mon,15:30:00,8,1,8.0
NOM,3393,83612862,2026-06-15 16:00:00,Mon,16:00:00,7,1,6.0
NOM,3393,83612863,2026-06-15 16:30:00,Mon,16:30:00,5,0,5.0
NOM,3393,83612864,2026-06-15 17:00:00,Mon,17:00:00,6,0,6.0
NOM,3393,83612865,2026-06-15 17:30:00,Mon,17:30:00,6,0,5.0
NOM,3393,83612866,2026-06-15 18:00:00,Mon,18:00:00,7,1,7.0
NOM,3393,83612867,2026-06-15 18:30:00,Mon,18:30:00,6,1,6.0
NOM,3393,83612868,2026-06-15 19:00:00,Mon,19:00:00,7,1,7.0
NOM,3393,83612869,2026-06-15 19:30:00,Mon,19:30:00,9,2,8.0
NOM,3393,83612870,2026-06-15 20:00:00,Mon,20:00:00,11,2,11.0
NOM,3393,83612871,2026-06-15 20:30:00,Mon,20:30:00,14,3,14.0
NOM,3393,83612872,2026-06-15 21:00:00,Mon,21:00:00,13,2,13.0
NOM,3393,83612873,2026-06-15 21:30:00,Mon,21:30:00,9,-1,9.0
NOM,3393,83612874,2026-06-15 22:00:00,Mon,22:00:00,8,0,8.0
NOM,3393,83612875,2026-06-15 22:30:00,Mon,22:30:00,6,0,6.0
NOM,3393,83612876,2026-06-15 23:00:00,Mon,23:00:00,4,0,3.0
NOM,3393,83612877,2026-06-15 23:30:00,Mon,23:30:00,1,0,0.0
NOM,3393,83612878,2026-06-16 00:00:00,Tue,00:00:00,0,0,0.0
NOM,3393,83612879,2026-06-16 00:30:00,Tue,00:30:00,0,0,0.0
NOM,3393,83612880,2026-06-16 01:00:00,Tue,01:00:00,0,0,0.0
NOM,3393,83612881,2026-06-16 01:30:00,Tue,01:30:00,0,0,0.0
NOM,3393,83643026,2026-06-16 02:00:00,Tue,02:00:00,0,0,0.0
NOM,3393,83643027,2026-06-16 02:30:00,Tue,02:30:00,0,0,0.0
NOM,3393,83643028,2026-06-16 03:00:00,Tue,03:00:00,0,0,0.0
NOM,3393,83643029,2026-06-16 03:30:00,Tue,03:30:00,0,0,0.0
NOM,3393,83643030,2026-06-16 04:00:00,Tue,04:00:00,0,0,0.0
NOM,3393,83643031,2026-06-16 04:30:00,Tue,04:30:00,0,0,0.0
NOM,3393,83643032,2026-06-16 05:00:00,Tue,05:00:00,0,0,0.0
NOM,3393,83643033,2026-06-16 05:30:00,Tue,05:30:00,0,0,0.0
NOM,3393,83643034,2026-06-16 06:00:00,Tue,06:00:00,0,0,0.0
NOM,3393,83643035,2026-06-16 06:30:00,Tue,06:30:00,0,0,0.0
NOM,3393,83643036,2026-06-16 07:00:00,Tue,07:00:00,0,0,0.0
NOM,3393,83643037,2026-06-16 07:30:00,Tue,07:30:00,0,0,0.0
NOM,3393,83643038,2026-06-16 08:00:00,Tue,08:00:00,0,0,0.0
NOM,3393,83643039,2026-06-16 08:30:00,Tue,08:30:00,1,0,0.0
NOM,3393,83643040,2026-06-16 09:00:00,Tue,09:00:00,2,0,1.0
NOM,3393,83643041,2026-06-16 09:30:00,Tue,09:30:00,2,0,1.0
NOM,3393,83643042,2026-06-16 10:00:00,Tue,10:00:00,5,0,4.0
NOM,3393,83643043,2026-06-16 10:30:00,Tue,10:30:00,5,0,5.0
NOM,3393,83643044,2026-06-16 11:00:00,Tue,11:00:00,6,0,6.0
NOM,3393,83643045,2026-06-16 11:30:00,Tue,11:30:00,6,1,6.0
NOM,3393,83643046,2026-06-16 12:00:00,Tue,12:00:00,5,0,5.0
NOM,3393,83643047,2026-06-16 12:30:00,Tue,12:30:00,5,0,5.0
NOM,3393,83643048,2026-06-16 13:00:00,Tue,13:00:00,8,1,8.0
NOM,3393,83643049,2026-06-16 13:30:00,Tue,13:30:00,10,1,10.0
NOM,3393,83643050,2026-06-16 14:00:00,Tue,14:00:00,10,1,10.0
NOM,3393,83643051,2026-06-16 14:30:00,Tue,14:30:00,11,2,11.0
NOM,3393,83643052,2026-06-16 15:00:00,Tue,15:00:00,9,1,8.0
NOM,3393,83643053,2026-06-16 15:30:00,Tue,15:30:00,8,1,8.0
NOM,3393,83643054,2026-06-16 16:00:00,Tue,16:00:00,6,0,5.0
NOM,3393,83643055,2026-06-16 16:30:00,Tue,16:30:00,5,0,4.0
NOM,3393,83643056,2026-06-16 17:00:00,Tue,17:00:00,5,0,5.0
NOM,3393,83643057,2026-06-16 17:30:00,Tue,17:30:00,5,1,4.0
NOM,3393,83643058,2026-06-16 18:00:00,Tue,18:00:00,6,2,5.0
NOM,3393,83643059,2026-06-16 18:30:00,Tue,18:30:00,5,1,5.0
NOM,3393,83643060,2026-06-16 19:00:00,Tue,19:00:00,6,1,6.0
NOM,3393,83643061,2026-06-16 19:30:00,Tue,19:30:00,8,1,8.0
NOM,3393,83643062,2026-06-16 20:00:00,Tue,20:00:00,11,2,10.0
NOM,3393,83643063,2026-06-16 20:30:00,Tue,20:30:00,12,2,12.0
NOM,3393,83643064,2026-06-16 21:00:00,Tue,21:00:00,13,2,13.0
NOM,3393,83643065,2026-06-16 21:30:00,Tue,21:30:00,11,1,11.0
NOM,3393,83643066,2026-06-16 22:00:00,Tue,22:00:00,11,1,11.0
NOM,3393,83643067,2026-06-16 22:30:00,Tue,22:30:00,8,0,8.0
NOM,3393,83643068,2026-06-16 23:00:00,Tue,23:00:00,4,0,3.0
NOM,3393,83643069,2026-06-16 23:30:00,Tue,23:30:00,1,0,0.0
NOM,3393,83643070,2026-06-17 00:00:00,Wed,00:00:00,0,0,0.0
NOM,3393,83643071,2026-06-17 00:30:00,Wed,00:30:00,0,0,0.0
NOM,3393,83643072,2026-06-17 01:00:00,Wed,01:00:00,0,0,0.0
NOM,3393,83643073,2026-06-17 01:30:00,Wed,01:30:00,0,0,0.0
NOM,3393,83643074,2026-06-17 02:00:00,Wed,02:00:00,0,0,0.0
NOM,3393,83643075,2026-06-17 02:30:00,Wed,02:30:00,0,0,0.0
NOM,3393,83643076,2026-06-17 03:00:00,Wed,03:00:00,0,0,0.0
NOM,3393,83643077,2026-06-17 03:30:00,Wed,03:30:00,0,0,0.0
NOM,3393,83643078,2026-06-17 04:00:00,Wed,04:00:00,0,0,0.0
NOM,3393,83643079,2026-06-17 04:30:00,Wed,04:30:00,0,0,0.0
NOM,3393,83643080,2026-06-17 05:00:00,Wed,05:00:00,0,0,0.0
NOM,3393,83643081,2026-06-17 05:30:00,Wed,05:30:00,0,0,0.0
NOM,3393,83643082,2026-06-17 06:00:00,Wed,06:00:00,0,0,0.0
NOM,3393,83643083,2026-06-17 06:30:00,Wed,06:30:00,0,0,0.0
NOM,3393,83643084,2026-06-17 07:00:00,Wed,07:00:00,0,0,0.0
NOM,3393,83643085,2026-06-17 07:30:00,Wed,07:30:00,0,0,0.0
NOM,3393,83643086,2026-06-17 08:00:00,Wed,08:00:00,0,0,0.0
NOM,3393,83643087,2026-06-17 08:30:00,Wed,08:30:00,1,0,1.0
NOM,3393,83643088,2026-06-17 09:00:00,Wed,09:00:00,1,0,0.0
NOM,3393,83643089,2026-06-17 09:30:00,Wed,09:30:00,3,0,2.0
NOM,3393,83643090,2026-06-17 10:00:00,Wed,10:00:00,5,0,5.0
NOM,3393,83643091,2026-06-17 10:30:00,Wed,10:30:00,5,0,5.0
NOM,3393,83643092,2026-06-17 11:00:00,Wed,11:00:00,7,0,7.0
NOM,3393,83643093,2026-06-17 11:30:00,Wed,11:30:00,6,0,6.0
NOM,3393,83643094,2026-06-17 12:00:00,Wed,12:00:00,6,0,5.0
NOM,3393,83643095,2026-06-17 12:30:00,Wed,12:30:00,7,0,7.0
NOM,3393,83643096,2026-06-17 13:00:00,Wed,13:00:00,9,2,9.0
NOM,3393,83643097,2026-06-17 13:30:00,Wed,13:30:00,12,2,12.0
NOM,3393,83643098,2026-06-17 14:00:00,Wed,14:00:00,12,2,12.0
NOM,3393,83643099,2026-06-17 14:30:00,Wed,14:30:00,13,2,13.0
NOM,3393,83643100,2026-06-17 15:00:00,Wed,15:00:00,10,2,9.0
NOM,3393,83643101,2026-06-17 15:30:00,Wed,15:30:00,8,2,7.0
NOM,3393,83643102,2026-06-17 16:00:00,Wed,16:00:00,6,1,5.0
NOM,3393,83643103,2026-06-17 16:30:00,Wed,16:30:00,4,1,4.0
NOM,3393,83643104,2026-06-17 17:00:00,Wed,17:00:00,5,1,5.0
NOM,3393,83643105,2026-06-17 17:30:00,Wed,17:30:00,5,1,5.0
NOM,3393,83643106,2026-06-17 18:00:00,Wed,18:00:00,7,1,6.0
NOM,3393,83643107,2026-06-17 18:30:00,Wed,18:30:00,6,-1,5.0
NOM,3393,83643108,2026-06-17 19:00:00,Wed,19:00:00,7,0,6.0
NOM,3393,83643109,2026-06-17 19:30:00,Wed,19:30:00,9,-1,9.0
NOM,3393,83643110,2026-06-17 20:00:00,Wed,20:00:00,13,2,13.0
NOM,3393,83643111,2026-06-17 20:30:00,Wed,20:30:00,15,2,15.0
NOM,3393,83643112,2026-06-17 21:00:00,Wed,21:00:00,16,2,16.0
NOM,3393,83643113,2026-06-17 21:30:00,Wed,21:30:00,13,1,13.0
NOM,3393,83643114,2026-06-17 22:00:00,Wed,22:00:00,12,0,12.0
NOM,3393,83643115,2026-06-17 22:30:00,Wed,22:30:00,10,0,9.0
NOM,3393,83643116,2026-06-17 23:00:00,Wed,23:00:00,4,0,3.0
NOM,3393,83643117,2026-06-17 23:30:00,Wed,23:30:00,1,0,0.0
NOM,3393,83643118,2026-06-18 00:00:00,Thu,00:00:00,0,0,0.0
NOM,3393,83643119,2026-06-18 00:30:00,Thu,00:30:00,0,0,0.0
NOM,3393,83643120,2026-06-18 01:00:00,Thu,01:00:00,0,0,0.0
NOM,3393,83643121,2026-06-18 01:30:00,Thu,01:30:00,0,0,0.0
NOM,3393,83686610,2026-06-18 02:00:00,Thu,02:00:00,0,0,0.0
NOM,3393,83686611,2026-06-18 02:30:00,Thu,02:30:00,0,0,0.0
NOM,3393,83686612,2026-06-18 03:00:00,Thu,03:00:00,0,0,0.0
NOM,3393,83686613,2026-06-18 03:30:00,Thu,03:30:00,0,0,0.0
NOM,3393,83686614,2026-06-18 04:00:00,Thu,04:00:00,0,0,0.0
NOM,3393,83686615,2026-06-18 04:30:00,Thu,04:30:00,0,0,0.0
NOM,3393,83686616,2026-06-18 05:00:00,Thu,05:00:00,0,0,0.0
NOM,3393,83686617,2026-06-18 05:30:00,Thu,05:30:00,0,0,0.0
NOM,3393,83686618,2026-06-18 06:00:00,Thu,06:00:00,0,0,0.0
NOM,3393,83686619,2026-06-18 06:30:00,Thu,06:30:00,0,0,0.0
NOM,3393,83686620,2026-06-18 07:00:00,Thu,07:00:00,0,0,0.0
NOM,3393,83686621,2026-06-18 07:30:00,Thu,07:30:00,0,0,0.0
NOM,3393,83686622,2026-06-18 08:00:00,Thu,08:00:00,0,0,0.0
NOM,3393,83686623,2026-06-18 08:30:00,Thu,08:30:00,1,0,1.0
NOM,3393,83686624,2026-06-18 09:00:00,Thu,09:00:00,2,0,1.0
NOM,3393,83686625,2026-06-18 09:30:00,Thu,09:30:00,3,0,2.0
NOM,3393,83686626,2026-06-18 10:00:00,Thu,10:00:00,5,0,5.0
NOM,3393,83686627,2026-06-18 10:30:00,Thu,10:30:00,6,0,5.0
NOM,3393,83686628,2026-06-18 11:00:00,Thu,11:00:00,6,0,6.0
NOM,3393,83686629,2026-06-18 11:30:00,Thu,11:30:00,7,1,7.0
NOM,3393,83686630,2026-06-18 12:00:00,Thu,12:00:00,6,0,5.0
NOM,3393,83686631,2026-06-18 12:30:00,Thu,12:30:00,8,0,7.0
NOM,3393,83686632,2026-06-18 13:00:00,Thu,13:00:00,10,1,10.0
NOM,3393,83686633,2026-06-18 13:30:00,Thu,13:30:00,12,0,12.0
NOM,3393,83686634,2026-06-18 14:00:00,Thu,14:00:00,13,-1,13.0
NOM,3393,83686635,2026-06-18 14:30:00,Thu,14:30:00,14,0,14.0
NOM,3393,83686636,2026-06-18 15:00:00,Thu,15:00:00,11,0,11.0
NOM,3393,83686637,2026-06-18 15:30:00,Thu,15:30:00,9,-1,9.0
NOM,3393,83686638,2026-06-18 16:00:00,Thu,16:00:00,7,-2,6.0
NOM,3393,83686639,2026-06-18 16:30:00,Thu,16:30:00,6,0,5.0
NOM,3393,83686640,2026-06-18 17:00:00,Thu,17:00:00,6,0,6.0
NOM,3393,83686641,2026-06-18 17:30:00,Thu,17:30:00,6,0,6.0
NOM,3393,83686642,2026-06-18 18:00:00,Thu,18:00:00,7,0,7.0
NOM,3393,83686643,2026-06-18 18:30:00,Thu,18:30:00,6,-2,6.0
NOM,3393,83686644,2026-06-18 19:00:00,Thu,19:00:00,7,-1,7.0
NOM,3393,83686645,2026-06-18 19:30:00,Thu,19:30:00,9,-1,9.0
NOM,3393,83686646,2026-06-18 20:00:00,Thu,20:00:00,13,-1,13.0
NOM,3393,83686647,2026-06-18 20:30:00,Thu,20:30:00,16,0,16.0
NOM,3393,83686648,2026-06-18 21:00:00,Thu,21:00:00,17,0,17.0
NOM,3393,83686649,2026-06-18 21:30:00,Thu,21:30:00,16,-1,16.0
NOM,3393,83686650,2026-06-18 22:00:00,Thu,22:00:00,14,0,14.0
NOM,3393,83686651,2026-06-18 22:30:00,Thu,22:30:00,12,1,12.0
NOM,3393,83686652,2026-06-18 23:00:00,Thu,23:00:00,6,1,6.0
NOM,3393,83686653,2026-06-18 23:30:00,Thu,23:30:00,1,-1,1.0
NOM,3393,83686654,2026-06-19 00:00:00,Fri,00:00:00,0,0,0.0
NOM,3393,83686655,2026-06-19 00:30:00,Fri,00:30:00,0,0,0.0
NOM,3393,83686656,2026-06-19 01:00:00,Fri,01:00:00,0,0,0.0
NOM,3393,83686657,2026-06-19 01:30:00,Fri,01:30:00,0,0,0.0
NOM,3393,83686658,2026-06-19 02:00:00,Fri,02:00:00,0,0,0.0
NOM,3393,83686659,2026-06-19 02:30:00,Fri,02:30:00,0,0,0.0
NOM,3393,83686660,2026-06-19 03:00:00,Fri,03:00:00,0,0,0.0
NOM,3393,83686661,2026-06-19 03:30:00,Fri,03:30:00,0,0,0.0
NOM,3393,83686662,2026-06-19 04:00:00,Fri,04:00:00,0,0,0.0
NOM,3393,83686663,2026-06-19 04:30:00,Fri,04:30:00,0,0,0.0
NOM,3393,83686664,2026-06-19 05:00:00,Fri,05:00:00,0,0,0.0
NOM,3393,83686665,2026-06-19 05:30:00,Fri,05:30:00,0,0,0.0
NOM,3393,83686666,2026-06-19 06:00:00,Fri,06:00:00,0,0,0.0
NOM,3393,83686667,2026-06-19 06:30:00,Fri,06:30:00,0,0,0.0
NOM,3393,83686668,2026-06-19 07:00:00,Fri,07:00:00,0,0,0.0
NOM,3393,83686669,2026-06-19 07:30:00,Fri,07:30:00,0,0,0.0
NOM,3393,83686670,2026-06-19 08:00:00,Fri,08:00:00,0,0,0.0
NOM,3393,83686671,2026-06-19 08:30:00,Fri,08:30:00,1,-1,1.0
NOM,3393,83686672,2026-06-19 09:00:00,Fri,09:00:00,2,-1,1.0
NOM,3393,83686673,2026-06-19 09:30:00,Fri,09:30:00,3,0,3.0
NOM,3393,83686674,2026-06-19 10:00:00,Fri,10:00:00,6,0,6.0
NOM,3393,83686675,2026-06-19 10:30:00,Fri,10:30:00,7,1,6.0
NOM,3393,83686676,2026-06-19 11:00:00,Fri,11:00:00,6,0,6.0
NOM,3393,83686677,2026-06-19 11:30:00,Fri,11:30:00,7,1,7.0
NOM,3393,83686678,2026-06-19 12:00:00,Fri,12:00:00,6,-1,6.0
NOM,3393,83686679,2026-06-19 12:30:00,Fri,12:30:00,8,-1,8.0
NOM,3393,83686680,2026-06-19 13:00:00,Fri,13:00:00,11,0,11.0
NOM,3393,83686681,2026-06-19 13:30:00,Fri,13:30:00,16,0,16.0
NOM,3393,83686682,2026-06-19 14:00:00,Fri,14:00:00,16,-1,16.0
NOM,3393,83686683,2026-06-19 14:30:00,Fri,14:30:00,18,1,18.0
NOM,3393,83686684,2026-06-19 15:00:00,Fri,15:00:00,16,0,16.0
NOM,3393,83686685,2026-06-19 15:30:00,Fri,15:30:00,13,1,13.0
NOM,3393,83686686,2026-06-19 16:00:00,Fri,16:00:00,8,2,8.0
NOM,3393,83686687,2026-06-19 16:30:00,Fri,16:30:00,7,1,7.0
NOM,3393,83686688,2026-06-19 17:00:00,Fri,17:00:00,7,1,7.0
NOM,3393,83686689,2026-06-19 17:30:00,Fri,17:30:00,7,1,7.0
NOM,3393,83686690,2026-06-19 18:00:00,Fri,18:00:00,9,3,8.0
NOM,3393,83686691,2026-06-19 18:30:00,Fri,18:30:00,9,2,9.0
NOM,3393,83686692,2026-06-19 19:00:00,Fri,19:00:00,9,-2,9.0
NOM,3393,83686693,2026-06-19 19:30:00,Fri,19:30:00,13,-4,13.0
NOM,3393,83686694,2026-06-19 20:00:00,Fri,20:00:00,18,-5,19.0
NOM,3393,83686695,2026-06-19 20:30:00,Fri,20:30:00,25,0,25.0
NOM,3393,83686696,2026-06-19 21:00:00,Fri,21:00:00,27,1,27.0
NOM,3393,83686697,2026-06-19 21:30:00,Fri,21:30:00,25,1,25.0
NOM,3393,83686698,2026-06-19 22:00:00,Fri,22:00:00,23,1,23.0
NOM,3393,83686699,2026-06-19 22:30:00,Fri,22:30:00,20,2,20.0
NOM,3393,83686700,2026-06-19 23:00:00,Fri,23:00:00,14,3,14.0
NOM,3393,83686701,2026-06-19 23:30:00,Fri,23:30:00,4,-1,4.0
NOM,3393,83686702,2026-06-20 00:00:00,Sat,00:00:00,1,0,0.0
NOM,3393,83686703,2026-06-20 00:30:00,Sat,00:30:00,0,0,0.0
NOM,3393,83686704,2026-06-20 01:00:00,Sat,01:00:00,0,0,0.0
NOM,3393,83686705,2026-06-20 01:30:00,Sat,01:30:00,0,0,0.0
NOM,3393,83729138,2026-06-20 02:00:00,Sat,02:00:00,0,0,0.0
NOM,3393,83729139,2026-06-20 02:30:00,Sat,02:30:00,0,0,0.0
NOM,3393,83729140,2026-06-20 03:00:00,Sat,03:00:00,0,0,0.0
NOM,3393,83729141,2026-06-20 03:30:00,Sat,03:30:00,0,0,0.0
NOM,3393,83729142,2026-06-20 04:00:00,Sat,04:00:00,0,0,0.0
NOM,3393,83729143,2026-06-20 04:30:00,Sat,04:30:00,0,0,0.0
NOM,3393,83729144,2026-06-20 05:00:00,Sat,05:00:00,0,0,0.0
NOM,3393,83729145,2026-06-20 05:30:00,Sat,05:30:00,0,0,0.0
NOM,3393,83729146,2026-06-20 06:00:00,Sat,06:00:00,0,0,0.0
NOM,3393,83729147,2026-06-20 06:30:00,Sat,06:30:00,0,0,0.0
NOM,3393,83729148,2026-06-20 07:00:00,Sat,07:00:00,0,0,0.0
NOM,3393,83729149,2026-06-20 07:30:00,Sat,07:30:00,0,0,0.0
NOM,3393,83729150,2026-06-20 08:00:00,Sat,08:00:00,0,0,0.0
NOM,3393,83729151,2026-06-20 08:30:00,Sat,08:30:00,1,0,1.0
NOM,3393,83729152,2026-06-20 09:00:00,Sat,09:00:00,2,1,2.0
NOM,3393,83729153,2026-06-20 09:30:00,Sat,09:30:00,2,1,2.0
NOM,3393,83729154,2026-06-20 10:00:00,Sat,10:00:00,7,1,7.0
NOM,3393,83729155,2026-06-20 10:30:00,Sat,10:30:00,7,1,7.0
NOM,3393,83729156,2026-06-20 11:00:00,Sat,11:00:00,7,1,7.0
NOM,3393,83729157,2026-06-20 11:30:00,Sat,11:30:00,8,2,7.0
NOM,3393,83729158,2026-06-20 12:00:00,Sat,12:00:00,8,0,8.0
NOM,3393,83729159,2026-06-20 12:30:00,Sat,12:30:00,7,-3,7.0
NOM,3393,83729160,2026-06-20 13:00:00,Sat,13:00:00,10,-3,10.0
NOM,3393,83729161,2026-06-20 13:30:00,Sat,13:30:00,13,-4,13.0
NOM,3393,83729162,2026-06-20 14:00:00,Sat,14:00:00,16,-2,16.0
NOM,3393,83729163,2026-06-20 14:30:00,Sat,14:30:00,20,2,20.0
NOM,3393,83729164,2026-06-20 15:00:00,Sat,15:00:00,15,1,15.0
NOM,3393,83729165,2026-06-20 15:30:00,Sat,15:30:00,12,0,11.0
NOM,3393,83729166,2026-06-20 16:00:00,Sat,16:00:00,9,1,9.0
NOM,3393,83729167,2026-06-20 16:30:00,Sat,16:30:00,7,-1,7.0
NOM,3393,83729168,2026-06-20 17:00:00,Sat,17:00:00,8,0,7.0
NOM,3393,83729169,2026-06-20 17:30:00,Sat,17:30:00,8,2,7.0
NOM,3393,83729170,2026-06-20 18:00:00,Sat,18:00:00,9,2,8.0
NOM,3393,83729171,2026-06-20 18:30:00,Sat,18:30:00,10,0,10.0
NOM,3393,83729172,2026-06-20 19:00:00,Sat,19:00:00,9,-6,9.0
NOM,3393,83729173,2026-06-20 19:30:00,Sat,19:30:00,11,-9,11.0
NOM,3393,83729174,2026-06-20 20:00:00,Sat,20:00:00,16,-9,16.0
NOM,3393,83729175,2026-06-20 20:30:00,Sat,20:30:00,25,-1,25.0
NOM,3393,83729176,2026-06-20 21:00:00,Sat,21:00:00,27,1,28.0
NOM,3393,83729177,2026-06-20 21:30:00,Sat,21:30:00,24,-2,24.0
NOM,3393,83729178,2026-06-20 22:00:00,Sat,22:00:00,22,-2,22.0
NOM,3393,83729179,2026-06-20 22:30:00,Sat,22:30:00,19,2,20.0
NOM,3393,83729180,2026-06-20 23:00:00,Sat,23:00:00,14,2,14.0
NOM,3393,83729181,2026-06-20 23:30:00,Sat,23:30:00,4,2,4.0
NOM,3393,83729182,2026-06-21 00:00:00,Sun,00:00:00,1,1,0.0
NOM,3393,83729183,2026-06-21 00:30:00,Sun,00:30:00,0,0,0.0
NOM,3393,83729184,2026-06-21 01:00:00,Sun,01:00:00,0,0,0.0
NOM,3393,83729185,2026-06-21 01:30:00,Sun,01:30:00,0,0,0.0
NOM,3393,83729186,2026-06-21 02:00:00,Sun,02:00:00,0,0,0.0
NOM,3393,83729187,2026-06-21 02:30:00,Sun,02:30:00,0,0,0.0
NOM,3393,83729188,2026-06-21 03:00:00,Sun,03:00:00,0,0,0.0
NOM,3393,83729189,2026-06-21 03:30:00,Sun,03:30:00,0,0,0.0
NOM,3393,83729190,2026-06-21 04:00:00,Sun,04:00:00,0,0,0.0
NOM,3393,83729191,2026-06-21 04:30:00,Sun,04:30:00,0,0,0.0
NOM,3393,83729192,2026-06-21 05:00:00,Sun,05:00:00,0,0,0.0
NOM,3393,83729193,2026-06-21 05:30:00,Sun,05:30:00,0,0,0.0
NOM,3393,83729194,2026-06-21 06:00:00,Sun,06:00:00,0,0,0.0
NOM,3393,83729195,2026-06-21 06:30:00,Sun,06:30:00,0,0,0.0
NOM,3393,83729196,2026-06-21 07:00:00,Sun,07:00:00,0,0,0.0
NOM,3393,83729197,2026-06-21 07:30:00,Sun,07:30:00,0,0,0.0
NOM,3393,83729198,2026-06-21 08:00:00,Sun,08:00:00,0,0,0.0
NOM,3393,83729199,2026-06-21 08:30:00,Sun,08:30:00,2,1,1.0
NOM,3393,83729200,2026-06-21 09:00:00,Sun,09:00:00,2,0,2.0
NOM,3393,83729201,2026-06-21 09:30:00,Sun,09:30:00,3,0,3.0
NOM,3393,83729202,2026-06-21 10:00:00,Sun,10:00:00,7,1,6.0
NOM,3393,83729203,2026-06-21 10:30:00,Sun,10:30:00,9,3,8.0
NOM,3393,83729204,2026-06-21 11:00:00,Sun,11:00:00,8,2,8.0
NOM,3393,83729205,2026-06-21 11:30:00,Sun,11:30:00,8,2,8.0
NOM,3393,83729206,2026-06-21 12:00:00,Sun,12:00:00,9,3,9.0
NOM,3393,83729207,2026-06-21 12:30:00,Sun,12:30:00,8,2,8.0
NOM,3393,83729208,2026-06-21 13:00:00,Sun,13:00:00,11,0,10.0
NOM,3393,83729209,2026-06-21 13:30:00,Sun,13:30:00,16,2,16.0
NOM,3393,83729210,2026-06-21 14:00:00,Sun,14:00:00,18,-2,18.0
NOM,3393,83729211,2026-06-21 14:30:00,Sun,14:30:00,20,1,20.0
NOM,3393,83729212,2026-06-21 15:00:00,Sun,15:00:00,17,-1,17.0
NOM,3393,83729213,2026-06-21 15:30:00,Sun,15:30:00,15,-1,15.0
NOM,3393,83729214,2026-06-21 16:00:00,Sun,16:00:00,13,-2,13.0
NOM,3393,83729215,2026-06-21 16:30:00,Sun,16:30:00,11,-3,11.0
NOM,3393,83729216,2026-06-21 17:00:00,Sun,17:00:00,11,-2,11.0
NOM,3393,83729217,2026-06-21 17:30:00,Sun,17:30:00,10,-1,10.0
NOM,3393,83729218,2026-06-21 18:00:00,Sun,18:00:00,12,3,12.0
NOM,3393,83729219,2026-06-21 18:30:00,Sun,18:30:00,12,2,12.0
NOM,3393,83729220,2026-06-21 19:00:00,Sun,19:00:00,12,-1,12.0
NOM,3393,83729221,2026-06-21 19:30:00,Sun,19:30:00,14,-5,13.0
NOM,3393,83729222,2026-06-21 20:00:00,Sun,20:00:00,19,-3,19.0
NOM,3393,83729223,2026-06-21 20:30:00,Sun,20:30:00,22,1,23.0
NOM,3393,83729224,2026-06-21 21:00:00,Sun,21:00:00,25,5,25.0
NOM,3393,83729225,2026-06-21 21:30:00,Sun,21:30:00,21,2,21.0
NOM,3393,83729226,2026-06-21 22:00:00,Sun,22:00:00,19,2,19.0
NOM,3393,83729227,2026-06-21 22:30:00,Sun,22:30:00,15,2,15.0
NOM,3393,83729228,2026-06-21 23:00:00,Sun,23:00:00,8,-1,8.0
NOM,3393,83729229,2026-06-21 23:30:00,Sun,23:30:00,1,0,1.0
SAB,3393,83615422,2026-06-15 00:00:00,Mon,00:00:00,0,0,0.0
SAB,3393,83615423,2026-06-15 00:30:00,Mon,00:30:00,0,0,0.0
SAB,3393,83615424,2026-06-15 01:00:00,Mon,01:00:00,0,0,0.0
SAB,3393,83615425,2026-06-15 01:30:00,Mon,01:30:00,0,0,0.0
SAB,3393,83615426,2026-06-15 02:00:00,Mon,02:00:00,0,0,0.0
SAB,3393,83615427,2026-06-15 02:30:00,Mon,02:30:00,0,0,0.0
SAB,3393,83615428,2026-06-15 03:00:00,Mon,03:00:00,0,0,0.0
SAB,3393,83615429,2026-06-15 03:30:00,Mon,03:30:00,0,0,0.0
SAB,3393,83615430,2026-06-15 04:00:00,Mon,04:00:00,0,0,0.0
SAB,3393,83615431,2026-06-15 04:30:00,Mon,04:30:00,0,0,0.0
SAB,3393,83615432,2026-06-15 05:00:00,Mon,05:00:00,0,0,0.0
SAB,3393,83615433,2026-06-15 05:30:00,Mon,05:30:00,0,0,0.0
SAB,3393,83615434,2026-06-15 06:00:00,Mon,06:00:00,0,0,0.0
SAB,3393,83615435,2026-06-15 06:30:00,Mon,06:30:00,0,0,0.0
SAB,3393,83615436,2026-06-15 07:00:00,Mon,07:00:00,0,0,0.0
SAB,3393,83615437,2026-06-15 07:30:00,Mon,07:30:00,0,0,0.0
SAB,3393,83615438,2026-06-15 08:00:00,Mon,08:00:00,0,0,0.0
SAB,3393,83615439,2026-06-15 08:30:00,Mon,08:30:00,0,0,0.0
SAB,3393,83615440,2026-06-15 09:00:00,Mon,09:00:00,0,0,0.0
SAB,3393,83615441,2026-06-15 09:30:00,Mon,09:30:00,0,0,0.0
SAB,3393,83615442,2026-06-15 10:00:00,Mon,10:00:00,0,0,0.0
SAB,3393,83615443,2026-06-15 10:30:00,Mon,10:30:00,0,0,0.0
SAB,3393,83615444,2026-06-15 11:00:00,Mon,11:00:00,0,0,0.0
SAB,3393,83615445,2026-06-15 11:30:00,Mon,11:30:00,0,0,0.0
SAB,3393,83615446,2026-06-15 12:00:00,Mon,12:00:00,7,1,6.0
SAB,3393,83615447,2026-06-15 12:30:00,Mon,12:30:00,4,-2,3.0
SAB,3393,83615448,2026-06-15 13:00:00,Mon,13:00:00,7,-1,6.0
SAB,3393,83615449,2026-06-15 13:30:00,Mon,13:30:00,11,2,10.0
SAB,3393,83615450,2026-06-15 14:00:00,Mon,14:00:00,14,7,13.0
SAB,3393,83615451,2026-06-15 14:30:00,Mon,14:30:00,11,4,10.0
SAB,3393,83615452,2026-06-15 15:00:00,Mon,15:00:00,7,1,6.0
SAB,3393,83615453,2026-06-15 15:30:00,Mon,15:30:00,7,1,6.0
SAB,3393,83615454,2026-06-15 16:00:00,Mon,16:00:00,4,-2,3.0
SAB,3393,83615455,2026-06-15 16:30:00,Mon,16:30:00,4,-2,3.0
SAB,3393,83615456,2026-06-15 17:00:00,Mon,17:00:00,4,-2,3.0
SAB,3393,83615457,2026-06-15 17:30:00,Mon,17:30:00,7,-1,6.0
SAB,3393,83615458,2026-06-15 18:00:00,Mon,18:00:00,4,-2,3.0
SAB,3393,83615459,2026-06-15 18:30:00,Mon,18:30:00,7,0,6.0
SAB,3393,83615460,2026-06-15 19:00:00,Mon,19:00:00,4,-4,3.0
SAB,3393,83615461,2026-06-15 19:30:00,Mon,19:30:00,7,-1,6.0
SAB,3393,83615462,2026-06-15 20:00:00,Mon,20:00:00,7,-5,6.0
SAB,3393,83615463,2026-06-15 20:30:00,Mon,20:30:00,18,6,17.0
SAB,3393,83615464,2026-06-15 21:00:00,Mon,21:00:00,18,8,17.0
SAB,3393,83615465,2026-06-15 21:30:00,Mon,21:30:00,14,6,13.0
SAB,3393,83615466,2026-06-15 22:00:00,Mon,22:00:00,11,5,10.0
SAB,3393,83615467,2026-06-15 22:30:00,Mon,22:30:00,11,6,10.0
SAB,3393,83615468,2026-06-15 23:00:00,Mon,23:00:00,7,4,6.0
SAB,3393,83615469,2026-06-15 23:30:00,Mon,23:30:00,4,1,3.0
SAB,3393,83615470,2026-06-16 00:00:00,Tue,00:00:00,0,0,0.0
SAB,3393,83615471,2026-06-16 00:30:00,Tue,00:30:00,0,0,0.0
SAB,3393,83615472,2026-06-16 01:00:00,Tue,01:00:00,0,0,0.0
SAB,3393,83615473,2026-06-16 01:30:00,Tue,01:30:00,0,0,0.0
SAB,3393,83660882,2026-06-16 02:00:00,Tue,02:00:00,0,0,0.0
SAB,3393,83660883,2026-06-16 02:30:00,Tue,02:30:00,0,0,0.0
SAB,3393,83660884,2026-06-16 03:00:00,Tue,03:00:00,0,0,0.0
SAB,3393,83660885,2026-06-16 03:30:00,Tue,03:30:00,0,0,0.0
SAB,3393,83660886,2026-06-16 04:00:00,Tue,04:00:00,0,0,0.0
SAB,3393,83660887,2026-06-16 04:30:00,Tue,04:30:00,0,0,0.0
SAB,3393,83660888,2026-06-16 05:00:00,Tue,05:00:00,0,0,0.0
SAB,3393,83660889,2026-06-16 05:30:00,Tue,05:30:00,0,0,0.0
SAB,3393,83660890,2026-06-16 06:00:00,Tue,06:00:00,0,0,0.0
SAB,3393,83660891,2026-06-16 06:30:00,Tue,06:30:00,0,0,0.0
SAB,3393,83660892,2026-06-16 07:00:00,Tue,07:00:00,0,0,0.0
SAB,3393,83660893,2026-06-16 07:30:00,Tue,07:30:00,0,0,0.0
SAB,3393,83660894,2026-06-16 08:00:00,Tue,08:00:00,0,0,0.0
SAB,3393,83660895,2026-06-16 08:30:00,Tue,08:30:00,0,0,0.0
SAB,3393,83660896,2026-06-16 09:00:00,Tue,09:00:00,0,0,0.0
SAB,3393,83660897,2026-06-16 09:30:00,Tue,09:30:00,0,0,0.0
SAB,3393,83660898,2026-06-16 10:00:00,Tue,10:00:00,0,0,0.0
SAB,3393,83660899,2026-06-16 10:30:00,Tue,10:30:00,0,0,0.0
SAB,3393,83660900,2026-06-16 11:00:00,Tue,11:00:00,0,0,0.0
SAB,3393,83660901,2026-06-16 11:30:00,Tue,11:30:00,0,0,0.0
SAB,3393,83660902,2026-06-16 12:00:00,Tue,12:00:00,7,3,6.0
SAB,3393,83660903,2026-06-16 12:30:00,Tue,12:30:00,4,-1,3.0
SAB,3393,83660904,2026-06-16 13:00:00,Tue,13:00:00,7,0,6.0
SAB,3393,83660905,2026-06-16 13:30:00,Tue,13:30:00,7,0,6.0
SAB,3393,83660906,2026-06-16 14:00:00,Tue,14:00:00,14,8,13.0
SAB,3393,83660907,2026-06-16 14:30:00,Tue,14:30:00,14,8,13.0
SAB,3393,83660908,2026-06-16 15:00:00,Tue,15:00:00,7,3,6.0
SAB,3393,83660909,2026-06-16 15:30:00,Tue,15:30:00,7,3,6.0
SAB,3393,83660910,2026-06-16 16:00:00,Tue,16:00:00,4,0,3.0
SAB,3393,83660911,2026-06-16 16:30:00,Tue,16:30:00,4,0,3.0
SAB,3393,83660912,2026-06-16 17:00:00,Tue,17:00:00,4,0,3.0
SAB,3393,83660913,2026-06-16 17:30:00,Tue,17:30:00,7,1,6.0
SAB,3393,83660914,2026-06-16 18:00:00,Tue,18:00:00,7,1,6.0
SAB,3393,83660915,2026-06-16 18:30:00,Tue,18:30:00,4,-2,3.0
SAB,3393,83660916,2026-06-16 19:00:00,Tue,19:00:00,7,0,6.0
SAB,3393,83660917,2026-06-16 19:30:00,Tue,19:30:00,7,0,6.0
SAB,3393,83660918,2026-06-16 20:00:00,Tue,20:00:00,11,1,10.0
SAB,3393,83660919,2026-06-16 20:30:00,Tue,20:30:00,21,10,20.0
SAB,3393,83660920,2026-06-16 21:00:00,Tue,21:00:00,21,10,20.0
SAB,3393,83660921,2026-06-16 21:30:00,Tue,21:30:00,18,10,17.0
SAB,3393,83660922,2026-06-16 22:00:00,Tue,22:00:00,14,9,13.0
SAB,3393,83660923,2026-06-16 22:30:00,Tue,22:30:00,7,3,6.0
SAB,3393,83660924,2026-06-16 23:00:00,Tue,23:00:00,4,1,3.0
SAB,3393,83660925,2026-06-16 23:30:00,Tue,23:30:00,4,1,3.0
SAB,3393,83660926,2026-06-17 00:00:00,Wed,00:00:00,0,0,0.0
SAB,3393,83660927,2026-06-17 00:30:00,Wed,00:30:00,0,0,0.0
SAB,3393,83660928,2026-06-17 01:00:00,Wed,01:00:00,0,0,0.0
SAB,3393,83660929,2026-06-17 01:30:00,Wed,01:30:00,0,0,0.0
SAB,3393,83660930,2026-06-17 02:00:00,Wed,02:00:00,0,0,0.0
SAB,3393,83660931,2026-06-17 02:30:00,Wed,02:30:00,0,0,0.0
SAB,3393,83660932,2026-06-17 03:00:00,Wed,03:00:00,0,0,0.0
SAB,3393,83660933,2026-06-17 03:30:00,Wed,03:30:00,0,0,0.0
SAB,3393,83660934,2026-06-17 04:00:00,Wed,04:00:00,0,0,0.0
SAB,3393,83660935,2026-06-17 04:30:00,Wed,04:30:00,0,0,0.0
SAB,3393,83660936,2026-06-17 05:00:00,Wed,05:00:00,0,0,0.0
SAB,3393,83660937,2026-06-17 05:30:00,Wed,05:30:00,0,0,0.0
SAB,3393,83660938,2026-06-17 06:00:00,Wed,06:00:00,0,0,0.0
SAB,3393,83660939,2026-06-17 06:30:00,Wed,06:30:00,0,0,0.0
SAB,3393,83660940,2026-06-17 07:00:00,Wed,07:00:00,0,0,0.0
SAB,3393,83660941,2026-06-17 07:30:00,Wed,07:30:00,0,0,0.0
SAB,3393,83660942,2026-06-17 08:00:00,Wed,08:00:00,0,0,0.0
SAB,3393,83660943,2026-06-17 08:30:00,Wed,08:30:00,0,0,0.0
SAB,3393,83660944,2026-06-17 09:00:00,Wed,09:00:00,0,0,0.0
SAB,3393,83660945,2026-06-17 09:30:00,Wed,09:30:00,0,0,0.0
SAB,3393,83660946,2026-06-17 10:00:00,Wed,10:00:00,0,0,0.0
SAB,3393,83660947,2026-06-17 10:30:00,Wed,10:30:00,0,0,0.0
SAB,3393,83660948,2026-06-17 11:00:00,Wed,11:00:00,0,0,0.0
SAB,3393,83660949,2026-06-17 11:30:00,Wed,11:30:00,0,0,0.0
SAB,3393,83660950,2026-06-17 12:00:00,Wed,12:00:00,11,5,10.0
SAB,3393,83660951,2026-06-17 12:30:00,Wed,12:30:00,4,-2,3.0
SAB,3393,83660952,2026-06-17 13:00:00,Wed,13:00:00,7,-4,6.0
SAB,3393,83660953,2026-06-17 13:30:00,Wed,13:30:00,11,3,10.0
SAB,3393,83660954,2026-06-17 14:00:00,Wed,14:00:00,11,3,10.0
SAB,3393,83660955,2026-06-17 14:30:00,Wed,14:30:00,14,8,13.0
SAB,3393,83660956,2026-06-17 15:00:00,Wed,15:00:00,7,1,6.0
SAB,3393,83660957,2026-06-17 15:30:00,Wed,15:30:00,11,5,10.0
SAB,3393,83660958,2026-06-17 16:00:00,Wed,16:00:00,4,-2,3.0
SAB,3393,83660959,2026-06-17 16:30:00,Wed,16:30:00,11,5,10.0
SAB,3393,83660960,2026-06-17 17:00:00,Wed,17:00:00,4,-2,3.0
SAB,3393,83660961,2026-06-17 17:30:00,Wed,17:30:00,11,5,10.0
SAB,3393,83660962,2026-06-17 18:00:00,Wed,18:00:00,11,5,10.0
SAB,3393,83660963,2026-06-17 18:30:00,Wed,18:30:00,4,-3,3.0
SAB,3393,83660964,2026-06-17 19:00:00,Wed,19:00:00,11,3,10.0
SAB,3393,83660965,2026-06-17 19:30:00,Wed,19:30:00,7,-3,6.0
SAB,3393,83660966,2026-06-17 20:00:00,Wed,20:00:00,11,-3,10.0
SAB,3393,83660967,2026-06-17 20:30:00,Wed,20:30:00,18,4,17.0
SAB,3393,83660968,2026-06-17 21:00:00,Wed,21:00:00,25,12,24.0
SAB,3393,83660969,2026-06-17 21:30:00,Wed,21:30:00,21,11,20.0
SAB,3393,83660970,2026-06-17 22:00:00,Wed,22:00:00,25,18,24.0
SAB,3393,83660971,2026-06-17 22:30:00,Wed,22:30:00,7,2,6.0
SAB,3393,83660972,2026-06-17 23:00:00,Wed,23:00:00,7,4,6.0
SAB,3393,83660973,2026-06-17 23:30:00,Wed,23:30:00,4,1,3.0
SAB,3393,83660974,2026-06-18 00:00:00,Thu,00:00:00,0,0,0.0
SAB,3393,83660975,2026-06-18 00:30:00,Thu,00:30:00,0,0,0.0
SAB,3393,83660976,2026-06-18 01:00:00,Thu,01:00:00,0,0,0.0
SAB,3393,83660977,2026-06-18 01:30:00,Thu,01:30:00,0,0,0.0
SAB,3393,83699090,2026-06-18 02:00:00,Thu,02:00:00,0,0,0.0
SAB,3393,83699091,2026-06-18 02:30:00,Thu,02:30:00,0,0,0.0
SAB,3393,83699092,2026-06-18 03:00:00,Thu,03:00:00,0,0,0.0
SAB,3393,83699093,2026-06-18 03:30:00,Thu,03:30:00,0,0,0.0
SAB,3393,83699094,2026-06-18 04:00:00,Thu,04:00:00,0,0,0.0
SAB,3393,83699095,2026-06-18 04:30:00,Thu,04:30:00,0,0,0.0
SAB,3393,83699096,2026-06-18 05:00:00,Thu,05:00:00,0,0,0.0
SAB,3393,83699097,2026-06-18 05:30:00,Thu,05:30:00,0,0,0.0
SAB,3393,83699098,2026-06-18 06:00:00,Thu,06:00:00,0,0,0.0
SAB,3393,83699099,2026-06-18 06:30:00,Thu,06:30:00,0,0,0.0
SAB,3393,83699100,2026-06-18 07:00:00,Thu,07:00:00,0,0,0.0
SAB,3393,83699101,2026-06-18 07:30:00,Thu,07:30:00,0,0,0.0
SAB,3393,83699102,2026-06-18 08:00:00,Thu,08:00:00,0,0,0.0
SAB,3393,83699103,2026-06-18 08:30:00,Thu,08:30:00,0,0,0.0
SAB,3393,83699104,2026-06-18 09:00:00,Thu,09:00:00,0,0,0.0
SAB,3393,83699105,2026-06-18 09:30:00,Thu,09:30:00,0,0,0.0
SAB,3393,83699106,2026-06-18 10:00:00,Thu,10:00:00,0,0,0.0
SAB,3393,83699107,2026-06-18 10:30:00,Thu,10:30:00,0,0,0.0
SAB,3393,83699108,2026-06-18 11:00:00,Thu,11:00:00,0,0,0.0
SAB,3393,83699109,2026-06-18 11:30:00,Thu,11:30:00,0,0,0.0
SAB,3393,83699110,2026-06-18 12:00:00,Thu,12:00:00,4,-1,3.0
SAB,3393,83699111,2026-06-18 12:30:00,Thu,12:30:00,4,-1,3.0
SAB,3393,83699112,2026-06-18 13:00:00,Thu,13:00:00,7,-1,6.0
SAB,3393,83699113,2026-06-18 13:30:00,Thu,13:30:00,14,6,13.0
SAB,3393,83699114,2026-06-18 14:00:00,Thu,14:00:00,14,8,13.0
SAB,3393,83699115,2026-06-18 14:30:00,Thu,14:30:00,11,5,10.0
SAB,3393,83699116,2026-06-18 15:00:00,Thu,15:00:00,7,2,6.0
SAB,3393,83699117,2026-06-18 15:30:00,Thu,15:30:00,4,-1,3.0
SAB,3393,83699118,2026-06-18 16:00:00,Thu,16:00:00,4,-1,3.0
SAB,3393,83699119,2026-06-18 16:30:00,Thu,16:30:00,4,-1,3.0
SAB,3393,83699120,2026-06-18 17:00:00,Thu,17:00:00,4,-1,3.0
SAB,3393,83699121,2026-06-18 17:30:00,Thu,17:30:00,4,-1,3.0
SAB,3393,83699122,2026-06-18 18:00:00,Thu,18:00:00,4,-1,3.0
SAB,3393,83699123,2026-06-18 18:30:00,Thu,18:30:00,4,-2,3.0
SAB,3393,83699124,2026-06-18 19:00:00,Thu,19:00:00,11,4,10.0
SAB,3393,83699125,2026-06-18 19:30:00,Thu,19:30:00,11,1,10.0
SAB,3393,83699126,2026-06-18 20:00:00,Thu,20:00:00,14,0,13.0
SAB,3393,83699127,2026-06-18 20:30:00,Thu,20:30:00,18,1,17.0
SAB,3393,83699128,2026-06-18 21:00:00,Thu,21:00:00,25,11,24.0
SAB,3393,83699129,2026-06-18 21:30:00,Thu,21:30:00,18,8,17.0
SAB,3393,83699130,2026-06-18 22:00:00,Thu,22:00:00,18,12,17.0
SAB,3393,83699131,2026-06-18 22:30:00,Thu,22:30:00,11,7,10.0
SAB,3393,83699132,2026-06-18 23:00:00,Thu,23:00:00,7,4,6.0
SAB,3393,83699133,2026-06-18 23:30:00,Thu,23:30:00,4,1,3.0
SAB,3393,83699134,2026-06-19 00:00:00,Fri,00:00:00,0,0,0.0
SAB,3393,83699135,2026-06-19 00:30:00,Fri,00:30:00,0,0,0.0
SAB,3393,83699136,2026-06-19 01:00:00,Fri,01:00:00,0,0,0.0
SAB,3393,83699137,2026-06-19 01:30:00,Fri,01:30:00,0,0,0.0
SAB,3393,83699138,2026-06-19 02:00:00,Fri,02:00:00,0,0,0.0
SAB,3393,83699139,2026-06-19 02:30:00,Fri,02:30:00,0,0,0.0
SAB,3393,83699140,2026-06-19 03:00:00,Fri,03:00:00,0,0,0.0
SAB,3393,83699141,2026-06-19 03:30:00,Fri,03:30:00,0,0,0.0
SAB,3393,83699142,2026-06-19 04:00:00,Fri,04:00:00,0,0,0.0
SAB,3393,83699143,2026-06-19 04:30:00,Fri,04:30:00,0,0,0.0
SAB,3393,83699144,2026-06-19 05:00:00,Fri,05:00:00,0,0,0.0
SAB,3393,83699145,2026-06-19 05:30:00,Fri,05:30:00,0,0,0.0
SAB,3393,83699146,2026-06-19 06:00:00,Fri,06:00:00,0,0,0.0
SAB,3393,83699147,2026-06-19 06:30:00,Fri,06:30:00,0,0,0.0
SAB,3393,83699148,2026-06-19 07:00:00,Fri,07:00:00,0,0,0.0
SAB,3393,83699149,2026-06-19 07:30:00,Fri,07:30:00,0,0,0.0
SAB,3393,83699150,2026-06-19 08:00:00,Fri,08:00:00,0,0,0.0
SAB,3393,83699151,2026-06-19 08:30:00,Fri,08:30:00,0,0,0.0
SAB,3393,83699152,2026-06-19 09:00:00,Fri,09:00:00,0,0,0.0
SAB,3393,83699153,2026-06-19 09:30:00,Fri,09:30:00,0,0,0.0
SAB,3393,83699154,2026-06-19 10:00:00,Fri,10:00:00,0,0,0.0
SAB,3393,83699155,2026-06-19 10:30:00,Fri,10:30:00,0,0,0.0
SAB,3393,83699156,2026-06-19 11:00:00,Fri,11:00:00,0,0,0.0
SAB,3393,83699157,2026-06-19 11:30:00,Fri,11:30:00,0,0,0.0
SAB,3393,83699158,2026-06-19 12:00:00,Fri,12:00:00,4,1,3.0
SAB,3393,83699159,2026-06-19 12:30:00,Fri,12:30:00,4,-1,3.0
SAB,3393,83699160,2026-06-19 13:00:00,Fri,13:00:00,11,3,10.0
SAB,3393,83699161,2026-06-19 13:30:00,Fri,13:30:00,18,9,17.0
SAB,3393,83699162,2026-06-19 14:00:00,Fri,14:00:00,18,7,17.0
SAB,3393,83699163,2026-06-19 14:30:00,Fri,14:30:00,18,9,17.0
SAB,3393,83699164,2026-06-19 15:00:00,Fri,15:00:00,14,8,13.0
SAB,3393,83699165,2026-06-19 15:30:00,Fri,15:30:00,7,1,6.0
SAB,3393,83699166,2026-06-19 16:00:00,Fri,16:00:00,4,-2,3.0
SAB,3393,83699167,2026-06-19 16:30:00,Fri,16:30:00,7,1,6.0
SAB,3393,83699168,2026-06-19 17:00:00,Fri,17:00:00,4,-2,3.0
SAB,3393,83699169,2026-06-19 17:30:00,Fri,17:30:00,4,-2,3.0
SAB,3393,83699170,2026-06-19 18:00:00,Fri,18:00:00,4,-4,3.0
SAB,3393,83699171,2026-06-19 18:30:00,Fri,18:30:00,14,6,13.0
SAB,3393,83699172,2026-06-19 19:00:00,Fri,19:00:00,7,-8,6.0
SAB,3393,83699173,2026-06-19 19:30:00,Fri,19:30:00,11,-7,10.0
SAB,3393,83699174,2026-06-19 20:00:00,Fri,20:00:00,25,5,24.0
SAB,3393,83699175,2026-06-19 20:30:00,Fri,20:30:00,35,10,34.0
SAB,3393,83699176,2026-06-19 21:00:00,Fri,21:00:00,39,14,37.0
SAB,3393,83699177,2026-06-19 21:30:00,Fri,21:30:00,35,10,34.0
SAB,3393,83699178,2026-06-19 22:00:00,Fri,22:00:00,25,0,24.0
SAB,3393,83699179,2026-06-19 22:30:00,Fri,22:30:00,18,2,17.0
SAB,3393,83699180,2026-06-19 23:00:00,Fri,23:00:00,14,8,13.0
SAB,3393,83699181,2026-06-19 23:30:00,Fri,23:30:00,4,1,3.0
SAB,3393,83699182,2026-06-20 00:00:00,Sat,00:00:00,0,0,0.0
SAB,3393,83699183,2026-06-20 00:30:00,Sat,00:30:00,0,0,0.0
SAB,3393,83699184,2026-06-20 01:00:00,Sat,01:00:00,0,0,0.0
SAB,3393,83699185,2026-06-20 01:30:00,Sat,01:30:00,0,0,0.0
SAB,3393,83726450,2026-06-20 02:00:00,Sat,02:00:00,0,0,0.0
SAB,3393,83726451,2026-06-20 02:30:00,Sat,02:30:00,0,0,0.0
SAB,3393,83726452,2026-06-20 03:00:00,Sat,03:00:00,0,0,0.0
SAB,3393,83726453,2026-06-20 03:30:00,Sat,03:30:00,0,0,0.0
SAB,3393,83726454,2026-06-20 04:00:00,Sat,04:00:00,0,0,0.0
SAB,3393,83726455,2026-06-20 04:30:00,Sat,04:30:00,0,0,0.0
SAB,3393,83726456,2026-06-20 05:00:00,Sat,05:00:00,0,0,0.0
SAB,3393,83726457,2026-06-20 05:30:00,Sat,05:30:00,0,0,0.0
SAB,3393,83726458,2026-06-20 06:00:00,Sat,06:00:00,0,0,0.0
SAB,3393,83726459,2026-06-20 06:30:00,Sat,06:30:00,0,0,0.0
SAB,3393,83726460,2026-06-20 07:00:00,Sat,07:00:00,0,0,0.0
SAB,3393,83726461,2026-06-20 07:30:00,Sat,07:30:00,0,0,0.0
SAB,3393,83726462,2026-06-20 08:00:00,Sat,08:00:00,0,0,0.0
SAB,3393,83726463,2026-06-20 08:30:00,Sat,08:30:00,0,0,0.0
SAB,3393,83726464,2026-06-20 09:00:00,Sat,09:00:00,0,0,0.0
SAB,3393,83726465,2026-06-20 09:30:00,Sat,09:30:00,0,0,0.0
SAB,3393,83726466,2026-06-20 10:00:00,Sat,10:00:00,0,0,0.0
SAB,3393,83726467,2026-06-20 10:30:00,Sat,10:30:00,0,0,0.0
SAB,3393,83726468,2026-06-20 11:00:00,Sat,11:00:00,0,0,0.0
SAB,3393,83726469,2026-06-20 11:30:00,Sat,11:30:00,0,0,0.0
SAB,3393,83726470,2026-06-20 12:00:00,Sat,12:00:00,4,-7,3.0
SAB,3393,83726471,2026-06-20 12:30:00,Sat,12:30:00,7,-6,6.0
SAB,3393,83726472,2026-06-20 13:00:00,Sat,13:00:00,11,-5,10.0
SAB,3393,83726473,2026-06-20 13:30:00,Sat,13:30:00,18,-1,17.0
SAB,3393,83726474,2026-06-20 14:00:00,Sat,14:00:00,18,2,17.0
SAB,3393,83726475,2026-06-20 14:30:00,Sat,14:30:00,18,7,17.0
SAB,3393,83726476,2026-06-20 15:00:00,Sat,15:00:00,11,5,10.0
SAB,3393,83726477,2026-06-20 15:30:00,Sat,15:30:00,14,8,13.0
SAB,3393,83726478,2026-06-20 16:00:00,Sat,16:00:00,11,5,10.0
SAB,3393,83726479,2026-06-20 16:30:00,Sat,16:30:00,4,-2,3.0
SAB,3393,83726480,2026-06-20 17:00:00,Sat,17:00:00,4,-2,3.0
SAB,3393,83726481,2026-06-20 17:30:00,Sat,17:30:00,4,-2,3.0
SAB,3393,83726482,2026-06-20 18:00:00,Sat,18:00:00,4,-4,3.0
SAB,3393,83726483,2026-06-20 18:30:00,Sat,18:30:00,14,6,13.0
SAB,3393,83726484,2026-06-20 19:00:00,Sat,19:00:00,11,-4,10.0
SAB,3393,83726485,2026-06-20 19:30:00,Sat,19:30:00,11,-7,10.0
SAB,3393,83726486,2026-06-20 20:00:00,Sat,20:00:00,18,-2,17.0
SAB,3393,83726487,2026-06-20 20:30:00,Sat,20:30:00,35,10,34.0
SAB,3393,83726488,2026-06-20 21:00:00,Sat,21:00:00,42,17,41.0
SAB,3393,83726489,2026-06-20 21:30:00,Sat,21:30:00,32,7,30.0
SAB,3393,83726490,2026-06-20 22:00:00,Sat,22:00:00,32,7,30.0
SAB,3393,83726491,2026-06-20 22:30:00,Sat,22:30:00,18,2,17.0
SAB,3393,83726492,2026-06-20 23:00:00,Sat,23:00:00,7,1,6.0
SAB,3393,83726493,2026-06-20 23:30:00,Sat,23:30:00,4,1,3.0
SAB,3393,83726494,2026-06-21 00:00:00,Sun,00:00:00,0,0,0.0
SAB,3393,83726495,2026-06-21 00:30:00,Sun,00:30:00,0,0,0.0
SAB,3393,83726496,2026-06-21 01:00:00,Sun,01:00:00,0,0,0.0
SAB,3393,83726497,2026-06-21 01:30:00,Sun,01:30:00,0,0,0.0
SAB,3393,83726498,2026-06-21 02:00:00,Sun,02:00:00,0,0,0.0
SAB,3393,83726499,2026-06-21 02:30:00,Sun,02:30:00,0,0,0.0
SAB,3393,83726500,2026-06-21 03:00:00,Sun,03:00:00,0,0,0.0
SAB,3393,83726501,2026-06-21 03:30:00,Sun,03:30:00,0,0,0.0
SAB,3393,83726502,2026-06-21 04:00:00,Sun,04:00:00,0,0,0.0
SAB,3393,83726503,2026-06-21 04:30:00,Sun,04:30:00,0,0,0.0
SAB,3393,83726504,2026-06-21 05:00:00,Sun,05:00:00,0,0,0.0
SAB,3393,83726505,2026-06-21 05:30:00,Sun,05:30:00,0,0,0.0
SAB,3393,83726506,2026-06-21 06:00:00,Sun,06:00:00,0,0,0.0
SAB,3393,83726507,2026-06-21 06:30:00,Sun,06:30:00,0,0,0.0
SAB,3393,83726508,2026-06-21 07:00:00,Sun,07:00:00,0,0,0.0
SAB,3393,83726509,2026-06-21 07:30:00,Sun,07:30:00,0,0,0.0
SAB,3393,83726510,2026-06-21 08:00:00,Sun,08:00:00,0,0,0.0
SAB,3393,83726511,2026-06-21 08:30:00,Sun,08:30:00,0,0,0.0
SAB,3393,83726512,2026-06-21 09:00:00,Sun,09:00:00,0,0,0.0
SAB,3393,83726513,2026-06-21 09:30:00,Sun,09:30:00,0,0,0.0
SAB,3393,83726514,2026-06-21 10:00:00,Sun,10:00:00,0,0,0.0
SAB,3393,83726515,2026-06-21 10:30:00,Sun,10:30:00,0,0,0.0
SAB,3393,83726516,2026-06-21 11:00:00,Sun,11:00:00,0,0,0.0
SAB,3393,83726517,2026-06-21 11:30:00,Sun,11:30:00,0,0,0.0
SAB,3393,83726518,2026-06-21 12:00:00,Sun,12:00:00,4,-7,3.0
SAB,3393,83726519,2026-06-21 12:30:00,Sun,12:30:00,7,-6,6.0
SAB,3393,83726520,2026-06-21 13:00:00,Sun,13:00:00,14,-1,13.0
SAB,3393,83726521,2026-06-21 13:30:00,Sun,13:30:00,21,3,20.0
SAB,3393,83726522,2026-06-21 14:00:00,Sun,14:00:00,25,10,24.0
SAB,3393,83726523,2026-06-21 14:30:00,Sun,14:30:00,21,10,20.0
SAB,3393,83726524,2026-06-21 15:00:00,Sun,15:00:00,14,6,13.0
SAB,3393,83726525,2026-06-21 15:30:00,Sun,15:30:00,14,7,13.0
SAB,3393,83726526,2026-06-21 16:00:00,Sun,16:00:00,11,4,10.0
SAB,3393,83726527,2026-06-21 16:30:00,Sun,16:30:00,14,7,13.0
SAB,3393,83726528,2026-06-21 17:00:00,Sun,17:00:00,11,4,10.0
SAB,3393,83726529,2026-06-21 17:30:00,Sun,17:30:00,14,7,13.0
SAB,3393,83726530,2026-06-21 18:00:00,Sun,18:00:00,11,4,10.0
SAB,3393,83726531,2026-06-21 18:30:00,Sun,18:30:00,11,2,10.0
SAB,3393,83726532,2026-06-21 19:00:00,Sun,19:00:00,14,-1,13.0
SAB,3393,83726533,2026-06-21 19:30:00,Sun,19:30:00,18,0,17.0
SAB,3393,83726534,2026-06-21 20:00:00,Sun,20:00:00,28,8,27.0
SAB,3393,83726535,2026-06-21 20:30:00,Sun,20:30:00,42,17,41.0
SAB,3393,83726536,2026-06-21 21:00:00,Sun,21:00:00,42,17,41.0
SAB,3393,83726537,2026-06-21 21:30:00,Sun,21:30:00,39,14,37.0
SAB,3393,83726538,2026-06-21 22:00:00,Sun,22:00:00,28,3,27.0
SAB,3393,83726539,2026-06-21 22:30:00,Sun,22:30:00,11,-5,10.0
SAB,3393,83726540,2026-06-21 23:00:00,Sun,23:00:00,7,1,6.0
SAB,3393,83726541,2026-06-21 23:30:00,Sun,23:30:00,4,1,3.0
ALC,3393,83733454,2026-06-22 00:00:00,Mon,00:00:00,3,0,3.0
ALC,3393,83733455,2026-06-22 00:30:00,Mon,00:30:00,1,1,1.0
ALC,3393,83733456,2026-06-22 01:00:00,Mon,01:00:00,0,0,0.0
ALC,3393,83733457,2026-06-22 01:30:00,Mon,01:30:00,0,0,0.0
ALC,3393,83760434,2026-06-22 02:00:00,Mon,02:00:00,0,0,0.0
ALC,3393,83760435,2026-06-22 02:30:00,Mon,02:30:00,0,0,0.0
ALC,3393,83760436,2026-06-22 03:00:00,Mon,03:00:00,0,0,0.0
ALC,3393,83760437,2026-06-22 03:30:00,Mon,03:30:00,0,0,0.0
ALC,3393,83760438,2026-06-22 04:00:00,Mon,04:00:00,0,0,0.0
ALC,3393,83760439,2026-06-22 04:30:00,Mon,04:30:00,0,0,0.0
ALC,3393,83760440,2026-06-22 05:00:00,Mon,05:00:00,0,0,0.0
ALC,3393,83760441,2026-06-22 05:30:00,Mon,05:30:00,0,0,0.0
ALC,3393,83760442,2026-06-22 06:00:00,Mon,06:00:00,0,0,0.0
ALC,3393,83760443,2026-06-22 06:30:00,Mon,06:30:00,0,0,0.0
ALC,3393,83760444,2026-06-22 07:00:00,Mon,07:00:00,0,0,0.0
ALC,3393,83760445,2026-06-22 07:30:00,Mon,07:30:00,0,0,0.0
ALC,3393,83760446,2026-06-22 08:00:00,Mon,08:00:00,0,0,0.0
ALC,3393,83760447,2026-06-22 08:30:00,Mon,08:30:00,1,1,0.0
ALC,3393,83760448,2026-06-22 09:00:00,Mon,09:00:00,1,1,1.0
ALC,3393,83760449,2026-06-22 09:30:00,Mon,09:30:00,1,1,1.0
ALC,3393,83760450,2026-06-22 10:00:00,Mon,10:00:00,4,4,5.0
ALC,3393,83760451,2026-06-22 10:30:00,Mon,10:30:00,4,4,6.0
ALC,3393,83760452,2026-06-22 11:00:00,Mon,11:00:00,5,5,6.0
ALC,3393,83760453,2026-06-22 11:30:00,Mon,11:30:00,5,5,6.0
ALC,3393,83760454,2026-06-22 12:00:00,Mon,12:00:00,7,7,9.0
ALC,3393,83760455,2026-06-22 12:30:00,Mon,12:30:00,6,6,8.0
ALC,3393,83760456,2026-06-22 13:00:00,Mon,13:00:00,9,9,12.0
ALC,3393,83760457,2026-06-22 13:30:00,Mon,13:30:00,12,12,16.0
ALC,3393,83760458,2026-06-22 14:00:00,Mon,14:00:00,15,15,20.0
ALC,3393,83760459,2026-06-22 14:30:00,Mon,14:30:00,15,15,20.0
ALC,3393,83760460,2026-06-22 15:00:00,Mon,15:00:00,12,12,16.0
ALC,3393,83760461,2026-06-22 15:30:00,Mon,15:30:00,10,10,13.0
ALC,3393,83760462,2026-06-22 16:00:00,Mon,16:00:00,7,7,10.0
ALC,3393,83760463,2026-06-22 16:30:00,Mon,16:30:00,6,6,8.0
ALC,3393,83760464,2026-06-22 17:00:00,Mon,17:00:00,6,6,7.0
ALC,3393,83760465,2026-06-22 17:30:00,Mon,17:30:00,8,8,10.0
ALC,3393,83760466,2026-06-22 18:00:00,Mon,18:00:00,7,7,9.0
ALC,3393,83760467,2026-06-22 18:30:00,Mon,18:30:00,7,7,10.0
ALC,3393,83760468,2026-06-22 19:00:00,Mon,19:00:00,8,8,10.0
ALC,3393,83760469,2026-06-22 19:30:00,Mon,19:30:00,10,10,13.0
ALC,3393,83760470,2026-06-22 20:00:00,Mon,20:00:00,12,12,16.0
ALC,3393,83760471,2026-06-22 20:30:00,Mon,20:30:00,17,17,23.0
ALC,3393,83760472,2026-06-22 21:00:00,Mon,21:00:00,21,21,29.0
ALC,3393,83760473,2026-06-22 21:30:00,Mon,21:30:00,21,21,28.0
ALC,3393,83760474,2026-06-22 22:00:00,Mon,22:00:00,19,19,26.0
ALC,3393,83760475,2026-06-22 22:30:00,Mon,22:30:00,16,16,22.0
ALC,3393,83760476,2026-06-22 23:00:00,Mon,23:00:00,12,12,16.0
ALC,3393,83760477,2026-06-22 23:30:00,Mon,23:30:00,5,5,7.0
ALC,3393,83760478,2026-06-23 00:00:00,Tue,00:00:00,1,1,1.0
ALC,3393,83760479,2026-06-23 00:30:00,Tue,00:30:00,0,0,0.0
ALC,3393,83760480,2026-06-23 01:00:00,Tue,01:00:00,0,0,0.0
ALC,3393,83760481,2026-06-23 01:30:00,Tue,01:30:00,0,0,0.0
ALC,3393,83760482,2026-06-23 02:00:00,Tue,02:00:00,0,0,0.0
ALC,3393,83760483,2026-06-23 02:30:00,Tue,02:30:00,0,0,0.0
ALC,3393,83760484,2026-06-23 03:00:00,Tue,03:00:00,0,0,0.0
ALC,3393,83760485,2026-06-23 03:30:00,Tue,03:30:00,0,0,0.0
ALC,3393,83760486,2026-06-23 04:00:00,Tue,04:00:00,0,0,0.0
ALC,3393,83760487,2026-06-23 04:30:00,Tue,04:30:00,0,0,0.0
ALC,3393,83760488,2026-06-23 05:00:00,Tue,05:00:00,0,0,0.0
ALC,3393,83760489,2026-06-23 05:30:00,Tue,05:30:00,0,0,0.0
ALC,3393,83760490,2026-06-23 06:00:00,Tue,06:00:00,0,0,0.0
ALC,3393,83760491,2026-06-23 06:30:00,Tue,06:30:00,0,0,0.0
ALC,3393,83760492,2026-06-23 07:00:00,Tue,07:00:00,0,0,0.0
ALC,3393,83760493,2026-06-23 07:30:00,Tue,07:30:00,0,0,0.0
ALC,3393,83760494,2026-06-23 08:00:00,Tue,08:00:00,0,0,0.0
ALC,3393,83760495,2026-06-23 08:30:00,Tue,08:30:00,0,0,0.0
ALC,3393,83760496,2026-06-23 09:00:00,Tue,09:00:00,1,1,1.0
ALC,3393,83760497,2026-06-23 09:30:00,Tue,09:30:00,2,2,2.0
ALC,3393,83760498,2026-06-23 10:00:00,Tue,10:00:00,4,4,5.0
ALC,3393,83760499,2026-06-23 10:30:00,Tue,10:30:00,4,4,5.0
ALC,3393,83760500,2026-06-23 11:00:00,Tue,11:00:00,6,6,8.0
ALC,3393,83760501,2026-06-23 11:30:00,Tue,11:30:00,6,6,8.0
ALC,3393,83760502,2026-06-23 12:00:00,Tue,12:00:00,7,7,10.0
ALC,3393,83760503,2026-06-23 12:30:00,Tue,12:30:00,8,8,10.0
ALC,3393,83760504,2026-06-23 13:00:00,Tue,13:00:00,13,13,18.0
ALC,3393,83760505,2026-06-23 13:30:00,Tue,13:30:00,18,18,23.0
ALC,3393,83760506,2026-06-23 14:00:00,Tue,14:00:00,19,19,26.0
ALC,3393,83760507,2026-06-23 14:30:00,Tue,14:30:00,20,20,27.0
ALC,3393,83760508,2026-06-23 15:00:00,Tue,15:00:00,16,16,21.0
ALC,3393,83760509,2026-06-23 15:30:00,Tue,15:30:00,14,14,18.0
ALC,3393,83760510,2026-06-23 16:00:00,Tue,16:00:00,10,10,14.0
ALC,3393,83760511,2026-06-23 16:30:00,Tue,16:30:00,9,9,12.0
ALC,3393,83760512,2026-06-23 17:00:00,Tue,17:00:00,8,8,11.0
ALC,3393,83760513,2026-06-23 17:30:00,Tue,17:30:00,9,9,11.0
ALC,3393,83760514,2026-06-23 18:00:00,Tue,18:00:00,11,11,14.0
ALC,3393,83760515,2026-06-23 18:30:00,Tue,18:30:00,11,11,14.0
ALC,3393,83760516,2026-06-23 19:00:00,Tue,19:00:00,10,10,14.0
ALC,3393,83760517,2026-06-23 19:30:00,Tue,19:30:00,11,11,15.0
ALC,3393,83760518,2026-06-23 20:00:00,Tue,20:00:00,21,21,28.0
ALC,3393,83760519,2026-06-23 20:30:00,Tue,20:30:00,30,30,41.0
ALC,3393,83760520,2026-06-23 21:00:00,Tue,21:00:00,35,35,47.0
ALC,3393,83760521,2026-06-23 21:30:00,Tue,21:30:00,34,34,46.0
ALC,3393,83760522,2026-06-23 22:00:00,Tue,22:00:00,30,30,40.0
ALC,3393,83760523,2026-06-23 22:30:00,Tue,22:30:00,24,24,32.0
ALC,3393,83760524,2026-06-23 23:00:00,Tue,23:00:00,15,15,20.0
ALC,3393,83760525,2026-06-23 23:30:00,Tue,23:30:00,7,7,10.0
ALC,3393,83760526,2026-06-24 00:00:00,Wed,00:00:00,2,2,2.0
ALC,3393,83760527,2026-06-24 00:30:00,Wed,00:30:00,1,1,1.0
ALC,3393,83760528,2026-06-24 01:00:00,Wed,01:00:00,0,0,0.0
ALC,3393,83760529,2026-06-24 01:30:00,Wed,01:30:00,0,0,0.0
ALC,3393,83796530,2026-06-24 02:00:00,Wed,02:00:00,0,0,0.0
ALC,3393,83796531,2026-06-24 02:30:00,Wed,02:30:00,0,0,0.0
ALC,3393,83796532,2026-06-24 03:00:00,Wed,03:00:00,0,0,0.0
ALC,3393,83796533,2026-06-24 03:30:00,Wed,03:30:00,0,0,0.0
ALC,3393,83796534,2026-06-24 04:00:00,Wed,04:00:00,0,0,0.0
ALC,3393,83796535,2026-06-24 04:30:00,Wed,04:30:00,0,0,0.0
ALC,3393,83796536,2026-06-24 05:00:00,Wed,05:00:00,0,0,0.0
ALC,3393,83796537,2026-06-24 05:30:00,Wed,05:30:00,0,0,0.0
ALC,3393,83796538,2026-06-24 06:00:00,Wed,06:00:00,0,0,0.0
ALC,3393,83796539,2026-06-24 06:30:00,Wed,06:30:00,0,0,0.0
ALC,3393,83796540,2026-06-24 07:00:00,Wed,07:00:00,0,0,0.0
ALC,3393,83796541,2026-06-24 07:30:00,Wed,07:30:00,0,0,0.0
ALC,3393,83796542,2026-06-24 08:00:00,Wed,08:00:00,0,0,0.0
ALC,3393,83796543,2026-06-24 08:30:00,Wed,08:30:00,1,1,1.0
ALC,3393,83796544,2026-06-24 09:00:00,Wed,09:00:00,1,1,1.0
ALC,3393,83796545,2026-06-24 09:30:00,Wed,09:30:00,3,3,3.0
ALC,3393,83796546,2026-06-24 10:00:00,Wed,10:00:00,4,4,5.0
ALC,3393,83796547,2026-06-24 10:30:00,Wed,10:30:00,4,4,5.0
ALC,3393,83796548,2026-06-24 11:00:00,Wed,11:00:00,4,4,6.0
ALC,3393,83796549,2026-06-24 11:30:00,Wed,11:30:00,7,7,9.0
ALC,3393,83796550,2026-06-24 12:00:00,Wed,12:00:00,10,10,12.0
ALC,3393,83796551,2026-06-24 12:30:00,Wed,12:30:00,10,10,12.0
ALC,3393,83796552,2026-06-24 13:00:00,Wed,13:00:00,13,13,17.0
ALC,3393,83796553,2026-06-24 13:30:00,Wed,13:30:00,20,20,27.0
ALC,3393,83796554,2026-06-24 14:00:00,Wed,14:00:00,24,24,33.0
ALC,3393,83796555,2026-06-24 14:30:00,Wed,14:30:00,24,24,33.0
ALC,3393,83796556,2026-06-24 15:00:00,Wed,15:00:00,17,17,23.0
ALC,3393,83796557,2026-06-24 15:30:00,Wed,15:30:00,13,13,17.0
ALC,3393,83796558,2026-06-24 16:00:00,Wed,16:00:00,10,10,13.0
ALC,3393,83796559,2026-06-24 16:30:00,Wed,16:30:00,10,10,13.0
ALC,3393,83796560,2026-06-24 17:00:00,Wed,17:00:00,10,10,13.0
ALC,3393,83796561,2026-06-24 17:30:00,Wed,17:30:00,10,10,13.0
ALC,3393,83796562,2026-06-24 18:00:00,Wed,18:00:00,12,12,15.0
ALC,3393,83796563,2026-06-24 18:30:00,Wed,18:30:00,12,12,16.0
ALC,3393,83796564,2026-06-24 19:00:00,Wed,19:00:00,13,13,17.0
ALC,3393,83796565,2026-06-24 19:30:00,Wed,19:30:00,13,13,18.0
ALC,3393,83796566,2026-06-24 20:00:00,Wed,20:00:00,23,23,31.0
ALC,3393,83796567,2026-06-24 20:30:00,Wed,20:30:00,36,36,48.0
ALC,3393,83796568,2026-06-24 21:00:00,Wed,21:00:00,43,43,58.0
ALC,3393,83796569,2026-06-24 21:30:00,Wed,21:30:00,42,42,57.0
ALC,3393,83796570,2026-06-24 22:00:00,Wed,22:00:00,33,33,45.0
ALC,3393,83796571,2026-06-24 22:30:00,Wed,22:30:00,21,21,29.0
ALC,3393,83796572,2026-06-24 23:00:00,Wed,23:00:00,17,17,22.0
ALC,3393,83796573,2026-06-24 23:30:00,Wed,23:30:00,8,8,11.0
ALC,3393,83796574,2026-06-25 00:00:00,Thu,00:00:00,2,2,2.0
ALC,3393,83796575,2026-06-25 00:30:00,Thu,00:30:00,1,1,1.0
ALC,3393,83796576,2026-06-25 01:00:00,Thu,01:00:00,0,0,0.0
ALC,3393,83796577,2026-06-25 01:30:00,Thu,01:30:00,0,0,0.0
ALC,3393,83796578,2026-06-25 02:00:00,Thu,02:00:00,0,0,0.0
ALC,3393,83796579,2026-06-25 02:30:00,Thu,02:30:00,0,0,0.0
ALC,3393,83796580,2026-06-25 03:00:00,Thu,03:00:00,0,0,0.0
ALC,3393,83796581,2026-06-25 03:30:00,Thu,03:30:00,0,0,0.0
ALC,3393,83796582,2026-06-25 04:00:00,Thu,04:00:00,0,0,0.0
ALC,3393,83796583,2026-06-25 04:30:00,Thu,04:30:00,0,0,0.0
ALC,3393,83796584,2026-06-25 05:00:00,Thu,05:00:00,0,0,0.0
ALC,3393,83796585,2026-06-25 05:30:00,Thu,05:30:00,0,0,0.0
ALC,3393,83796586,2026-06-25 06:00:00,Thu,06:00:00,0,0,0.0
ALC,3393,83796587,2026-06-25 06:30:00,Thu,06:30:00,0,0,0.0
ALC,3393,83796588,2026-06-25 07:00:00,Thu,07:00:00,0,0,0.0
ALC,3393,83796589,2026-06-25 07:30:00,Thu,07:30:00,0,0,0.0
ALC,3393,83796590,2026-06-25 08:00:00,Thu,08:00:00,0,0,0.0
ALC,3393,83796591,2026-06-25 08:30:00,Thu,08:30:00,1,1,0.0
ALC,3393,83796592,2026-06-25 09:00:00,Thu,09:00:00,1,1,1.0
ALC,3393,83796593,2026-06-25 09:30:00,Thu,09:30:00,2,2,2.0
ALC,3393,83796594,2026-06-25 10:00:00,Thu,10:00:00,3,3,3.0
ALC,3393,83796595,2026-06-25 10:30:00,Thu,10:30:00,4,4,5.0
ALC,3393,83796596,2026-06-25 11:00:00,Thu,11:00:00,4,4,5.0
ALC,3393,83796597,2026-06-25 11:30:00,Thu,11:30:00,4,4,5.0
ALC,3393,83796598,2026-06-25 12:00:00,Thu,12:00:00,6,6,8.0
ALC,3393,83796599,2026-06-25 12:30:00,Thu,12:30:00,6,6,8.0
ALC,3393,83796600,2026-06-25 13:00:00,Thu,13:00:00,9,9,12.0
ALC,3393,83796601,2026-06-25 13:30:00,Thu,13:30:00,13,13,18.0
ALC,3393,83796602,2026-06-25 14:00:00,Thu,14:00:00,15,15,20.0
ALC,3393,83796603,2026-06-25 14:30:00,Thu,14:30:00,15,15,20.0
ALC,3393,83796604,2026-06-25 15:00:00,Thu,15:00:00,12,12,16.0
ALC,3393,83796605,2026-06-25 15:30:00,Thu,15:30:00,10,10,13.0
ALC,3393,83796606,2026-06-25 16:00:00,Thu,16:00:00,8,8,10.0
ALC,3393,83796607,2026-06-25 16:30:00,Thu,16:30:00,6,6,8.0
ALC,3393,83796608,2026-06-25 17:00:00,Thu,17:00:00,5,5,6.0
ALC,3393,83796609,2026-06-25 17:30:00,Thu,17:30:00,6,6,8.0
ALC,3393,83796610,2026-06-25 18:00:00,Thu,18:00:00,7,7,9.0
ALC,3393,83796611,2026-06-25 18:30:00,Thu,18:30:00,6,6,8.0
ALC,3393,83796612,2026-06-25 19:00:00,Thu,19:00:00,7,7,9.0
ALC,3393,83796613,2026-06-25 19:30:00,Thu,19:30:00,10,10,13.0
ALC,3393,83796614,2026-06-25 20:00:00,Thu,20:00:00,17,17,22.0
ALC,3393,83796615,2026-06-25 20:30:00,Thu,20:30:00,25,25,33.0
ALC,3393,83796616,2026-06-25 21:00:00,Thu,21:00:00,29,29,39.0
ALC,3393,83796617,2026-06-25 21:30:00,Thu,21:30:00,28,28,38.0
ALC,3393,83796618,2026-06-25 22:00:00,Thu,22:00:00,25,25,34.0
ALC,3393,83796619,2026-06-25 22:30:00,Thu,22:30:00,20,20,26.0
ALC,3393,83796620,2026-06-25 23:00:00,Thu,23:00:00,13,13,18.0
ALC,3393,83796621,2026-06-25 23:30:00,Thu,23:30:00,6,6,7.0
ALC,3393,83796622,2026-06-26 00:00:00,Fri,00:00:00,2,2,2.0
ALC,3393,83796623,2026-06-26 00:30:00,Fri,00:30:00,1,1,0.0
ALC,3393,83796624,2026-06-26 01:00:00,Fri,01:00:00,0,0,0.0
ALC,3393,83796625,2026-06-26 01:30:00,Fri,01:30:00,0,0,0.0
ALC,3393,83838962,2026-06-26 02:00:00,Fri,02:00:00,0,0,0.0
ALC,3393,83838963,2026-06-26 02:30:00,Fri,02:30:00,0,0,0.0
ALC,3393,83838964,2026-06-26 03:00:00,Fri,03:00:00,0,0,0.0
ALC,3393,83838965,2026-06-26 03:30:00,Fri,03:30:00,0,0,0.0
ALC,3393,83838966,2026-06-26 04:00:00,Fri,04:00:00,0,0,0.0
ALC,3393,83838967,2026-06-26 04:30:00,Fri,04:30:00,0,0,0.0
ALC,3393,83838968,2026-06-26 05:00:00,Fri,05:00:00,0,0,0.0
ALC,3393,83838969,2026-06-26 05:30:00,Fri,05:30:00,0,0,0.0
ALC,3393,83838970,2026-06-26 06:00:00,Fri,06:00:00,0,0,0.0
ALC,3393,83838971,2026-06-26 06:30:00,Fri,06:30:00,0,0,0.0
ALC,3393,83838972,2026-06-26 07:00:00,Fri,07:00:00,0,0,0.0
ALC,3393,83838973,2026-06-26 07:30:00,Fri,07:30:00,0,0,0.0
ALC,3393,83838974,2026-06-26 08:00:00,Fri,08:00:00,0,0,0.0
ALC,3393,83838975,2026-06-26 08:30:00,Fri,08:30:00,1,1,0.0
ALC,3393,83838976,2026-06-26 09:00:00,Fri,09:00:00,1,1,1.0
ALC,3393,83838977,2026-06-26 09:30:00,Fri,09:30:00,2,2,2.0
ALC,3393,83838978,2026-06-26 10:00:00,Fri,10:00:00,4,4,4.0
ALC,3393,83838979,2026-06-26 10:30:00,Fri,10:30:00,4,4,5.0
ALC,3393,83838980,2026-06-26 11:00:00,Fri,11:00:00,5,5,6.0
ALC,3393,83838981,2026-06-26 11:30:00,Fri,11:30:00,5,5,6.0
ALC,3393,83838982,2026-06-26 12:00:00,Fri,12:00:00,7,7,9.0
ALC,3393,83838983,2026-06-26 12:30:00,Fri,12:30:00,8,8,10.0
ALC,3393,83838984,2026-06-26 13:00:00,Fri,13:00:00,12,12,15.0
ALC,3393,83838985,2026-06-26 13:30:00,Fri,13:30:00,17,17,23.0
ALC,3393,83838986,2026-06-26 14:00:00,Fri,14:00:00,21,21,28.0
ALC,3393,83838987,2026-06-26 14:30:00,Fri,14:30:00,21,21,28.0
ALC,3393,83838988,2026-06-26 15:00:00,Fri,15:00:00,16,16,21.0
ALC,3393,83838989,2026-06-26 15:30:00,Fri,15:30:00,13,13,17.0
ALC,3393,83838990,2026-06-26 16:00:00,Fri,16:00:00,9,9,11.0
ALC,3393,83838991,2026-06-26 16:30:00,Fri,16:30:00,7,7,10.0
ALC,3393,83838992,2026-06-26 17:00:00,Fri,17:00:00,6,6,8.0
ALC,3393,83838993,2026-06-26 17:30:00,Fri,17:30:00,7,7,9.0
ALC,3393,83838994,2026-06-26 18:00:00,Fri,18:00:00,8,8,10.0
ALC,3393,83838995,2026-06-26 18:30:00,Fri,18:30:00,10,10,12.0
ALC,3393,83838996,2026-06-26 19:00:00,Fri,19:00:00,10,10,14.0
ALC,3393,83838997,2026-06-26 19:30:00,Fri,19:30:00,15,15,20.0
ALC,3393,83838998,2026-06-26 20:00:00,Fri,20:00:00,25,25,34.0
ALC,3393,83838999,2026-06-26 20:30:00,Fri,20:30:00,37,37,50.0
ALC,3393,83839000,2026-06-26 21:00:00,Fri,21:00:00,47,47,63.0
ALC,3393,83839001,2026-06-26 21:30:00,Fri,21:30:00,45,45,62.0
ALC,3393,83839002,2026-06-26 22:00:00,Fri,22:00:00,42,42,56.0
ALC,3393,83839003,2026-06-26 22:30:00,Fri,22:30:00,32,32,44.0
ALC,3393,83839004,2026-06-26 23:00:00,Fri,23:00:00,26,26,35.0
ALC,3393,83839005,2026-06-26 23:30:00,Fri,23:30:00,11,11,15.0
ALC,3393,83839006,2026-06-27 00:00:00,Sat,00:00:00,3,3,4.0
ALC,3393,83839007,2026-06-27 00:30:00,Sat,00:30:00,1,1,1.0
ALC,3393,83839008,2026-06-27 01:00:00,Sat,01:00:00,0,0,0.0
ALC,3393,83839009,2026-06-27 01:30:00,Sat,01:30:00,0,0,0.0
ALC,3393,83839010,2026-06-27 02:00:00,Sat,02:00:00,0,0,0.0
ALC,3393,83839011,2026-06-27 02:30:00,Sat,02:30:00,0,0,0.0
ALC,3393,83839012,2026-06-27 03:00:00,Sat,03:00:00,0,0,0.0
ALC,3393,83839013,2026-06-27 03:30:00,Sat,03:30:00,0,0,0.0
ALC,3393,83839014,2026-06-27 04:00:00,Sat,04:00:00,0,0,0.0
ALC,3393,83839015,2026-06-27 04:30:00,Sat,04:30:00,0,0,0.0
ALC,3393,83839016,2026-06-27 05:00:00,Sat,05:00:00,0,0,0.0
ALC,3393,83839017,2026-06-27 05:30:00,Sat,05:30:00,0,0,0.0
ALC,3393,83839018,2026-06-27 06:00:00,Sat,06:00:00,0,0,0.0
ALC,3393,83839019,2026-06-27 06:30:00,Sat,06:30:00,0,0,0.0
ALC,3393,83839020,2026-06-27 07:00:00,Sat,07:00:00,0,0,0.0
ALC,3393,83839021,2026-06-27 07:30:00,Sat,07:30:00,0,0,0.0
ALC,3393,83839022,2026-06-27 08:00:00,Sat,08:00:00,0,0,0.0
ALC,3393,83839023,2026-06-27 08:30:00,Sat,08:30:00,1,1,0.0
ALC,3393,83839024,2026-06-27 09:00:00,Sat,09:00:00,2,2,2.0
ALC,3393,83839025,2026-06-27 09:30:00,Sat,09:30:00,3,3,3.0
ALC,3393,83839026,2026-06-27 10:00:00,Sat,10:00:00,6,6,8.0
ALC,3393,83839027,2026-06-27 10:30:00,Sat,10:30:00,5,5,6.0
ALC,3393,83839028,2026-06-27 11:00:00,Sat,11:00:00,6,6,7.0
ALC,3393,83839029,2026-06-27 11:30:00,Sat,11:30:00,7,7,9.0
ALC,3393,83839030,2026-06-27 12:00:00,Sat,12:00:00,8,8,10.0
ALC,3393,83839031,2026-06-27 12:30:00,Sat,12:30:00,9,9,12.0
ALC,3393,83839032,2026-06-27 13:00:00,Sat,13:00:00,15,15,20.0
ALC,3393,83839033,2026-06-27 13:30:00,Sat,13:30:00,22,22,30.0
ALC,3393,83839034,2026-06-27 14:00:00,Sat,14:00:00,29,29,39.0
ALC,3393,83839035,2026-06-27 14:30:00,Sat,14:30:00,29,29,39.0
ALC,3393,83839036,2026-06-27 15:00:00,Sat,15:00:00,19,19,25.0
ALC,3393,83839037,2026-06-27 15:30:00,Sat,15:30:00,14,14,19.0
ALC,3393,83839038,2026-06-27 16:00:00,Sat,16:00:00,12,12,15.0
ALC,3393,83839039,2026-06-27 16:30:00,Sat,16:30:00,9,9,12.0
ALC,3393,83839040,2026-06-27 17:00:00,Sat,17:00:00,8,8,10.0
ALC,3393,83839041,2026-06-27 17:30:00,Sat,17:30:00,8,8,11.0
ALC,3393,83839042,2026-06-27 18:00:00,Sat,18:00:00,10,10,13.0
ALC,3393,83839043,2026-06-27 18:30:00,Sat,18:30:00,9,9,12.0
ALC,3393,83839044,2026-06-27 19:00:00,Sat,19:00:00,9,9,12.0
ALC,3393,83839045,2026-06-27 19:30:00,Sat,19:30:00,12,12,16.0
ALC,3393,83839046,2026-06-27 20:00:00,Sat,20:00:00,19,19,26.0
ALC,3393,83839047,2026-06-27 20:30:00,Sat,20:30:00,33,33,44.0
ALC,3393,83839048,2026-06-27 21:00:00,Sat,21:00:00,45,45,60.0
ALC,3393,83839049,2026-06-27 21:30:00,Sat,21:30:00,45,45,61.0
ALC,3393,83839050,2026-06-27 22:00:00,Sat,22:00:00,43,43,58.0
ALC,3393,83839051,2026-06-27 22:30:00,Sat,22:30:00,37,37,50.0
ALC,3393,83839052,2026-06-27 23:00:00,Sat,23:00:00,29,29,39.0
ALC,3393,83839053,2026-06-27 23:30:00,Sat,23:30:00,15,15,19.0
ALC,3393,83839054,2026-06-28 00:00:00,Sun,00:00:00,3,3,4.0
ALC,3393,83839055,2026-06-28 00:30:00,Sun,00:30:00,2,2,2.0
ALC,3393,83839056,2026-06-28 01:00:00,Sun,01:00:00,0,0,0.0
ALC,3393,83839057,2026-06-28 01:30:00,Sun,01:30:00,0,0,0.0
ALC,3393,83899650,2026-06-28 02:00:00,Sun,02:00:00,0,0,0.0
ALC,3393,83899651,2026-06-28 02:30:00,Sun,02:30:00,0,0,0.0
ALC,3393,83899652,2026-06-28 03:00:00,Sun,03:00:00,0,0,0.0
ALC,3393,83899653,2026-06-28 03:30:00,Sun,03:30:00,0,0,0.0
ALC,3393,83899654,2026-06-28 04:00:00,Sun,04:00:00,0,0,0.0
ALC,3393,83899655,2026-06-28 04:30:00,Sun,04:30:00,0,0,0.0
ALC,3393,83899656,2026-06-28 05:00:00,Sun,05:00:00,0,0,0.0
ALC,3393,83899657,2026-06-28 05:30:00,Sun,05:30:00,0,0,0.0
ALC,3393,83899658,2026-06-28 06:00:00,Sun,06:00:00,0,0,0.0
ALC,3393,83899659,2026-06-28 06:30:00,Sun,06:30:00,0,0,0.0
ALC,3393,83899660,2026-06-28 07:00:00,Sun,07:00:00,0,0,0.0
ALC,3393,83899661,2026-06-28 07:30:00,Sun,07:30:00,0,0,0.0
ALC,3393,83899662,2026-06-28 08:00:00,Sun,08:00:00,0,0,0.0
ALC,3393,83899663,2026-06-28 08:30:00,Sun,08:30:00,1,1,1.0
ALC,3393,83899664,2026-06-28 09:00:00,Sun,09:00:00,2,2,3.0
ALC,3393,83899665,2026-06-28 09:30:00,Sun,09:30:00,3,3,3.0
ALC,3393,83899666,2026-06-28 10:00:00,Sun,10:00:00,5,5,6.0
ALC,3393,83899667,2026-06-28 10:30:00,Sun,10:30:00,5,5,6.0
ALC,3393,83899668,2026-06-28 11:00:00,Sun,11:00:00,5,5,6.0
ALC,3393,83899669,2026-06-28 11:30:00,Sun,11:30:00,6,6,8.0
ALC,3393,83899670,2026-06-28 12:00:00,Sun,12:00:00,7,7,9.0
ALC,3393,83899671,2026-06-28 12:30:00,Sun,12:30:00,10,10,13.0
ALC,3393,83899672,2026-06-28 13:00:00,Sun,13:00:00,17,17,23.0
ALC,3393,83899673,2026-06-28 13:30:00,Sun,13:30:00,28,28,38.0
ALC,3393,83899674,2026-06-28 14:00:00,Sun,14:00:00,37,37,51.0
ALC,3393,83899675,2026-06-28 14:30:00,Sun,14:30:00,37,37,50.0
ALC,3393,83899676,2026-06-28 15:00:00,Sun,15:00:00,28,28,38.0
ALC,3393,83899677,2026-06-28 15:30:00,Sun,15:30:00,18,18,25.0
ALC,3393,83899678,2026-06-28 16:00:00,Sun,16:00:00,13,13,17.0
ALC,3393,83899679,2026-06-28 16:30:00,Sun,16:30:00,12,12,15.0
ALC,3393,83899680,2026-06-28 17:00:00,Sun,17:00:00,10,10,13.0
ALC,3393,83899681,2026-06-28 17:30:00,Sun,17:30:00,10,10,13.0
ALC,3393,83899682,2026-06-28 18:00:00,Sun,18:00:00,10,10,13.0
ALC,3393,83899683,2026-06-28 18:30:00,Sun,18:30:00,11,11,15.0
ALC,3393,83899684,2026-06-28 19:00:00,Sun,19:00:00,13,13,17.0
ALC,3393,83899685,2026-06-28 19:30:00,Sun,19:30:00,19,19,25.0
ALC,3393,83899686,2026-06-28 20:00:00,Sun,20:00:00,29,29,39.0
ALC,3393,83899687,2026-06-28 20:30:00,Sun,20:30:00,44,44,59.0
ALC,3393,83899688,2026-06-28 21:00:00,Sun,21:00:00,51,51,69.0
ALC,3393,83899689,2026-06-28 21:30:00,Sun,21:30:00,47,47,64.0
ALC,3393,83899690,2026-06-28 22:00:00,Sun,22:00:00,38,38,51.0
ALC,3393,83899691,2026-06-28 22:30:00,Sun,22:30:00,28,28,37.0
ALC,3393,83899692,2026-06-28 23:00:00,Sun,23:00:00,19,19,26.0
ALC,3393,83899693,2026-06-28 23:30:00,Sun,23:30:00,8,8,10.0
GRA,3393,83725486,2026-06-22 00:00:00,Mon,00:00:00,6,2,6.0
GRA,3393,83725487,2026-06-22 00:30:00,Mon,00:30:00,3,1,3.0
GRA,3393,83725488,2026-06-22 01:00:00,Mon,01:00:00,0,0,0.0
GRA,3393,83725489,2026-06-22 01:30:00,Mon,01:30:00,0,0,0.0
GRA,3393,83774450,2026-06-22 02:00:00,Mon,02:00:00,0,0,0.0
GRA,3393,83774451,2026-06-22 02:30:00,Mon,02:30:00,0,0,0.0
GRA,3393,83774452,2026-06-22 03:00:00,Mon,03:00:00,0,0,0.0
GRA,3393,83774453,2026-06-22 03:30:00,Mon,03:30:00,0,0,0.0
GRA,3393,83774454,2026-06-22 04:00:00,Mon,04:00:00,0,0,0.0
GRA,3393,83774455,2026-06-22 04:30:00,Mon,04:30:00,0,0,0.0
GRA,3393,83774456,2026-06-22 05:00:00,Mon,05:00:00,0,0,0.0
GRA,3393,83774457,2026-06-22 05:30:00,Mon,05:30:00,0,0,0.0
GRA,3393,83774458,2026-06-22 06:00:00,Mon,06:00:00,0,0,0.0
GRA,3393,83774459,2026-06-22 06:30:00,Mon,06:30:00,0,0,0.0
GRA,3393,83774460,2026-06-22 07:00:00,Mon,07:00:00,0,0,0.0
GRA,3393,83774461,2026-06-22 07:30:00,Mon,07:30:00,0,0,0.0
GRA,3393,83774462,2026-06-22 08:00:00,Mon,08:00:00,0,0,0.0
GRA,3393,83774463,2026-06-22 08:30:00,Mon,08:30:00,0,0,0.0
GRA,3393,83774464,2026-06-22 09:00:00,Mon,09:00:00,1,1,0.0
GRA,3393,83774465,2026-06-22 09:30:00,Mon,09:30:00,1,1,1.0
GRA,3393,83774466,2026-06-22 10:00:00,Mon,10:00:00,3,3,3.0
GRA,3393,83774467,2026-06-22 10:30:00,Mon,10:30:00,4,4,4.0
GRA,3393,83774468,2026-06-22 11:00:00,Mon,11:00:00,3,3,3.0
GRA,3393,83774469,2026-06-22 11:30:00,Mon,11:30:00,3,3,3.0
GRA,3393,83774470,2026-06-22 12:00:00,Mon,12:00:00,4,4,4.0
GRA,3393,83774471,2026-06-22 12:30:00,Mon,12:30:00,3,3,3.0
GRA,3393,83774472,2026-06-22 13:00:00,Mon,13:00:00,7,7,7.0
GRA,3393,83774473,2026-06-22 13:30:00,Mon,13:30:00,10,10,11.0
GRA,3393,83774474,2026-06-22 14:00:00,Mon,14:00:00,15,15,16.0
GRA,3393,83774475,2026-06-22 14:30:00,Mon,14:30:00,15,15,16.0
GRA,3393,83774476,2026-06-22 15:00:00,Mon,15:00:00,12,12,13.0
GRA,3393,83774477,2026-06-22 15:30:00,Mon,15:30:00,9,9,9.0
GRA,3393,83774478,2026-06-22 16:00:00,Mon,16:00:00,6,6,7.0
GRA,3393,83774479,2026-06-22 16:30:00,Mon,16:30:00,5,5,5.0
GRA,3393,83774480,2026-06-22 17:00:00,Mon,17:00:00,6,6,6.0
GRA,3393,83774481,2026-06-22 17:30:00,Mon,17:30:00,6,6,6.0
GRA,3393,83774482,2026-06-22 18:00:00,Mon,18:00:00,6,6,7.0
GRA,3393,83774483,2026-06-22 18:30:00,Mon,18:30:00,7,7,7.0
GRA,3393,83774484,2026-06-22 19:00:00,Mon,19:00:00,7,7,7.0
GRA,3393,83774485,2026-06-22 19:30:00,Mon,19:30:00,6,6,7.0
GRA,3393,83774486,2026-06-22 20:00:00,Mon,20:00:00,8,8,9.0
GRA,3393,83774487,2026-06-22 20:30:00,Mon,20:30:00,14,14,15.0
GRA,3393,83774488,2026-06-22 21:00:00,Mon,21:00:00,20,20,22.0
GRA,3393,83774489,2026-06-22 21:30:00,Mon,21:30:00,22,22,24.0
GRA,3393,83774490,2026-06-22 22:00:00,Mon,22:00:00,22,22,24.0
GRA,3393,83774491,2026-06-22 22:30:00,Mon,22:30:00,17,17,18.0
GRA,3393,83774492,2026-06-22 23:00:00,Mon,23:00:00,11,11,12.0
GRA,3393,83774493,2026-06-22 23:30:00,Mon,23:30:00,8,8,9.0
GRA,3393,83774494,2026-06-23 00:00:00,Tue,00:00:00,2,2,2.0
GRA,3393,83774495,2026-06-23 00:30:00,Tue,00:30:00,1,1,1.0
GRA,3393,83774496,2026-06-23 01:00:00,Tue,01:00:00,0,0,0.0
GRA,3393,83774497,2026-06-23 01:30:00,Tue,01:30:00,0,0,0.0
GRA,3393,83774498,2026-06-23 02:00:00,Tue,02:00:00,0,0,0.0
GRA,3393,83774499,2026-06-23 02:30:00,Tue,02:30:00,0,0,0.0
GRA,3393,83774500,2026-06-23 03:00:00,Tue,03:00:00,0,0,0.0
GRA,3393,83774501,2026-06-23 03:30:00,Tue,03:30:00,0,0,0.0
GRA,3393,83774502,2026-06-23 04:00:00,Tue,04:00:00,0,0,0.0
GRA,3393,83774503,2026-06-23 04:30:00,Tue,04:30:00,0,0,0.0
GRA,3393,83774504,2026-06-23 05:00:00,Tue,05:00:00,0,0,0.0
GRA,3393,83774505,2026-06-23 05:30:00,Tue,05:30:00,0,0,0.0
GRA,3393,83774506,2026-06-23 06:00:00,Tue,06:00:00,0,0,0.0
GRA,3393,83774507,2026-06-23 06:30:00,Tue,06:30:00,0,0,0.0
GRA,3393,83774508,2026-06-23 07:00:00,Tue,07:00:00,0,0,0.0
GRA,3393,83774509,2026-06-23 07:30:00,Tue,07:30:00,0,0,0.0
GRA,3393,83774510,2026-06-23 08:00:00,Tue,08:00:00,0,0,0.0
GRA,3393,83774511,2026-06-23 08:30:00,Tue,08:30:00,0,0,0.0
GRA,3393,83774512,2026-06-23 09:00:00,Tue,09:00:00,1,1,0.0
GRA,3393,83774513,2026-06-23 09:30:00,Tue,09:30:00,1,1,1.0
GRA,3393,83774514,2026-06-23 10:00:00,Tue,10:00:00,1,1,1.0
GRA,3393,83774515,2026-06-23 10:30:00,Tue,10:30:00,2,2,2.0
GRA,3393,83774516,2026-06-23 11:00:00,Tue,11:00:00,2,2,2.0
GRA,3393,83774517,2026-06-23 11:30:00,Tue,11:30:00,2,2,2.0
GRA,3393,83774518,2026-06-23 12:00:00,Tue,12:00:00,4,4,4.0
GRA,3393,83774519,2026-06-23 12:30:00,Tue,12:30:00,4,4,4.0
GRA,3393,83774520,2026-06-23 13:00:00,Tue,13:00:00,6,6,6.0
GRA,3393,83774521,2026-06-23 13:30:00,Tue,13:30:00,12,12,13.0
GRA,3393,83774522,2026-06-23 14:00:00,Tue,14:00:00,16,16,18.0
GRA,3393,83774523,2026-06-23 14:30:00,Tue,14:30:00,14,14,15.0
GRA,3393,83774524,2026-06-23 15:00:00,Tue,15:00:00,11,11,12.0
GRA,3393,83774525,2026-06-23 15:30:00,Tue,15:30:00,9,9,10.0
GRA,3393,83774526,2026-06-23 16:00:00,Tue,16:00:00,7,7,8.0
GRA,3393,83774527,2026-06-23 16:30:00,Tue,16:30:00,6,6,7.0
GRA,3393,83774528,2026-06-23 17:00:00,Tue,17:00:00,6,6,6.0
GRA,3393,83774529,2026-06-23 17:30:00,Tue,17:30:00,6,6,6.0
GRA,3393,83774530,2026-06-23 18:00:00,Tue,18:00:00,7,7,7.0
GRA,3393,83774531,2026-06-23 18:30:00,Tue,18:30:00,6,6,7.0
GRA,3393,83774532,2026-06-23 19:00:00,Tue,19:00:00,6,6,7.0
GRA,3393,83774533,2026-06-23 19:30:00,Tue,19:30:00,6,6,6.0
GRA,3393,83774534,2026-06-23 20:00:00,Tue,20:00:00,11,11,12.0
GRA,3393,83774535,2026-06-23 20:30:00,Tue,20:30:00,18,18,20.0
GRA,3393,83774536,2026-06-23 21:00:00,Tue,21:00:00,23,23,25.0
GRA,3393,83774537,2026-06-23 21:30:00,Tue,21:30:00,25,25,27.0
GRA,3393,83774538,2026-06-23 22:00:00,Tue,22:00:00,23,23,26.0
GRA,3393,83774539,2026-06-23 22:30:00,Tue,22:30:00,19,19,21.0
GRA,3393,83774540,2026-06-23 23:00:00,Tue,23:00:00,14,14,16.0
GRA,3393,83774541,2026-06-23 23:30:00,Tue,23:30:00,9,9,10.0
GRA,3393,83774542,2026-06-24 00:00:00,Wed,00:00:00,3,3,3.0
GRA,3393,83774543,2026-06-24 00:30:00,Wed,00:30:00,1,1,1.0
GRA,3393,83774544,2026-06-24 01:00:00,Wed,01:00:00,0,0,0.0
GRA,3393,83774545,2026-06-24 01:30:00,Wed,01:30:00,0,0,0.0
GRA,3393,83812754,2026-06-24 02:00:00,Wed,02:00:00,0,0,0.0
GRA,3393,83812755,2026-06-24 02:30:00,Wed,02:30:00,0,0,0.0
GRA,3393,83812756,2026-06-24 03:00:00,Wed,03:00:00,0,0,0.0
GRA,3393,83812757,2026-06-24 03:30:00,Wed,03:30:00,0,0,0.0
GRA,3393,83812758,2026-06-24 04:00:00,Wed,04:00:00,0,0,0.0
GRA,3393,83812759,2026-06-24 04:30:00,Wed,04:30:00,0,0,0.0
GRA,3393,83812760,2026-06-24 05:00:00,Wed,05:00:00,0,0,0.0
GRA,3393,83812761,2026-06-24 05:30:00,Wed,05:30:00,0,0,0.0
GRA,3393,83812762,2026-06-24 06:00:00,Wed,06:00:00,0,0,0.0
GRA,3393,83812763,2026-06-24 06:30:00,Wed,06:30:00,0,0,0.0
GRA,3393,83812764,2026-06-24 07:00:00,Wed,07:00:00,0,0,0.0
GRA,3393,83812765,2026-06-24 07:30:00,Wed,07:30:00,0,0,0.0
GRA,3393,83812766,2026-06-24 08:00:00,Wed,08:00:00,0,0,0.0
GRA,3393,83812767,2026-06-24 08:30:00,Wed,08:30:00,1,1,0.0
GRA,3393,83812768,2026-06-24 09:00:00,Wed,09:00:00,1,1,0.0
GRA,3393,83812769,2026-06-24 09:30:00,Wed,09:30:00,1,1,1.0
GRA,3393,83812770,2026-06-24 10:00:00,Wed,10:00:00,2,2,2.0
GRA,3393,83812771,2026-06-24 10:30:00,Wed,10:30:00,3,3,3.0
GRA,3393,83812772,2026-06-24 11:00:00,Wed,11:00:00,3,3,3.0
GRA,3393,83812773,2026-06-24 11:30:00,Wed,11:30:00,2,2,2.0
GRA,3393,83812774,2026-06-24 12:00:00,Wed,12:00:00,3,3,3.0
GRA,3393,83812775,2026-06-24 12:30:00,Wed,12:30:00,3,3,3.0
GRA,3393,83812776,2026-06-24 13:00:00,Wed,13:00:00,7,7,8.0
GRA,3393,83812777,2026-06-24 13:30:00,Wed,13:30:00,11,11,12.0
GRA,3393,83812778,2026-06-24 14:00:00,Wed,14:00:00,15,15,16.0
GRA,3393,83812779,2026-06-24 14:30:00,Wed,14:30:00,14,14,15.0
GRA,3393,83812780,2026-06-24 15:00:00,Wed,15:00:00,11,11,12.0
GRA,3393,83812781,2026-06-24 15:30:00,Wed,15:30:00,9,9,9.0
GRA,3393,83812782,2026-06-24 16:00:00,Wed,16:00:00,6,6,7.0
GRA,3393,83812783,2026-06-24 16:30:00,Wed,16:30:00,6,6,7.0
GRA,3393,83812784,2026-06-24 17:00:00,Wed,17:00:00,5,5,6.0
GRA,3393,83812785,2026-06-24 17:30:00,Wed,17:30:00,5,5,6.0
GRA,3393,83812786,2026-06-24 18:00:00,Wed,18:00:00,6,6,6.0
GRA,3393,83812787,2026-06-24 18:30:00,Wed,18:30:00,6,6,7.0
GRA,3393,83812788,2026-06-24 19:00:00,Wed,19:00:00,7,7,7.0
GRA,3393,83812789,2026-06-24 19:30:00,Wed,19:30:00,7,7,8.0
GRA,3393,83812790,2026-06-24 20:00:00,Wed,20:00:00,10,10,11.0
GRA,3393,83812791,2026-06-24 20:30:00,Wed,20:30:00,16,16,18.0
GRA,3393,83812792,2026-06-24 21:00:00,Wed,21:00:00,22,22,25.0
GRA,3393,83812793,2026-06-24 21:30:00,Wed,21:30:00,23,23,25.0
GRA,3393,83812794,2026-06-24 22:00:00,Wed,22:00:00,22,22,24.0
GRA,3393,83812795,2026-06-24 22:30:00,Wed,22:30:00,17,17,19.0
GRA,3393,83812796,2026-06-24 23:00:00,Wed,23:00:00,13,13,14.0
GRA,3393,83812797,2026-06-24 23:30:00,Wed,23:30:00,7,7,7.0
GRA,3393,83812798,2026-06-25 00:00:00,Thu,00:00:00,2,2,2.0
GRA,3393,83812799,2026-06-25 00:30:00,Thu,00:30:00,2,2,1.0
GRA,3393,83812800,2026-06-25 01:00:00,Thu,01:00:00,0,0,0.0
GRA,3393,83812801,2026-06-25 01:30:00,Thu,01:30:00,0,0,0.0
GRA,3393,83812802,2026-06-25 02:00:00,Thu,02:00:00,0,0,0.0
GRA,3393,83812803,2026-06-25 02:30:00,Thu,02:30:00,0,0,0.0
GRA,3393,83812804,2026-06-25 03:00:00,Thu,03:00:00,0,0,0.0
GRA,3393,83812805,2026-06-25 03:30:00,Thu,03:30:00,0,0,0.0
GRA,3393,83812806,2026-06-25 04:00:00,Thu,04:00:00,0,0,0.0
GRA,3393,83812807,2026-06-25 04:30:00,Thu,04:30:00,0,0,0.0
GRA,3393,83812808,2026-06-25 05:00:00,Thu,05:00:00,0,0,0.0
GRA,3393,83812809,2026-06-25 05:30:00,Thu,05:30:00,0,0,0.0
GRA,3393,83812810,2026-06-25 06:00:00,Thu,06:00:00,0,0,0.0
GRA,3393,83812811,2026-06-25 06:30:00,Thu,06:30:00,0,0,0.0
GRA,3393,83812812,2026-06-25 07:00:00,Thu,07:00:00,0,0,0.0
GRA,3393,83812813,2026-06-25 07:30:00,Thu,07:30:00,0,0,0.0
GRA,3393,83812814,2026-06-25 08:00:00,Thu,08:00:00,0,0,0.0
GRA,3393,83812815,2026-06-25 08:30:00,Thu,08:30:00,0,0,0.0
GRA,3393,83812816,2026-06-25 09:00:00,Thu,09:00:00,1,1,1.0
GRA,3393,83812817,2026-06-25 09:30:00,Thu,09:30:00,1,1,1.0
GRA,3393,83812818,2026-06-25 10:00:00,Thu,10:00:00,2,2,2.0
GRA,3393,83812819,2026-06-25 10:30:00,Thu,10:30:00,3,3,3.0
GRA,3393,83812820,2026-06-25 11:00:00,Thu,11:00:00,3,3,2.0
GRA,3393,83812821,2026-06-25 11:30:00,Thu,11:30:00,3,3,3.0
GRA,3393,83812822,2026-06-25 12:00:00,Thu,12:00:00,4,4,4.0
GRA,3393,83812823,2026-06-25 12:30:00,Thu,12:30:00,5,5,5.0
GRA,3393,83812824,2026-06-25 13:00:00,Thu,13:00:00,7,7,7.0
GRA,3393,83812825,2026-06-25 13:30:00,Thu,13:30:00,11,11,12.0
GRA,3393,83812826,2026-06-25 14:00:00,Thu,14:00:00,16,16,17.0
GRA,3393,83812827,2026-06-25 14:30:00,Thu,14:30:00,14,14,16.0
GRA,3393,83812828,2026-06-25 15:00:00,Thu,15:00:00,12,12,13.0
GRA,3393,83812829,2026-06-25 15:30:00,Thu,15:30:00,8,8,9.0
GRA,3393,83812830,2026-06-25 16:00:00,Thu,16:00:00,6,6,6.0
GRA,3393,83812831,2026-06-25 16:30:00,Thu,16:30:00,6,6,6.0
GRA,3393,83812832,2026-06-25 17:00:00,Thu,17:00:00,5,5,5.0
GRA,3393,83812833,2026-06-25 17:30:00,Thu,17:30:00,6,6,6.0
GRA,3393,83812834,2026-06-25 18:00:00,Thu,18:00:00,6,6,6.0
GRA,3393,83812835,2026-06-25 18:30:00,Thu,18:30:00,6,6,6.0
GRA,3393,83812836,2026-06-25 19:00:00,Thu,19:00:00,7,7,8.0
GRA,3393,83812837,2026-06-25 19:30:00,Thu,19:30:00,7,7,8.0
GRA,3393,83812838,2026-06-25 20:00:00,Thu,20:00:00,10,10,11.0
GRA,3393,83812839,2026-06-25 20:30:00,Thu,20:30:00,17,17,19.0
GRA,3393,83812840,2026-06-25 21:00:00,Thu,21:00:00,25,25,27.0
GRA,3393,83812841,2026-06-25 21:30:00,Thu,21:30:00,25,25,28.0
GRA,3393,83812842,2026-06-25 22:00:00,Thu,22:00:00,24,24,26.0
GRA,3393,83812843,2026-06-25 22:30:00,Thu,22:30:00,21,21,23.0
GRA,3393,83812844,2026-06-25 23:00:00,Thu,23:00:00,13,13,14.0
GRA,3393,83812845,2026-06-25 23:30:00,Thu,23:30:00,8,8,8.0
GRA,3393,83812846,2026-06-26 00:00:00,Fri,00:00:00,2,2,2.0
GRA,3393,83812847,2026-06-26 00:30:00,Fri,00:30:00,1,1,1.0
GRA,3393,83812848,2026-06-26 01:00:00,Fri,01:00:00,0,0,0.0
GRA,3393,83812849,2026-06-26 01:30:00,Fri,01:30:00,0,0,0.0
GRA,3393,83844530,2026-06-26 02:00:00,Fri,02:00:00,0,0,0.0
GRA,3393,83844531,2026-06-26 02:30:00,Fri,02:30:00,0,0,0.0
GRA,3393,83844532,2026-06-26 03:00:00,Fri,03:00:00,0,0,0.0
GRA,3393,83844533,2026-06-26 03:30:00,Fri,03:30:00,0,0,0.0
GRA,3393,83844534,2026-06-26 04:00:00,Fri,04:00:00,0,0,0.0
GRA,3393,83844535,2026-06-26 04:30:00,Fri,04:30:00,0,0,0.0
GRA,3393,83844536,2026-06-26 05:00:00,Fri,05:00:00,0,0,0.0
GRA,3393,83844537,2026-06-26 05:30:00,Fri,05:30:00,0,0,0.0
GRA,3393,83844538,2026-06-26 06:00:00,Fri,06:00:00,0,0,0.0
GRA,3393,83844539,2026-06-26 06:30:00,Fri,06:30:00,0,0,0.0
GRA,3393,83844540,2026-06-26 07:00:00,Fri,07:00:00,0,0,0.0
GRA,3393,83844541,2026-06-26 07:30:00,Fri,07:30:00,0,0,0.0
GRA,3393,83844542,2026-06-26 08:00:00,Fri,08:00:00,0,0,0.0
GRA,3393,83844543,2026-06-26 08:30:00,Fri,08:30:00,1,1,0.0
GRA,3393,83844544,2026-06-26 09:00:00,Fri,09:00:00,1,1,0.0
GRA,3393,83844545,2026-06-26 09:30:00,Fri,09:30:00,1,1,1.0
GRA,3393,83844546,2026-06-26 10:00:00,Fri,10:00:00,3,3,3.0
GRA,3393,83844547,2026-06-26 10:30:00,Fri,10:30:00,2,2,2.0
GRA,3393,83844548,2026-06-26 11:00:00,Fri,11:00:00,3,3,3.0
GRA,3393,83844549,2026-06-26 11:30:00,Fri,11:30:00,3,3,3.0
GRA,3393,83844550,2026-06-26 12:00:00,Fri,12:00:00,5,5,5.0
GRA,3393,83844551,2026-06-26 12:30:00,Fri,12:30:00,5,5,5.0
GRA,3393,83844552,2026-06-26 13:00:00,Fri,13:00:00,8,8,9.0
GRA,3393,83844553,2026-06-26 13:30:00,Fri,13:30:00,15,15,16.0
GRA,3393,83844554,2026-06-26 14:00:00,Fri,14:00:00,20,20,22.0
GRA,3393,83844555,2026-06-26 14:30:00,Fri,14:30:00,22,22,24.0
GRA,3393,83844556,2026-06-26 15:00:00,Fri,15:00:00,19,19,21.0
GRA,3393,83844557,2026-06-26 15:30:00,Fri,15:30:00,13,13,14.0
GRA,3393,83844558,2026-06-26 16:00:00,Fri,16:00:00,9,9,10.0
GRA,3393,83844559,2026-06-26 16:30:00,Fri,16:30:00,8,8,8.0
GRA,3393,83844560,2026-06-26 17:00:00,Fri,17:00:00,6,6,6.0
GRA,3393,83844561,2026-06-26 17:30:00,Fri,17:30:00,7,7,7.0
GRA,3393,83844562,2026-06-26 18:00:00,Fri,18:00:00,7,7,7.0
GRA,3393,83844563,2026-06-26 18:30:00,Fri,18:30:00,8,8,8.0
GRA,3393,83844564,2026-06-26 19:00:00,Fri,19:00:00,9,9,10.0
GRA,3393,83844565,2026-06-26 19:30:00,Fri,19:30:00,9,9,9.0
GRA,3393,83844566,2026-06-26 20:00:00,Fri,20:00:00,14,14,16.0
GRA,3393,83844567,2026-06-26 20:30:00,Fri,20:30:00,26,26,29.0
GRA,3393,83844568,2026-06-26 21:00:00,Fri,21:00:00,36,36,40.0
GRA,3393,83844569,2026-06-26 21:30:00,Fri,21:30:00,39,39,43.0
GRA,3393,83844570,2026-06-26 22:00:00,Fri,22:00:00,35,35,39.0
GRA,3393,83844571,2026-06-26 22:30:00,Fri,22:30:00,29,29,32.0
GRA,3393,83844572,2026-06-26 23:00:00,Fri,23:00:00,21,21,23.0
GRA,3393,83844573,2026-06-26 23:30:00,Fri,23:30:00,12,12,13.0
GRA,3393,83844574,2026-06-27 00:00:00,Sat,00:00:00,3,3,2.0
GRA,3393,83844575,2026-06-27 00:30:00,Sat,00:30:00,2,2,2.0
GRA,3393,83844576,2026-06-27 01:00:00,Sat,01:00:00,0,0,0.0
GRA,3393,83844577,2026-06-27 01:30:00,Sat,01:30:00,0,0,0.0
GRA,3393,83844578,2026-06-27 02:00:00,Sat,02:00:00,0,0,0.0
GRA,3393,83844579,2026-06-27 02:30:00,Sat,02:30:00,0,0,0.0
GRA,3393,83844580,2026-06-27 03:00:00,Sat,03:00:00,0,0,0.0
GRA,3393,83844581,2026-06-27 03:30:00,Sat,03:30:00,0,0,0.0
GRA,3393,83844582,2026-06-27 04:00:00,Sat,04:00:00,0,0,0.0
GRA,3393,83844583,2026-06-27 04:30:00,Sat,04:30:00,0,0,0.0
GRA,3393,83844584,2026-06-27 05:00:00,Sat,05:00:00,0,0,0.0
GRA,3393,83844585,2026-06-27 05:30:00,Sat,05:30:00,0,0,0.0
GRA,3393,83844586,2026-06-27 06:00:00,Sat,06:00:00,0,0,0.0
GRA,3393,83844587,2026-06-27 06:30:00,Sat,06:30:00,0,0,0.0
GRA,3393,83844588,2026-06-27 07:00:00,Sat,07:00:00,0,0,0.0
GRA,3393,83844589,2026-06-27 07:30:00,Sat,07:30:00,0,0,0.0
GRA,3393,83844590,2026-06-27 08:00:00,Sat,08:00:00,0,0,0.0
GRA,3393,83844591,2026-06-27 08:30:00,Sat,08:30:00,1,1,0.0
GRA,3393,83844592,2026-06-27 09:00:00,Sat,09:00:00,2,2,2.0
GRA,3393,83844593,2026-06-27 09:30:00,Sat,09:30:00,2,2,2.0
GRA,3393,83844594,2026-06-27 10:00:00,Sat,10:00:00,4,4,4.0
GRA,3393,83844595,2026-06-27 10:30:00,Sat,10:30:00,5,5,5.0
GRA,3393,83844596,2026-06-27 11:00:00,Sat,11:00:00,4,4,4.0
GRA,3393,83844597,2026-06-27 11:30:00,Sat,11:30:00,4,4,4.0
GRA,3393,83844598,2026-06-27 12:00:00,Sat,12:00:00,5,5,5.0
GRA,3393,83844599,2026-06-27 12:30:00,Sat,12:30:00,5,5,5.0
GRA,3393,83844600,2026-06-27 13:00:00,Sat,13:00:00,9,9,10.0
GRA,3393,83844601,2026-06-27 13:30:00,Sat,13:30:00,17,17,19.0
GRA,3393,83844602,2026-06-27 14:00:00,Sat,14:00:00,25,25,27.0
GRA,3393,83844603,2026-06-27 14:30:00,Sat,14:30:00,25,25,27.0
GRA,3393,83844604,2026-06-27 15:00:00,Sat,15:00:00,18,18,20.0
GRA,3393,83844605,2026-06-27 15:30:00,Sat,15:30:00,11,11,12.0
GRA,3393,83844606,2026-06-27 16:00:00,Sat,16:00:00,9,9,10.0
GRA,3393,83844607,2026-06-27 16:30:00,Sat,16:30:00,8,8,8.0
GRA,3393,83844608,2026-06-27 17:00:00,Sat,17:00:00,7,7,7.0
GRA,3393,83844609,2026-06-27 17:30:00,Sat,17:30:00,8,8,8.0
GRA,3393,83844610,2026-06-27 18:00:00,Sat,18:00:00,8,8,8.0
GRA,3393,83844611,2026-06-27 18:30:00,Sat,18:30:00,8,8,9.0
GRA,3393,83844612,2026-06-27 19:00:00,Sat,19:00:00,8,8,8.0
GRA,3393,83844613,2026-06-27 19:30:00,Sat,19:30:00,8,8,8.0
GRA,3393,83844614,2026-06-27 20:00:00,Sat,20:00:00,12,12,13.0
GRA,3393,83844615,2026-06-27 20:30:00,Sat,20:30:00,23,23,26.0
GRA,3393,83844616,2026-06-27 21:00:00,Sat,21:00:00,30,30,33.0
GRA,3393,83844617,2026-06-27 21:30:00,Sat,21:30:00,34,34,37.0
GRA,3393,83844618,2026-06-27 22:00:00,Sat,22:00:00,32,32,36.0
GRA,3393,83844619,2026-06-27 22:30:00,Sat,22:30:00,25,25,28.0
GRA,3393,83844620,2026-06-27 23:00:00,Sat,23:00:00,18,18,19.0
GRA,3393,83844621,2026-06-27 23:30:00,Sat,23:30:00,10,10,11.0
GRA,3393,83844622,2026-06-28 00:00:00,Sun,00:00:00,3,3,3.0
GRA,3393,83844623,2026-06-28 00:30:00,Sun,00:30:00,2,2,2.0
GRA,3393,83844624,2026-06-28 01:00:00,Sun,01:00:00,0,0,0.0
GRA,3393,83844625,2026-06-28 01:30:00,Sun,01:30:00,0,0,0.0
GRA,3393,83890818,2026-06-28 02:00:00,Sun,02:00:00,0,0,0.0
GRA,3393,83890819,2026-06-28 02:30:00,Sun,02:30:00,0,0,0.0
GRA,3393,83890820,2026-06-28 03:00:00,Sun,03:00:00,0,0,0.0
GRA,3393,83890821,2026-06-28 03:30:00,Sun,03:30:00,0,0,0.0
GRA,3393,83890822,2026-06-28 04:00:00,Sun,04:00:00,0,0,0.0
GRA,3393,83890823,2026-06-28 04:30:00,Sun,04:30:00,0,0,0.0
GRA,3393,83890824,2026-06-28 05:00:00,Sun,05:00:00,0,0,0.0
GRA,3393,83890825,2026-06-28 05:30:00,Sun,05:30:00,0,0,0.0
GRA,3393,83890826,2026-06-28 06:00:00,Sun,06:00:00,0,0,0.0
GRA,3393,83890827,2026-06-28 06:30:00,Sun,06:30:00,0,0,0.0
GRA,3393,83890828,2026-06-28 07:00:00,Sun,07:00:00,0,0,0.0
GRA,3393,83890829,2026-06-28 07:30:00,Sun,07:30:00,0,0,0.0
GRA,3393,83890830,2026-06-28 08:00:00,Sun,08:00:00,0,0,0.0
GRA,3393,83890831,2026-06-28 08:30:00,Sun,08:30:00,1,1,0.0
GRA,3393,83890832,2026-06-28 09:00:00,Sun,09:00:00,2,2,2.0
GRA,3393,83890833,2026-06-28 09:30:00,Sun,09:30:00,3,3,3.0
GRA,3393,83890834,2026-06-28 10:00:00,Sun,10:00:00,4,4,4.0
GRA,3393,83890835,2026-06-28 10:30:00,Sun,10:30:00,5,5,5.0
GRA,3393,83890836,2026-06-28 11:00:00,Sun,11:00:00,5,5,5.0
GRA,3393,83890837,2026-06-28 11:30:00,Sun,11:30:00,4,4,4.0
GRA,3393,83890838,2026-06-28 12:00:00,Sun,12:00:00,5,5,6.0
GRA,3393,83890839,2026-06-28 12:30:00,Sun,12:30:00,7,7,7.0
GRA,3393,83890840,2026-06-28 13:00:00,Sun,13:00:00,14,14,15.0
GRA,3393,83890841,2026-06-28 13:30:00,Sun,13:30:00,27,27,30.0
GRA,3393,83890842,2026-06-28 14:00:00,Sun,14:00:00,33,33,37.0
GRA,3393,83890843,2026-06-28 14:30:00,Sun,14:30:00,34,34,38.0
GRA,3393,83890844,2026-06-28 15:00:00,Sun,15:00:00,30,30,34.0
GRA,3393,83890845,2026-06-28 15:30:00,Sun,15:30:00,22,22,24.0
GRA,3393,83890846,2026-06-28 16:00:00,Sun,16:00:00,16,16,17.0
GRA,3393,83890847,2026-06-28 16:30:00,Sun,16:30:00,12,12,13.0
GRA,3393,83890848,2026-06-28 17:00:00,Sun,17:00:00,11,11,12.0
GRA,3393,83890849,2026-06-28 17:30:00,Sun,17:30:00,11,11,12.0
GRA,3393,83890850,2026-06-28 18:00:00,Sun,18:00:00,11,11,12.0
GRA,3393,83890851,2026-06-28 18:30:00,Sun,18:30:00,12,12,13.0
GRA,3393,83890852,2026-06-28 19:00:00,Sun,19:00:00,12,12,13.0
GRA,3393,83890853,2026-06-28 19:30:00,Sun,19:30:00,11,11,12.0
GRA,3393,83890854,2026-06-28 20:00:00,Sun,20:00:00,19,19,21.0
GRA,3393,83890855,2026-06-28 20:30:00,Sun,20:30:00,34,34,37.0
GRA,3393,83890856,2026-06-28 21:00:00,Sun,21:00:00,44,44,50.0
GRA,3393,83890857,2026-06-28 21:30:00,Sun,21:30:00,46,46,51.0
GRA,3393,83890858,2026-06-28 22:00:00,Sun,22:00:00,40,40,45.0
GRA,3393,83890859,2026-06-28 22:30:00,Sun,22:30:00,31,31,34.0
GRA,3393,83890860,2026-06-28 23:00:00,Sun,23:00:00,20,20,22.0
GRA,3393,83890861,2026-06-28 23:30:00,Sun,23:30:00,13,13,14.0
NOM,3393,83729230,2026-06-22 00:00:00,Mon,00:00:00,0,0,0.0
NOM,3393,83729231,2026-06-22 00:30:00,Mon,00:30:00,0,0,0.0
NOM,3393,83729232,2026-06-22 01:00:00,Mon,01:00:00,0,0,0.0
NOM,3393,83729233,2026-06-22 01:30:00,Mon,01:30:00,0,0,0.0
NOM,3393,83773874,2026-06-22 02:00:00,Mon,02:00:00,0,0,0.0
NOM,3393,83773875,2026-06-22 02:30:00,Mon,02:30:00,0,0,0.0
NOM,3393,83773876,2026-06-22 03:00:00,Mon,03:00:00,0,0,0.0
NOM,3393,83773877,2026-06-22 03:30:00,Mon,03:30:00,0,0,0.0
NOM,3393,83773878,2026-06-22 04:00:00,Mon,04:00:00,0,0,0.0
NOM,3393,83773879,2026-06-22 04:30:00,Mon,04:30:00,0,0,0.0
NOM,3393,83773880,2026-06-22 05:00:00,Mon,05:00:00,0,0,0.0
NOM,3393,83773881,2026-06-22 05:30:00,Mon,05:30:00,0,0,0.0
NOM,3393,83773882,2026-06-22 06:00:00,Mon,06:00:00,0,0,0.0
NOM,3393,83773883,2026-06-22 06:30:00,Mon,06:30:00,0,0,0.0
NOM,3393,83773884,2026-06-22 07:00:00,Mon,07:00:00,0,0,0.0
NOM,3393,83773885,2026-06-22 07:30:00,Mon,07:30:00,0,0,0.0
NOM,3393,83773886,2026-06-22 08:00:00,Mon,08:00:00,0,0,0.0
NOM,3393,83773887,2026-06-22 08:30:00,Mon,08:30:00,0,0,0.0
NOM,3393,83773888,2026-06-22 09:00:00,Mon,09:00:00,2,2,2.0
NOM,3393,83773889,2026-06-22 09:30:00,Mon,09:30:00,2,2,2.0
NOM,3393,83773890,2026-06-22 10:00:00,Mon,10:00:00,6,6,6.0
NOM,3393,83773891,2026-06-22 10:30:00,Mon,10:30:00,6,6,6.0
NOM,3393,83773892,2026-06-22 11:00:00,Mon,11:00:00,6,6,6.0
NOM,3393,83773893,2026-06-22 11:30:00,Mon,11:30:00,6,6,6.0
NOM,3393,83773894,2026-06-22 12:00:00,Mon,12:00:00,5,5,5.0
NOM,3393,83773895,2026-06-22 12:30:00,Mon,12:30:00,7,7,7.0
NOM,3393,83773896,2026-06-22 13:00:00,Mon,13:00:00,10,10,10.0
NOM,3393,83773897,2026-06-22 13:30:00,Mon,13:30:00,12,12,12.0
NOM,3393,83773898,2026-06-22 14:00:00,Mon,14:00:00,12,12,12.0
NOM,3393,83773899,2026-06-22 14:30:00,Mon,14:30:00,11,11,11.0
NOM,3393,83773900,2026-06-22 15:00:00,Mon,15:00:00,9,9,9.0
NOM,3393,83773901,2026-06-22 15:30:00,Mon,15:30:00,8,8,8.0
NOM,3393,83773902,2026-06-22 16:00:00,Mon,16:00:00,6,6,6.0
NOM,3393,83773903,2026-06-22 16:30:00,Mon,16:30:00,5,5,5.0
NOM,3393,83773904,2026-06-22 17:00:00,Mon,17:00:00,5,5,5.0
NOM,3393,83773905,2026-06-22 17:30:00,Mon,17:30:00,5,5,5.0
NOM,3393,83773906,2026-06-22 18:00:00,Mon,18:00:00,7,7,6.0
NOM,3393,83773907,2026-06-22 18:30:00,Mon,18:30:00,7,7,7.0
NOM,3393,83773908,2026-06-22 19:00:00,Mon,19:00:00,7,7,7.0
NOM,3393,83773909,2026-06-22 19:30:00,Mon,19:30:00,8,8,8.0
NOM,3393,83773910,2026-06-22 20:00:00,Mon,20:00:00,10,10,11.0
NOM,3393,83773911,2026-06-22 20:30:00,Mon,20:30:00,14,14,15.0
NOM,3393,83773912,2026-06-22 21:00:00,Mon,21:00:00,15,15,16.0
NOM,3393,83773913,2026-06-22 21:30:00,Mon,21:30:00,13,13,13.0
NOM,3393,83773914,2026-06-22 22:00:00,Mon,22:00:00,9,9,9.0
NOM,3393,83773915,2026-06-22 22:30:00,Mon,22:30:00,7,7,7.0
NOM,3393,83773916,2026-06-22 23:00:00,Mon,23:00:00,4,4,4.0
NOM,3393,83773917,2026-06-22 23:30:00,Mon,23:30:00,1,1,1.0
NOM,3393,83773918,2026-06-23 00:00:00,Tue,00:00:00,0,0,0.0
NOM,3393,83773919,2026-06-23 00:30:00,Tue,00:30:00,0,0,0.0
NOM,3393,83773920,2026-06-23 01:00:00,Tue,01:00:00,0,0,0.0
NOM,3393,83773921,2026-06-23 01:30:00,Tue,01:30:00,0,0,0.0
NOM,3393,83773922,2026-06-23 02:00:00,Tue,02:00:00,0,0,0.0
NOM,3393,83773923,2026-06-23 02:30:00,Tue,02:30:00,0,0,0.0
NOM,3393,83773924,2026-06-23 03:00:00,Tue,03:00:00,0,0,0.0
NOM,3393,83773925,2026-06-23 03:30:00,Tue,03:30:00,0,0,0.0
NOM,3393,83773926,2026-06-23 04:00:00,Tue,04:00:00,0,0,0.0
NOM,3393,83773927,2026-06-23 04:30:00,Tue,04:30:00,0,0,0.0
NOM,3393,83773928,2026-06-23 05:00:00,Tue,05:00:00,0,0,0.0
NOM,3393,83773929,2026-06-23 05:30:00,Tue,05:30:00,0,0,0.0
NOM,3393,83773930,2026-06-23 06:00:00,Tue,06:00:00,0,0,0.0
NOM,3393,83773931,2026-06-23 06:30:00,Tue,06:30:00,0,0,0.0
NOM,3393,83773932,2026-06-23 07:00:00,Tue,07:00:00,0,0,0.0
NOM,3393,83773933,2026-06-23 07:30:00,Tue,07:30:00,0,0,0.0
NOM,3393,83773934,2026-06-23 08:00:00,Tue,08:00:00,0,0,0.0
NOM,3393,83773935,2026-06-23 08:30:00,Tue,08:30:00,1,1,1.0
NOM,3393,83773936,2026-06-23 09:00:00,Tue,09:00:00,2,2,1.0
NOM,3393,83773937,2026-06-23 09:30:00,Tue,09:30:00,2,2,2.0
NOM,3393,83773938,2026-06-23 10:00:00,Tue,10:00:00,6,6,6.0
NOM,3393,83773939,2026-06-23 10:30:00,Tue,10:30:00,5,5,5.0
NOM,3393,83773940,2026-06-23 11:00:00,Tue,11:00:00,6,6,5.0
NOM,3393,83773941,2026-06-23 11:30:00,Tue,11:30:00,6,6,6.0
NOM,3393,83773942,2026-06-23 12:00:00,Tue,12:00:00,5,5,5.0
NOM,3393,83773943,2026-06-23 12:30:00,Tue,12:30:00,6,6,6.0
NOM,3393,83773944,2026-06-23 13:00:00,Tue,13:00:00,9,9,9.0
NOM,3393,83773945,2026-06-23 13:30:00,Tue,13:30:00,11,11,11.0
NOM,3393,83773946,2026-06-23 14:00:00,Tue,14:00:00,12,12,13.0
NOM,3393,83773947,2026-06-23 14:30:00,Tue,14:30:00,12,12,12.0
NOM,3393,83773948,2026-06-23 15:00:00,Tue,15:00:00,10,10,10.0
NOM,3393,83773949,2026-06-23 15:30:00,Tue,15:30:00,9,9,9.0
NOM,3393,83773950,2026-06-23 16:00:00,Tue,16:00:00,6,6,5.0
NOM,3393,83773951,2026-06-23 16:30:00,Tue,16:30:00,6,6,5.0
NOM,3393,83773952,2026-06-23 17:00:00,Tue,17:00:00,6,6,5.0
NOM,3393,83773953,2026-06-23 17:30:00,Tue,17:30:00,6,6,6.0
NOM,3393,83773954,2026-06-23 18:00:00,Tue,18:00:00,7,7,7.0
NOM,3393,83773955,2026-06-23 18:30:00,Tue,18:30:00,7,7,6.0
NOM,3393,83773956,2026-06-23 19:00:00,Tue,19:00:00,7,7,7.0
NOM,3393,83773957,2026-06-23 19:30:00,Tue,19:30:00,9,9,9.0
NOM,3393,83773958,2026-06-23 20:00:00,Tue,20:00:00,13,13,14.0
NOM,3393,83773959,2026-06-23 20:30:00,Tue,20:30:00,15,15,16.0
NOM,3393,83773960,2026-06-23 21:00:00,Tue,21:00:00,17,17,17.0
NOM,3393,83773961,2026-06-23 21:30:00,Tue,21:30:00,16,16,16.0
NOM,3393,83773962,2026-06-23 22:00:00,Tue,22:00:00,12,12,12.0
NOM,3393,83773963,2026-06-23 22:30:00,Tue,22:30:00,7,7,7.0
NOM,3393,83773964,2026-06-23 23:00:00,Tue,23:00:00,4,4,4.0
NOM,3393,83773965,2026-06-23 23:30:00,Tue,23:30:00,1,1,1.0
NOM,3393,83773966,2026-06-24 00:00:00,Wed,00:00:00,0,0,0.0
NOM,3393,83773967,2026-06-24 00:30:00,Wed,00:30:00,0,0,0.0
NOM,3393,83773968,2026-06-24 01:00:00,Wed,01:00:00,0,0,0.0
NOM,3393,83773969,2026-06-24 01:30:00,Wed,01:30:00,0,0,0.0
NOM,3393,83802482,2026-06-24 02:00:00,Wed,02:00:00,0,0,0.0
NOM,3393,83802483,2026-06-24 02:30:00,Wed,02:30:00,0,0,0.0
NOM,3393,83802484,2026-06-24 03:00:00,Wed,03:00:00,0,0,0.0
NOM,3393,83802485,2026-06-24 03:30:00,Wed,03:30:00,0,0,0.0
NOM,3393,83802486,2026-06-24 04:00:00,Wed,04:00:00,0,0,0.0
NOM,3393,83802487,2026-06-24 04:30:00,Wed,04:30:00,0,0,0.0
NOM,3393,83802488,2026-06-24 05:00:00,Wed,05:00:00,0,0,0.0
NOM,3393,83802489,2026-06-24 05:30:00,Wed,05:30:00,0,0,0.0
NOM,3393,83802490,2026-06-24 06:00:00,Wed,06:00:00,0,0,0.0
NOM,3393,83802491,2026-06-24 06:30:00,Wed,06:30:00,0,0,0.0
NOM,3393,83802492,2026-06-24 07:00:00,Wed,07:00:00,0,0,0.0
NOM,3393,83802493,2026-06-24 07:30:00,Wed,07:30:00,0,0,0.0
NOM,3393,83802494,2026-06-24 08:00:00,Wed,08:00:00,0,0,0.0
NOM,3393,83802495,2026-06-24 08:30:00,Wed,08:30:00,1,1,0.0
NOM,3393,83802496,2026-06-24 09:00:00,Wed,09:00:00,2,2,1.0
NOM,3393,83802497,2026-06-24 09:30:00,Wed,09:30:00,3,3,3.0
NOM,3393,83802498,2026-06-24 10:00:00,Wed,10:00:00,6,6,6.0
NOM,3393,83802499,2026-06-24 10:30:00,Wed,10:30:00,6,6,6.0
NOM,3393,83802500,2026-06-24 11:00:00,Wed,11:00:00,7,7,6.0
NOM,3393,83802501,2026-06-24 11:30:00,Wed,11:30:00,6,6,6.0
NOM,3393,83802502,2026-06-24 12:00:00,Wed,12:00:00,6,6,6.0
NOM,3393,83802503,2026-06-24 12:30:00,Wed,12:30:00,8,8,8.0
NOM,3393,83802504,2026-06-24 13:00:00,Wed,13:00:00,11,11,11.0
NOM,3393,83802505,2026-06-24 13:30:00,Wed,13:30:00,13,13,13.0
NOM,3393,83802506,2026-06-24 14:00:00,Wed,14:00:00,14,14,14.0
NOM,3393,83802507,2026-06-24 14:30:00,Wed,14:30:00,13,13,13.0
NOM,3393,83802508,2026-06-24 15:00:00,Wed,15:00:00,10,10,10.0
NOM,3393,83802509,2026-06-24 15:30:00,Wed,15:30:00,8,8,8.0
NOM,3393,83802510,2026-06-24 16:00:00,Wed,16:00:00,6,6,6.0
NOM,3393,83802511,2026-06-24 16:30:00,Wed,16:30:00,6,6,6.0
NOM,3393,83802512,2026-06-24 17:00:00,Wed,17:00:00,5,5,5.0
NOM,3393,83802513,2026-06-24 17:30:00,Wed,17:30:00,5,5,5.0
NOM,3393,83802514,2026-06-24 18:00:00,Wed,18:00:00,6,6,6.0
NOM,3393,83802515,2026-06-24 18:30:00,Wed,18:30:00,6,6,6.0
NOM,3393,83802516,2026-06-24 19:00:00,Wed,19:00:00,8,8,8.0
NOM,3393,83802517,2026-06-24 19:30:00,Wed,19:30:00,10,10,10.0
NOM,3393,83802518,2026-06-24 20:00:00,Wed,20:00:00,15,15,15.0
NOM,3393,83802519,2026-06-24 20:30:00,Wed,20:30:00,19,19,20.0
NOM,3393,83802520,2026-06-24 21:00:00,Wed,21:00:00,19,19,20.0
NOM,3393,83802521,2026-06-24 21:30:00,Wed,21:30:00,17,17,18.0
NOM,3393,83802522,2026-06-24 22:00:00,Wed,22:00:00,13,13,13.0
NOM,3393,83802523,2026-06-24 22:30:00,Wed,22:30:00,9,9,9.0
NOM,3393,83802524,2026-06-24 23:00:00,Wed,23:00:00,4,4,4.0
NOM,3393,83802525,2026-06-24 23:30:00,Wed,23:30:00,2,2,1.0
NOM,3393,83802526,2026-06-25 00:00:00,Thu,00:00:00,0,0,0.0
NOM,3393,83802527,2026-06-25 00:30:00,Thu,00:30:00,0,0,0.0
NOM,3393,83802528,2026-06-25 01:00:00,Thu,01:00:00,0,0,0.0
NOM,3393,83802529,2026-06-25 01:30:00,Thu,01:30:00,0,0,0.0
NOM,3393,83802530,2026-06-25 02:00:00,Thu,02:00:00,0,0,0.0
NOM,3393,83802531,2026-06-25 02:30:00,Thu,02:30:00,0,0,0.0
NOM,3393,83802532,2026-06-25 03:00:00,Thu,03:00:00,0,0,0.0
NOM,3393,83802533,2026-06-25 03:30:00,Thu,03:30:00,0,0,0.0
NOM,3393,83802534,2026-06-25 04:00:00,Thu,04:00:00,0,0,0.0
NOM,3393,83802535,2026-06-25 04:30:00,Thu,04:30:00,0,0,0.0
NOM,3393,83802536,2026-06-25 05:00:00,Thu,05:00:00,0,0,0.0
NOM,3393,83802537,2026-06-25 05:30:00,Thu,05:30:00,0,0,0.0
NOM,3393,83802538,2026-06-25 06:00:00,Thu,06:00:00,0,0,0.0
NOM,3393,83802539,2026-06-25 06:30:00,Thu,06:30:00,0,0,0.0
NOM,3393,83802540,2026-06-25 07:00:00,Thu,07:00:00,0,0,0.0
NOM,3393,83802541,2026-06-25 07:30:00,Thu,07:30:00,0,0,0.0
NOM,3393,83802542,2026-06-25 08:00:00,Thu,08:00:00,0,0,0.0
NOM,3393,83802543,2026-06-25 08:30:00,Thu,08:30:00,1,1,1.0
NOM,3393,83802544,2026-06-25 09:00:00,Thu,09:00:00,2,2,2.0
NOM,3393,83802545,2026-06-25 09:30:00,Thu,09:30:00,2,2,2.0
NOM,3393,83802546,2026-06-25 10:00:00,Thu,10:00:00,6,6,6.0
NOM,3393,83802547,2026-06-25 10:30:00,Thu,10:30:00,6,6,6.0
NOM,3393,83802548,2026-06-25 11:00:00,Thu,11:00:00,5,5,5.0
NOM,3393,83802549,2026-06-25 11:30:00,Thu,11:30:00,7,7,6.0
NOM,3393,83802550,2026-06-25 12:00:00,Thu,12:00:00,5,5,5.0
NOM,3393,83802551,2026-06-25 12:30:00,Thu,12:30:00,8,8,8.0
NOM,3393,83802552,2026-06-25 13:00:00,Thu,13:00:00,11,11,11.0
NOM,3393,83802553,2026-06-25 13:30:00,Thu,13:30:00,14,14,14.0
NOM,3393,83802554,2026-06-25 14:00:00,Thu,14:00:00,15,15,15.0
NOM,3393,83802555,2026-06-25 14:30:00,Thu,14:30:00,13,13,14.0
NOM,3393,83802556,2026-06-25 15:00:00,Thu,15:00:00,11,11,11.0
NOM,3393,83802557,2026-06-25 15:30:00,Thu,15:30:00,9,9,10.0
NOM,3393,83802558,2026-06-25 16:00:00,Thu,16:00:00,7,7,6.0
NOM,3393,83802559,2026-06-25 16:30:00,Thu,16:30:00,6,6,6.0
NOM,3393,83802560,2026-06-25 17:00:00,Thu,17:00:00,5,5,5.0
NOM,3393,83802561,2026-06-25 17:30:00,Thu,17:30:00,6,6,6.0
NOM,3393,83802562,2026-06-25 18:00:00,Thu,18:00:00,7,7,7.0
NOM,3393,83802563,2026-06-25 18:30:00,Thu,18:30:00,6,6,6.0
NOM,3393,83802564,2026-06-25 19:00:00,Thu,19:00:00,7,7,7.0
NOM,3393,83802565,2026-06-25 19:30:00,Thu,19:30:00,10,10,10.0
NOM,3393,83802566,2026-06-25 20:00:00,Thu,20:00:00,16,16,17.0
NOM,3393,83802567,2026-06-25 20:30:00,Thu,20:30:00,20,20,21.0
NOM,3393,83802568,2026-06-25 21:00:00,Thu,21:00:00,22,22,23.0
NOM,3393,83802569,2026-06-25 21:30:00,Thu,21:30:00,20,20,21.0
NOM,3393,83802570,2026-06-25 22:00:00,Thu,22:00:00,16,16,17.0
NOM,3393,83802571,2026-06-25 22:30:00,Thu,22:30:00,13,13,13.0
NOM,3393,83802572,2026-06-25 23:00:00,Thu,23:00:00,5,5,5.0
NOM,3393,83802573,2026-06-25 23:30:00,Thu,23:30:00,2,2,2.0
NOM,3393,83802574,2026-06-26 00:00:00,Fri,00:00:00,0,0,0.0
NOM,3393,83802575,2026-06-26 00:30:00,Fri,00:30:00,0,0,0.0
NOM,3393,83802576,2026-06-26 01:00:00,Fri,01:00:00,0,0,0.0
NOM,3393,83802577,2026-06-26 01:30:00,Fri,01:30:00,0,0,0.0
NOM,3393,83834834,2026-06-26 02:00:00,Fri,02:00:00,0,0,0.0
NOM,3393,83834835,2026-06-26 02:30:00,Fri,02:30:00,0,0,0.0
NOM,3393,83834836,2026-06-26 03:00:00,Fri,03:00:00,0,0,0.0
NOM,3393,83834837,2026-06-26 03:30:00,Fri,03:30:00,0,0,0.0
NOM,3393,83834838,2026-06-26 04:00:00,Fri,04:00:00,0,0,0.0
NOM,3393,83834839,2026-06-26 04:30:00,Fri,04:30:00,0,0,0.0
NOM,3393,83834840,2026-06-26 05:00:00,Fri,05:00:00,0,0,0.0
NOM,3393,83834841,2026-06-26 05:30:00,Fri,05:30:00,0,0,0.0
NOM,3393,83834842,2026-06-26 06:00:00,Fri,06:00:00,0,0,0.0
NOM,3393,83834843,2026-06-26 06:30:00,Fri,06:30:00,0,0,0.0
NOM,3393,83834844,2026-06-26 07:00:00,Fri,07:00:00,0,0,0.0
NOM,3393,83834845,2026-06-26 07:30:00,Fri,07:30:00,0,0,0.0
NOM,3393,83834846,2026-06-26 08:00:00,Fri,08:00:00,0,0,0.0
NOM,3393,83834847,2026-06-26 08:30:00,Fri,08:30:00,1,1,1.0
NOM,3393,83834848,2026-06-26 09:00:00,Fri,09:00:00,2,2,2.0
NOM,3393,83834849,2026-06-26 09:30:00,Fri,09:30:00,4,4,4.0
NOM,3393,83834850,2026-06-26 10:00:00,Fri,10:00:00,7,7,7.0
NOM,3393,83834851,2026-06-26 10:30:00,Fri,10:30:00,7,7,7.0
NOM,3393,83834852,2026-06-26 11:00:00,Fri,11:00:00,6,6,6.0
NOM,3393,83834853,2026-06-26 11:30:00,Fri,11:30:00,8,8,8.0
NOM,3393,83834854,2026-06-26 12:00:00,Fri,12:00:00,6,6,6.0
NOM,3393,83834855,2026-06-26 12:30:00,Fri,12:30:00,9,9,9.0
NOM,3393,83834856,2026-06-26 13:00:00,Fri,13:00:00,12,12,12.0
NOM,3393,83834857,2026-06-26 13:30:00,Fri,13:30:00,17,17,17.0
NOM,3393,83834858,2026-06-26 14:00:00,Fri,14:00:00,20,20,21.0
NOM,3393,83834859,2026-06-26 14:30:00,Fri,14:30:00,20,20,20.0
NOM,3393,83834860,2026-06-26 15:00:00,Fri,15:00:00,16,16,17.0
NOM,3393,83834861,2026-06-26 15:30:00,Fri,15:30:00,13,13,13.0
NOM,3393,83834862,2026-06-26 16:00:00,Fri,16:00:00,9,9,9.0
NOM,3393,83834863,2026-06-26 16:30:00,Fri,16:30:00,7,7,7.0
NOM,3393,83834864,2026-06-26 17:00:00,Fri,17:00:00,7,7,7.0
NOM,3393,83834865,2026-06-26 17:30:00,Fri,17:30:00,7,7,7.0
NOM,3393,83834866,2026-06-26 18:00:00,Fri,18:00:00,9,9,9.0
NOM,3393,83834867,2026-06-26 18:30:00,Fri,18:30:00,11,11,11.0
NOM,3393,83834868,2026-06-26 19:00:00,Fri,19:00:00,11,11,11.0
NOM,3393,83834869,2026-06-26 19:30:00,Fri,19:30:00,13,13,13.0
NOM,3393,83834870,2026-06-26 20:00:00,Fri,20:00:00,22,22,23.0
NOM,3393,83834871,2026-06-26 20:30:00,Fri,20:30:00,31,31,32.0
NOM,3393,83834872,2026-06-26 21:00:00,Fri,21:00:00,33,33,34.0
NOM,3393,83834873,2026-06-26 21:30:00,Fri,21:30:00,31,31,32.0
NOM,3393,83834874,2026-06-26 22:00:00,Fri,22:00:00,26,26,27.0
NOM,3393,83834875,2026-06-26 22:30:00,Fri,22:30:00,22,22,23.0
NOM,3393,83834876,2026-06-26 23:00:00,Fri,23:00:00,12,12,12.0
NOM,3393,83834877,2026-06-26 23:30:00,Fri,23:30:00,5,5,5.0
NOM,3393,83834878,2026-06-27 00:00:00,Sat,00:00:00,1,1,0.0
NOM,3393,83834879,2026-06-27 00:30:00,Sat,00:30:00,0,0,0.0
NOM,3393,83834880,2026-06-27 01:00:00,Sat,01:00:00,0,0,0.0
NOM,3393,83834881,2026-06-27 01:30:00,Sat,01:30:00,0,0,0.0
NOM,3393,83834882,2026-06-27 02:00:00,Sat,02:00:00,0,0,0.0
NOM,3393,83834883,2026-06-27 02:30:00,Sat,02:30:00,0,0,0.0
NOM,3393,83834884,2026-06-27 03:00:00,Sat,03:00:00,0,0,0.0
NOM,3393,83834885,2026-06-27 03:30:00,Sat,03:30:00,0,0,0.0
NOM,3393,83834886,2026-06-27 04:00:00,Sat,04:00:00,0,0,0.0
NOM,3393,83834887,2026-06-27 04:30:00,Sat,04:30:00,0,0,0.0
NOM,3393,83834888,2026-06-27 05:00:00,Sat,05:00:00,0,0,0.0
NOM,3393,83834889,2026-06-27 05:30:00,Sat,05:30:00,0,0,0.0
NOM,3393,83834890,2026-06-27 06:00:00,Sat,06:00:00,0,0,0.0
NOM,3393,83834891,2026-06-27 06:30:00,Sat,06:30:00,0,0,0.0
NOM,3393,83834892,2026-06-27 07:00:00,Sat,07:00:00,0,0,0.0
NOM,3393,83834893,2026-06-27 07:30:00,Sat,07:30:00,0,0,0.0
NOM,3393,83834894,2026-06-27 08:00:00,Sat,08:00:00,0,0,0.0
NOM,3393,83834895,2026-06-27 08:30:00,Sat,08:30:00,2,2,1.0
NOM,3393,83834896,2026-06-27 09:00:00,Sat,09:00:00,2,2,2.0
NOM,3393,83834897,2026-06-27 09:30:00,Sat,09:30:00,3,3,3.0
NOM,3393,83834898,2026-06-27 10:00:00,Sat,10:00:00,7,7,7.0
NOM,3393,83834899,2026-06-27 10:30:00,Sat,10:30:00,7,7,7.0
NOM,3393,83834900,2026-06-27 11:00:00,Sat,11:00:00,7,7,7.0
NOM,3393,83834901,2026-06-27 11:30:00,Sat,11:30:00,7,7,7.0
NOM,3393,83834902,2026-06-27 12:00:00,Sat,12:00:00,8,8,8.0
NOM,3393,83834903,2026-06-27 12:30:00,Sat,12:30:00,8,8,8.0
NOM,3393,83834904,2026-06-27 13:00:00,Sat,13:00:00,10,10,10.0
NOM,3393,83834905,2026-06-27 13:30:00,Sat,13:30:00,15,15,15.0
NOM,3393,83834906,2026-06-27 14:00:00,Sat,14:00:00,18,18,19.0
NOM,3393,83834907,2026-06-27 14:30:00,Sat,14:30:00,20,20,21.0
NOM,3393,83834908,2026-06-27 15:00:00,Sat,15:00:00,17,17,17.0
NOM,3393,83834909,2026-06-27 15:30:00,Sat,15:30:00,13,13,13.0
NOM,3393,83834910,2026-06-27 16:00:00,Sat,16:00:00,10,10,10.0
NOM,3393,83834911,2026-06-27 16:30:00,Sat,16:30:00,8,8,8.0
NOM,3393,83834912,2026-06-27 17:00:00,Sat,17:00:00,8,8,8.0
NOM,3393,83834913,2026-06-27 17:30:00,Sat,17:30:00,7,7,7.0
NOM,3393,83834914,2026-06-27 18:00:00,Sat,18:00:00,8,8,8.0
NOM,3393,83834915,2026-06-27 18:30:00,Sat,18:30:00,10,10,10.0
NOM,3393,83834916,2026-06-27 19:00:00,Sat,19:00:00,9,9,9.0
NOM,3393,83834917,2026-06-27 19:30:00,Sat,19:30:00,11,11,11.0
NOM,3393,83834918,2026-06-27 20:00:00,Sat,20:00:00,17,17,17.0
NOM,3393,83834919,2026-06-27 20:30:00,Sat,20:30:00,25,25,26.0
NOM,3393,83834920,2026-06-27 21:00:00,Sat,21:00:00,31,31,32.0
NOM,3393,83834921,2026-06-27 21:30:00,Sat,21:30:00,31,31,32.0
NOM,3393,83834922,2026-06-27 22:00:00,Sat,22:00:00,27,27,28.0
NOM,3393,83834923,2026-06-27 22:30:00,Sat,22:30:00,22,22,23.0
NOM,3393,83834924,2026-06-27 23:00:00,Sat,23:00:00,15,15,15.0
NOM,3393,83834925,2026-06-27 23:30:00,Sat,23:30:00,6,6,6.0
NOM,3393,83834926,2026-06-28 00:00:00,Sun,00:00:00,1,1,1.0
NOM,3393,83834927,2026-06-28 00:30:00,Sun,00:30:00,0,0,0.0
NOM,3393,83834928,2026-06-28 01:00:00,Sun,01:00:00,0,0,0.0
NOM,3393,83834929,2026-06-28 01:30:00,Sun,01:30:00,0,0,0.0
NOM,3393,83902914,2026-06-28 02:00:00,Sun,02:00:00,0,0,0.0
NOM,3393,83902915,2026-06-28 02:30:00,Sun,02:30:00,0,0,0.0
NOM,3393,83902916,2026-06-28 03:00:00,Sun,03:00:00,0,0,0.0
NOM,3393,83902917,2026-06-28 03:30:00,Sun,03:30:00,0,0,0.0
NOM,3393,83902918,2026-06-28 04:00:00,Sun,04:00:00,0,0,0.0
NOM,3393,83902919,2026-06-28 04:30:00,Sun,04:30:00,0,0,0.0
NOM,3393,83902920,2026-06-28 05:00:00,Sun,05:00:00,0,0,0.0
NOM,3393,83902921,2026-06-28 05:30:00,Sun,05:30:00,0,0,0.0
NOM,3393,83902922,2026-06-28 06:00:00,Sun,06:00:00,0,0,0.0
NOM,3393,83902923,2026-06-28 06:30:00,Sun,06:30:00,0,0,0.0
NOM,3393,83902924,2026-06-28 07:00:00,Sun,07:00:00,0,0,0.0
NOM,3393,83902925,2026-06-28 07:30:00,Sun,07:30:00,0,0,0.0
NOM,3393,83902926,2026-06-28 08:00:00,Sun,08:00:00,0,0,0.0
NOM,3393,83902927,2026-06-28 08:30:00,Sun,08:30:00,2,2,1.0
NOM,3393,83902928,2026-06-28 09:00:00,Sun,09:00:00,3,3,2.0
NOM,3393,83902929,2026-06-28 09:30:00,Sun,09:30:00,4,4,4.0
NOM,3393,83902930,2026-06-28 10:00:00,Sun,10:00:00,7,7,7.0
NOM,3393,83902931,2026-06-28 10:30:00,Sun,10:30:00,7,7,7.0
NOM,3393,83902932,2026-06-28 11:00:00,Sun,11:00:00,7,7,7.0
NOM,3393,83902933,2026-06-28 11:30:00,Sun,11:30:00,8,8,8.0
NOM,3393,83902934,2026-06-28 12:00:00,Sun,12:00:00,9,9,9.0
NOM,3393,83902935,2026-06-28 12:30:00,Sun,12:30:00,9,9,9.0
NOM,3393,83902936,2026-06-28 13:00:00,Sun,13:00:00,12,12,12.0
NOM,3393,83902937,2026-06-28 13:30:00,Sun,13:30:00,18,18,18.0
NOM,3393,83902938,2026-06-28 14:00:00,Sun,14:00:00,21,21,22.0
NOM,3393,83902939,2026-06-28 14:30:00,Sun,14:30:00,21,21,22.0
NOM,3393,83902940,2026-06-28 15:00:00,Sun,15:00:00,19,19,20.0
NOM,3393,83902941,2026-06-28 15:30:00,Sun,15:30:00,15,15,16.0
NOM,3393,83902942,2026-06-28 16:00:00,Sun,16:00:00,13,13,13.0
NOM,3393,83902943,2026-06-28 16:30:00,Sun,16:30:00,9,9,9.0
NOM,3393,83902944,2026-06-28 17:00:00,Sun,17:00:00,9,9,9.0
NOM,3393,83902945,2026-06-28 17:30:00,Sun,17:30:00,9,9,9.0
NOM,3393,83902946,2026-06-28 18:00:00,Sun,18:00:00,9,9,9.0
NOM,3393,83902947,2026-06-28 18:30:00,Sun,18:30:00,11,11,12.0
NOM,3393,83902948,2026-06-28 19:00:00,Sun,19:00:00,10,10,11.0
NOM,3393,83902949,2026-06-28 19:30:00,Sun,19:30:00,13,13,13.0
NOM,3393,83902950,2026-06-28 20:00:00,Sun,20:00:00,19,19,19.0
NOM,3393,83902951,2026-06-28 20:30:00,Sun,20:30:00,25,25,26.0
NOM,3393,83902952,2026-06-28 21:00:00,Sun,21:00:00,27,27,28.0
NOM,3393,83902953,2026-06-28 21:30:00,Sun,21:30:00,24,24,25.0
NOM,3393,83902954,2026-06-28 22:00:00,Sun,22:00:00,18,18,19.0
NOM,3393,83902955,2026-06-28 22:30:00,Sun,22:30:00,12,12,12.0
NOM,3393,83902956,2026-06-28 23:00:00,Sun,23:00:00,6,6,5.0
NOM,3393,83902957,2026-06-28 23:30:00,Sun,23:30:00,2,2,1.0
SAB,3393,83726542,2026-06-22 00:00:00,Mon,00:00:00,0,0,0.0
SAB,3393,83726543,2026-06-22 00:30:00,Mon,00:30:00,0,0,0.0
SAB,3393,83726544,2026-06-22 01:00:00,Mon,01:00:00,0,0,0.0
SAB,3393,83726545,2026-06-22 01:30:00,Mon,01:30:00,0,0,0.0
SAB,3393,83759378,2026-06-22 02:00:00,Mon,02:00:00,0,0,0.0
SAB,3393,83759379,2026-06-22 02:30:00,Mon,02:30:00,0,0,0.0
SAB,3393,83759380,2026-06-22 03:00:00,Mon,03:00:00,0,0,0.0
SAB,3393,83759381,2026-06-22 03:30:00,Mon,03:30:00,0,0,0.0
SAB,3393,83759382,2026-06-22 04:00:00,Mon,04:00:00,0,0,0.0
SAB,3393,83759383,2026-06-22 04:30:00,Mon,04:30:00,0,0,0.0
SAB,3393,83759384,2026-06-22 05:00:00,Mon,05:00:00,0,0,0.0
SAB,3393,83759385,2026-06-22 05:30:00,Mon,05:30:00,0,0,0.0
SAB,3393,83759386,2026-06-22 06:00:00,Mon,06:00:00,0,0,0.0
SAB,3393,83759387,2026-06-22 06:30:00,Mon,06:30:00,0,0,0.0
SAB,3393,83759388,2026-06-22 07:00:00,Mon,07:00:00,0,0,0.0
SAB,3393,83759389,2026-06-22 07:30:00,Mon,07:30:00,0,0,0.0
SAB,3393,83759390,2026-06-22 08:00:00,Mon,08:00:00,0,0,0.0
SAB,3393,83759391,2026-06-22 08:30:00,Mon,08:30:00,0,0,0.0
SAB,3393,83759392,2026-06-22 09:00:00,Mon,09:00:00,0,0,0.0
SAB,3393,83759393,2026-06-22 09:30:00,Mon,09:30:00,0,0,0.0
SAB,3393,83759394,2026-06-22 10:00:00,Mon,10:00:00,0,0,0.0
SAB,3393,83759395,2026-06-22 10:30:00,Mon,10:30:00,0,0,0.0
SAB,3393,83759396,2026-06-22 11:00:00,Mon,11:00:00,0,0,0.0
SAB,3393,83759397,2026-06-22 11:30:00,Mon,11:30:00,0,0,0.0
SAB,3393,83759398,2026-06-22 12:00:00,Mon,12:00:00,3,3,3.0
SAB,3393,83759399,2026-06-22 12:30:00,Mon,12:30:00,3,3,3.0
SAB,3393,83759400,2026-06-22 13:00:00,Mon,13:00:00,7,7,6.0
SAB,3393,83759401,2026-06-22 13:30:00,Mon,13:30:00,10,10,9.0
SAB,3393,83759402,2026-06-22 14:00:00,Mon,14:00:00,10,10,9.0
SAB,3393,83759403,2026-06-22 14:30:00,Mon,14:30:00,10,10,9.0
SAB,3393,83759404,2026-06-22 15:00:00,Mon,15:00:00,8,8,8.0
SAB,3393,83759405,2026-06-22 15:30:00,Mon,15:30:00,5,5,4.0
SAB,3393,83759406,2026-06-22 16:00:00,Mon,16:00:00,3,3,3.0
SAB,3393,83759407,2026-06-22 16:30:00,Mon,16:30:00,3,3,3.0
SAB,3393,83759408,2026-06-22 17:00:00,Mon,17:00:00,3,3,3.0
SAB,3393,83759409,2026-06-22 17:30:00,Mon,17:30:00,5,5,4.0
SAB,3393,83759410,2026-06-22 18:00:00,Mon,18:00:00,5,5,4.0
SAB,3393,83759411,2026-06-22 18:30:00,Mon,18:30:00,3,3,3.0
SAB,3393,83759412,2026-06-22 19:00:00,Mon,19:00:00,5,5,4.0
SAB,3393,83759413,2026-06-22 19:30:00,Mon,19:30:00,7,7,6.0
SAB,3393,83759414,2026-06-22 20:00:00,Mon,20:00:00,12,12,11.0
SAB,3393,83759415,2026-06-22 20:30:00,Mon,20:30:00,16,16,16.0
SAB,3393,83759416,2026-06-22 21:00:00,Mon,21:00:00,16,16,16.0
SAB,3393,83759417,2026-06-22 21:30:00,Mon,21:30:00,15,15,14.0
SAB,3393,83759418,2026-06-22 22:00:00,Mon,22:00:00,12,12,11.0
SAB,3393,83759419,2026-06-22 22:30:00,Mon,22:30:00,7,7,6.0
SAB,3393,83759420,2026-06-22 23:00:00,Mon,23:00:00,3,3,3.0
SAB,3393,83759421,2026-06-22 23:30:00,Mon,23:30:00,3,3,3.0
SAB,3393,83759422,2026-06-23 00:00:00,Tue,00:00:00,0,0,0.0
SAB,3393,83759423,2026-06-23 00:30:00,Tue,00:30:00,0,0,0.0
SAB,3393,83759424,2026-06-23 01:00:00,Tue,01:00:00,0,0,0.0
SAB,3393,83759425,2026-06-23 01:30:00,Tue,01:30:00,0,0,0.0
SAB,3393,83759426,2026-06-23 02:00:00,Tue,02:00:00,0,0,0.0
SAB,3393,83759427,2026-06-23 02:30:00,Tue,02:30:00,0,0,0.0
SAB,3393,83759428,2026-06-23 03:00:00,Tue,03:00:00,0,0,0.0
SAB,3393,83759429,2026-06-23 03:30:00,Tue,03:30:00,0,0,0.0
SAB,3393,83759430,2026-06-23 04:00:00,Tue,04:00:00,0,0,0.0
SAB,3393,83759431,2026-06-23 04:30:00,Tue,04:30:00,0,0,0.0
SAB,3393,83759432,2026-06-23 05:00:00,Tue,05:00:00,0,0,0.0
SAB,3393,83759433,2026-06-23 05:30:00,Tue,05:30:00,0,0,0.0
SAB,3393,83759434,2026-06-23 06:00:00,Tue,06:00:00,0,0,0.0
SAB,3393,83759435,2026-06-23 06:30:00,Tue,06:30:00,0,0,0.0
SAB,3393,83759436,2026-06-23 07:00:00,Tue,07:00:00,0,0,0.0
SAB,3393,83759437,2026-06-23 07:30:00,Tue,07:30:00,0,0,0.0
SAB,3393,83759438,2026-06-23 08:00:00,Tue,08:00:00,0,0,0.0
SAB,3393,83759439,2026-06-23 08:30:00,Tue,08:30:00,0,0,0.0
SAB,3393,83759440,2026-06-23 09:00:00,Tue,09:00:00,0,0,0.0
SAB,3393,83759441,2026-06-23 09:30:00,Tue,09:30:00,0,0,0.0
SAB,3393,83759442,2026-06-23 10:00:00,Tue,10:00:00,0,0,0.0
SAB,3393,83759443,2026-06-23 10:30:00,Tue,10:30:00,0,0,0.0
SAB,3393,83759444,2026-06-23 11:00:00,Tue,11:00:00,0,0,0.0
SAB,3393,83759445,2026-06-23 11:30:00,Tue,11:30:00,0,0,0.0
SAB,3393,83759446,2026-06-23 12:00:00,Tue,12:00:00,3,3,3.0
SAB,3393,83759447,2026-06-23 12:30:00,Tue,12:30:00,3,3,3.0
SAB,3393,83759448,2026-06-23 13:00:00,Tue,13:00:00,7,7,6.0
SAB,3393,83759449,2026-06-23 13:30:00,Tue,13:30:00,8,8,8.0
SAB,3393,83759450,2026-06-23 14:00:00,Tue,14:00:00,8,8,8.0
SAB,3393,83759451,2026-06-23 14:30:00,Tue,14:30:00,8,8,8.0
SAB,3393,83759452,2026-06-23 15:00:00,Tue,15:00:00,8,8,8.0
SAB,3393,83759453,2026-06-23 15:30:00,Tue,15:30:00,5,5,4.0
SAB,3393,83759454,2026-06-23 16:00:00,Tue,16:00:00,3,3,3.0
SAB,3393,83759455,2026-06-23 16:30:00,Tue,16:30:00,3,3,3.0
SAB,3393,83759456,2026-06-23 17:00:00,Tue,17:00:00,3,3,3.0
SAB,3393,83759457,2026-06-23 17:30:00,Tue,17:30:00,3,3,3.0
SAB,3393,83759458,2026-06-23 18:00:00,Tue,18:00:00,5,5,4.0
SAB,3393,83759459,2026-06-23 18:30:00,Tue,18:30:00,3,3,3.0
SAB,3393,83759460,2026-06-23 19:00:00,Tue,19:00:00,7,7,6.0
SAB,3393,83759461,2026-06-23 19:30:00,Tue,19:30:00,10,10,9.0
SAB,3393,83759462,2026-06-23 20:00:00,Tue,20:00:00,16,16,16.0
SAB,3393,83759463,2026-06-23 20:30:00,Tue,20:30:00,21,21,20.0
SAB,3393,83759464,2026-06-23 21:00:00,Tue,21:00:00,23,23,22.0
SAB,3393,83759465,2026-06-23 21:30:00,Tue,21:30:00,21,21,20.0
SAB,3393,83759466,2026-06-23 22:00:00,Tue,22:00:00,16,16,16.0
SAB,3393,83759467,2026-06-23 22:30:00,Tue,22:30:00,8,8,8.0
SAB,3393,83759468,2026-06-23 23:00:00,Tue,23:00:00,5,5,4.0
SAB,3393,83759469,2026-06-23 23:30:00,Tue,23:30:00,5,5,4.0
SAB,3393,83759470,2026-06-24 00:00:00,Wed,00:00:00,0,0,0.0
SAB,3393,83759471,2026-06-24 00:30:00,Wed,00:30:00,0,0,0.0
SAB,3393,83759472,2026-06-24 01:00:00,Wed,01:00:00,0,0,0.0
SAB,3393,83759473,2026-06-24 01:30:00,Wed,01:30:00,0,0,0.0
SAB,3393,83796146,2026-06-24 02:00:00,Wed,02:00:00,0,0,0.0
SAB,3393,83796147,2026-06-24 02:30:00,Wed,02:30:00,0,0,0.0
SAB,3393,83796148,2026-06-24 03:00:00,Wed,03:00:00,0,0,0.0
SAB,3393,83796149,2026-06-24 03:30:00,Wed,03:30:00,0,0,0.0
SAB,3393,83796150,2026-06-24 04:00:00,Wed,04:00:00,0,0,0.0
SAB,3393,83796151,2026-06-24 04:30:00,Wed,04:30:00,0,0,0.0
SAB,3393,83796152,2026-06-24 05:00:00,Wed,05:00:00,0,0,0.0
SAB,3393,83796153,2026-06-24 05:30:00,Wed,05:30:00,0,0,0.0
SAB,3393,83796154,2026-06-24 06:00:00,Wed,06:00:00,0,0,0.0
SAB,3393,83796155,2026-06-24 06:30:00,Wed,06:30:00,0,0,0.0
SAB,3393,83796156,2026-06-24 07:00:00,Wed,07:00:00,0,0,0.0
SAB,3393,83796157,2026-06-24 07:30:00,Wed,07:30:00,0,0,0.0
SAB,3393,83796158,2026-06-24 08:00:00,Wed,08:00:00,0,0,0.0
SAB,3393,83796159,2026-06-24 08:30:00,Wed,08:30:00,0,0,0.0
SAB,3393,83796160,2026-06-24 09:00:00,Wed,09:00:00,0,0,0.0
SAB,3393,83796161,2026-06-24 09:30:00,Wed,09:30:00,0,0,0.0
SAB,3393,83796162,2026-06-24 10:00:00,Wed,10:00:00,0,0,0.0
SAB,3393,83796163,2026-06-24 10:30:00,Wed,10:30:00,0,0,0.0
SAB,3393,83796164,2026-06-24 11:00:00,Wed,11:00:00,0,0,0.0
SAB,3393,83796165,2026-06-24 11:30:00,Wed,11:30:00,0,0,0.0
SAB,3393,83796166,2026-06-24 12:00:00,Wed,12:00:00,5,5,4.0
SAB,3393,83796167,2026-06-24 12:30:00,Wed,12:30:00,5,5,4.0
SAB,3393,83796168,2026-06-24 13:00:00,Wed,13:00:00,8,8,8.0
SAB,3393,83796169,2026-06-24 13:30:00,Wed,13:30:00,12,12,11.0
SAB,3393,83796170,2026-06-24 14:00:00,Wed,14:00:00,13,13,12.0
SAB,3393,83796171,2026-06-24 14:30:00,Wed,14:30:00,12,12,11.0
SAB,3393,83796172,2026-06-24 15:00:00,Wed,15:00:00,8,8,8.0
SAB,3393,83796173,2026-06-24 15:30:00,Wed,15:30:00,5,5,4.0
SAB,3393,83796174,2026-06-24 16:00:00,Wed,16:00:00,5,5,4.0
SAB,3393,83796175,2026-06-24 16:30:00,Wed,16:30:00,5,5,4.0
SAB,3393,83796176,2026-06-24 17:00:00,Wed,17:00:00,5,5,4.0
SAB,3393,83796177,2026-06-24 17:30:00,Wed,17:30:00,5,5,4.0
SAB,3393,83796178,2026-06-24 18:00:00,Wed,18:00:00,5,5,4.0
SAB,3393,83796179,2026-06-24 18:30:00,Wed,18:30:00,5,5,4.0
SAB,3393,83796180,2026-06-24 19:00:00,Wed,19:00:00,7,7,6.0
SAB,3393,83796181,2026-06-24 19:30:00,Wed,19:30:00,10,10,9.0
SAB,3393,83796182,2026-06-24 20:00:00,Wed,20:00:00,16,16,16.0
SAB,3393,83796183,2026-06-24 20:30:00,Wed,20:30:00,26,26,25.0
SAB,3393,83796184,2026-06-24 21:00:00,Wed,21:00:00,31,31,30.0
SAB,3393,83796185,2026-06-24 21:30:00,Wed,21:30:00,28,28,27.0
SAB,3393,83796186,2026-06-24 22:00:00,Wed,22:00:00,20,20,19.0
SAB,3393,83796187,2026-06-24 22:30:00,Wed,22:30:00,10,10,9.0
SAB,3393,83796188,2026-06-24 23:00:00,Wed,23:00:00,5,5,4.0
SAB,3393,83796189,2026-06-24 23:30:00,Wed,23:30:00,5,5,4.0
SAB,3393,83796190,2026-06-25 00:00:00,Thu,00:00:00,0,0,0.0
SAB,3393,83796191,2026-06-25 00:30:00,Thu,00:30:00,0,0,0.0
SAB,3393,83796192,2026-06-25 01:00:00,Thu,01:00:00,0,0,0.0
SAB,3393,83796193,2026-06-25 01:30:00,Thu,01:30:00,0,0,0.0
SAB,3393,83796194,2026-06-25 02:00:00,Thu,02:00:00,0,0,0.0
SAB,3393,83796195,2026-06-25 02:30:00,Thu,02:30:00,0,0,0.0
SAB,3393,83796196,2026-06-25 03:00:00,Thu,03:00:00,0,0,0.0
SAB,3393,83796197,2026-06-25 03:30:00,Thu,03:30:00,0,0,0.0
SAB,3393,83796198,2026-06-25 04:00:00,Thu,04:00:00,0,0,0.0
SAB,3393,83796199,2026-06-25 04:30:00,Thu,04:30:00,0,0,0.0
SAB,3393,83796200,2026-06-25 05:00:00,Thu,05:00:00,0,0,0.0
SAB,3393,83796201,2026-06-25 05:30:00,Thu,05:30:00,0,0,0.0
SAB,3393,83796202,2026-06-25 06:00:00,Thu,06:00:00,0,0,0.0
SAB,3393,83796203,2026-06-25 06:30:00,Thu,06:30:00,0,0,0.0
SAB,3393,83796204,2026-06-25 07:00:00,Thu,07:00:00,0,0,0.0
SAB,3393,83796205,2026-06-25 07:30:00,Thu,07:30:00,0,0,0.0
SAB,3393,83796206,2026-06-25 08:00:00,Thu,08:00:00,0,0,0.0
SAB,3393,83796207,2026-06-25 08:30:00,Thu,08:30:00,0,0,0.0
SAB,3393,83796208,2026-06-25 09:00:00,Thu,09:00:00,0,0,0.0
SAB,3393,83796209,2026-06-25 09:30:00,Thu,09:30:00,0,0,0.0
SAB,3393,83796210,2026-06-25 10:00:00,Thu,10:00:00,0,0,0.0
SAB,3393,83796211,2026-06-25 10:30:00,Thu,10:30:00,0,0,0.0
SAB,3393,83796212,2026-06-25 11:00:00,Thu,11:00:00,0,0,0.0
SAB,3393,83796213,2026-06-25 11:30:00,Thu,11:30:00,0,0,0.0
SAB,3393,83796214,2026-06-25 12:00:00,Thu,12:00:00,3,3,3.0
SAB,3393,83796215,2026-06-25 12:30:00,Thu,12:30:00,3,3,3.0
SAB,3393,83796216,2026-06-25 13:00:00,Thu,13:00:00,7,7,6.0
SAB,3393,83796217,2026-06-25 13:30:00,Thu,13:30:00,8,8,8.0
SAB,3393,83796218,2026-06-25 14:00:00,Thu,14:00:00,12,12,11.0
SAB,3393,83796219,2026-06-25 14:30:00,Thu,14:30:00,10,10,9.0
SAB,3393,83796220,2026-06-25 15:00:00,Thu,15:00:00,7,7,6.0
SAB,3393,83796221,2026-06-25 15:30:00,Thu,15:30:00,5,5,4.0
SAB,3393,83796222,2026-06-25 16:00:00,Thu,16:00:00,3,3,3.0
SAB,3393,83796223,2026-06-25 16:30:00,Thu,16:30:00,3,3,3.0
SAB,3393,83796224,2026-06-25 17:00:00,Thu,17:00:00,3,3,3.0
SAB,3393,83796225,2026-06-25 17:30:00,Thu,17:30:00,3,3,3.0
SAB,3393,83796226,2026-06-25 18:00:00,Thu,18:00:00,3,3,3.0
SAB,3393,83796227,2026-06-25 18:30:00,Thu,18:30:00,3,3,3.0
SAB,3393,83796228,2026-06-25 19:00:00,Thu,19:00:00,5,5,4.0
SAB,3393,83796229,2026-06-25 19:30:00,Thu,19:30:00,10,10,9.0
SAB,3393,83796230,2026-06-25 20:00:00,Thu,20:00:00,15,15,14.0
SAB,3393,83796231,2026-06-25 20:30:00,Thu,20:30:00,21,21,20.0
SAB,3393,83796232,2026-06-25 21:00:00,Thu,21:00:00,25,25,24.0
SAB,3393,83796233,2026-06-25 21:30:00,Thu,21:30:00,21,21,20.0
SAB,3393,83796234,2026-06-25 22:00:00,Thu,22:00:00,15,15,14.0
SAB,3393,83796235,2026-06-25 22:30:00,Thu,22:30:00,7,7,6.0
SAB,3393,83796236,2026-06-25 23:00:00,Thu,23:00:00,3,3,3.0
SAB,3393,83796237,2026-06-25 23:30:00,Thu,23:30:00,3,3,3.0
SAB,3393,83796238,2026-06-26 00:00:00,Fri,00:00:00,0,0,0.0
SAB,3393,83796239,2026-06-26 00:30:00,Fri,00:30:00,0,0,0.0
SAB,3393,83796240,2026-06-26 01:00:00,Fri,01:00:00,0,0,0.0
SAB,3393,83796241,2026-06-26 01:30:00,Fri,01:30:00,0,0,0.0
SAB,3393,83845682,2026-06-26 02:00:00,Fri,02:00:00,0,0,0.0
SAB,3393,83845683,2026-06-26 02:30:00,Fri,02:30:00,0,0,0.0
SAB,3393,83845684,2026-06-26 03:00:00,Fri,03:00:00,0,0,0.0
SAB,3393,83845685,2026-06-26 03:30:00,Fri,03:30:00,0,0,0.0
SAB,3393,83845686,2026-06-26 04:00:00,Fri,04:00:00,0,0,0.0
SAB,3393,83845687,2026-06-26 04:30:00,Fri,04:30:00,0,0,0.0
SAB,3393,83845688,2026-06-26 05:00:00,Fri,05:00:00,0,0,0.0
SAB,3393,83845689,2026-06-26 05:30:00,Fri,05:30:00,0,0,0.0
SAB,3393,83845690,2026-06-26 06:00:00,Fri,06:00:00,0,0,0.0
SAB,3393,83845691,2026-06-26 06:30:00,Fri,06:30:00,0,0,0.0
SAB,3393,83845692,2026-06-26 07:00:00,Fri,07:00:00,0,0,0.0
SAB,3393,83845693,2026-06-26 07:30:00,Fri,07:30:00,0,0,0.0
SAB,3393,83845694,2026-06-26 08:00:00,Fri,08:00:00,0,0,0.0
SAB,3393,83845695,2026-06-26 08:30:00,Fri,08:30:00,0,0,0.0
SAB,3393,83845696,2026-06-26 09:00:00,Fri,09:00:00,0,0,0.0
SAB,3393,83845697,2026-06-26 09:30:00,Fri,09:30:00,0,0,0.0
SAB,3393,83845698,2026-06-26 10:00:00,Fri,10:00:00,0,0,0.0
SAB,3393,83845699,2026-06-26 10:30:00,Fri,10:30:00,0,0,0.0
SAB,3393,83845700,2026-06-26 11:00:00,Fri,11:00:00,0,0,0.0
SAB,3393,83845701,2026-06-26 11:30:00,Fri,11:30:00,0,0,0.0
SAB,3393,83845702,2026-06-26 12:00:00,Fri,12:00:00,3,3,3.0
SAB,3393,83845703,2026-06-26 12:30:00,Fri,12:30:00,5,5,4.0
SAB,3393,83845704,2026-06-26 13:00:00,Fri,13:00:00,10,10,9.0
SAB,3393,83845705,2026-06-26 13:30:00,Fri,13:30:00,13,13,12.0
SAB,3393,83845706,2026-06-26 14:00:00,Fri,14:00:00,15,15,14.0
SAB,3393,83845707,2026-06-26 14:30:00,Fri,14:30:00,13,13,12.0
SAB,3393,83845708,2026-06-26 15:00:00,Fri,15:00:00,8,8,8.0
SAB,3393,83845709,2026-06-26 15:30:00,Fri,15:30:00,7,7,6.0
SAB,3393,83845710,2026-06-26 16:00:00,Fri,16:00:00,5,5,4.0
SAB,3393,83845711,2026-06-26 16:30:00,Fri,16:30:00,3,3,3.0
SAB,3393,83845712,2026-06-26 17:00:00,Fri,17:00:00,3,3,3.0
SAB,3393,83845713,2026-06-26 17:30:00,Fri,17:30:00,3,3,3.0
SAB,3393,83845714,2026-06-26 18:00:00,Fri,18:00:00,5,5,4.0
SAB,3393,83845715,2026-06-26 18:30:00,Fri,18:30:00,5,5,4.0
SAB,3393,83845716,2026-06-26 19:00:00,Fri,19:00:00,7,7,6.0
SAB,3393,83845717,2026-06-26 19:30:00,Fri,19:30:00,12,12,11.0
SAB,3393,83845718,2026-06-26 20:00:00,Fri,20:00:00,25,25,24.0
SAB,3393,83845719,2026-06-26 20:30:00,Fri,20:30:00,36,36,35.0
SAB,3393,83845720,2026-06-26 21:00:00,Fri,21:00:00,40,40,38.0
SAB,3393,83845721,2026-06-26 21:30:00,Fri,21:30:00,38,38,36.0
SAB,3393,83845722,2026-06-26 22:00:00,Fri,22:00:00,31,31,30.0
SAB,3393,83845723,2026-06-26 22:30:00,Fri,22:30:00,21,21,20.0
SAB,3393,83845724,2026-06-26 23:00:00,Fri,23:00:00,8,8,8.0
SAB,3393,83845725,2026-06-26 23:30:00,Fri,23:30:00,3,3,3.0
SAB,3393,83845726,2026-06-27 00:00:00,Sat,00:00:00,0,0,0.0
SAB,3393,83845727,2026-06-27 00:30:00,Sat,00:30:00,0,0,0.0
SAB,3393,83845728,2026-06-27 01:00:00,Sat,01:00:00,0,0,0.0
SAB,3393,83845729,2026-06-27 01:30:00,Sat,01:30:00,0,0,0.0
SAB,3393,83845730,2026-06-27 02:00:00,Sat,02:00:00,0,0,0.0
SAB,3393,83845731,2026-06-27 02:30:00,Sat,02:30:00,0,0,0.0
SAB,3393,83845732,2026-06-27 03:00:00,Sat,03:00:00,0,0,0.0
SAB,3393,83845733,2026-06-27 03:30:00,Sat,03:30:00,0,0,0.0
SAB,3393,83845734,2026-06-27 04:00:00,Sat,04:00:00,0,0,0.0
SAB,3393,83845735,2026-06-27 04:30:00,Sat,04:30:00,0,0,0.0
SAB,3393,83845736,2026-06-27 05:00:00,Sat,05:00:00,0,0,0.0
SAB,3393,83845737,2026-06-27 05:30:00,Sat,05:30:00,0,0,0.0
SAB,3393,83845738,2026-06-27 06:00:00,Sat,06:00:00,0,0,0.0
SAB,3393,83845739,2026-06-27 06:30:00,Sat,06:30:00,0,0,0.0
SAB,3393,83845740,2026-06-27 07:00:00,Sat,07:00:00,0,0,0.0
SAB,3393,83845741,2026-06-27 07:30:00,Sat,07:30:00,0,0,0.0
SAB,3393,83845742,2026-06-27 08:00:00,Sat,08:00:00,0,0,0.0
SAB,3393,83845743,2026-06-27 08:30:00,Sat,08:30:00,0,0,0.0
SAB,3393,83845744,2026-06-27 09:00:00,Sat,09:00:00,0,0,0.0
SAB,3393,83845745,2026-06-27 09:30:00,Sat,09:30:00,0,0,0.0
SAB,3393,83845746,2026-06-27 10:00:00,Sat,10:00:00,0,0,0.0
SAB,3393,83845747,2026-06-27 10:30:00,Sat,10:30:00,0,0,0.0
SAB,3393,83845748,2026-06-27 11:00:00,Sat,11:00:00,0,0,0.0
SAB,3393,83845749,2026-06-27 11:30:00,Sat,11:30:00,0,0,0.0
SAB,3393,83845750,2026-06-27 12:00:00,Sat,12:00:00,3,3,3.0
SAB,3393,83845751,2026-06-27 12:30:00,Sat,12:30:00,7,7,6.0
SAB,3393,83845752,2026-06-27 13:00:00,Sat,13:00:00,12,12,11.0
SAB,3393,83845753,2026-06-27 13:30:00,Sat,13:30:00,18,18,17.0
SAB,3393,83845754,2026-06-27 14:00:00,Sat,14:00:00,18,18,17.0
SAB,3393,83845755,2026-06-27 14:30:00,Sat,14:30:00,15,15,14.0
SAB,3393,83845756,2026-06-27 15:00:00,Sat,15:00:00,12,12,11.0
SAB,3393,83845757,2026-06-27 15:30:00,Sat,15:30:00,8,8,8.0
SAB,3393,83845758,2026-06-27 16:00:00,Sat,16:00:00,7,7,6.0
SAB,3393,83845759,2026-06-27 16:30:00,Sat,16:30:00,5,5,4.0
SAB,3393,83845760,2026-06-27 17:00:00,Sat,17:00:00,5,5,4.0
SAB,3393,83845761,2026-06-27 17:30:00,Sat,17:30:00,5,5,4.0
SAB,3393,83845762,2026-06-27 18:00:00,Sat,18:00:00,5,5,4.0
SAB,3393,83845763,2026-06-27 18:30:00,Sat,18:30:00,7,7,6.0
SAB,3393,83845764,2026-06-27 19:00:00,Sat,19:00:00,7,7,6.0
SAB,3393,83845765,2026-06-27 19:30:00,Sat,19:30:00,12,12,11.0
SAB,3393,83845766,2026-06-27 20:00:00,Sat,20:00:00,21,21,20.0
SAB,3393,83845767,2026-06-27 20:30:00,Sat,20:30:00,35,35,33.0
SAB,3393,83845768,2026-06-27 21:00:00,Sat,21:00:00,43,43,41.0
SAB,3393,83845769,2026-06-27 21:30:00,Sat,21:30:00,38,38,36.0
SAB,3393,83845770,2026-06-27 22:00:00,Sat,22:00:00,33,33,32.0
SAB,3393,83845771,2026-06-27 22:30:00,Sat,22:30:00,21,21,20.0
SAB,3393,83845772,2026-06-27 23:00:00,Sat,23:00:00,8,8,8.0
SAB,3393,83845773,2026-06-27 23:30:00,Sat,23:30:00,3,3,3.0
SAB,3393,83845774,2026-06-28 00:00:00,Sun,00:00:00,0,0,0.0
SAB,3393,83845775,2026-06-28 00:30:00,Sun,00:30:00,0,0,0.0
SAB,3393,83845776,2026-06-28 01:00:00,Sun,01:00:00,0,0,0.0
SAB,3393,83845777,2026-06-28 01:30:00,Sun,01:30:00,0,0,0.0
SAB,3393,83908770,2026-06-28 02:00:00,Sun,02:00:00,0,0,0.0
SAB,3393,83908771,2026-06-28 02:30:00,Sun,02:30:00,0,0,0.0
SAB,3393,83908772,2026-06-28 03:00:00,Sun,03:00:00,0,0,0.0
SAB,3393,83908773,2026-06-28 03:30:00,Sun,03:30:00,0,0,0.0
SAB,3393,83908774,2026-06-28 04:00:00,Sun,04:00:00,0,0,0.0
SAB,3393,83908775,2026-06-28 04:30:00,Sun,04:30:00,0,0,0.0
SAB,3393,83908776,2026-06-28 05:00:00,Sun,05:00:00,0,0,0.0
SAB,3393,83908777,2026-06-28 05:30:00,Sun,05:30:00,0,0,0.0
SAB,3393,83908778,2026-06-28 06:00:00,Sun,06:00:00,0,0,0.0
SAB,3393,83908779,2026-06-28 06:30:00,Sun,06:30:00,0,0,0.0
SAB,3393,83908780,2026-06-28 07:00:00,Sun,07:00:00,0,0,0.0
SAB,3393,83908781,2026-06-28 07:30:00,Sun,07:30:00,0,0,0.0
SAB,3393,83908782,2026-06-28 08:00:00,Sun,08:00:00,0,0,0.0
SAB,3393,83908783,2026-06-28 08:30:00,Sun,08:30:00,0,0,0.0
SAB,3393,83908784,2026-06-28 09:00:00,Sun,09:00:00,0,0,0.0
SAB,3393,83908785,2026-06-28 09:30:00,Sun,09:30:00,0,0,0.0
SAB,3393,83908786,2026-06-28 10:00:00,Sun,10:00:00,0,0,0.0
SAB,3393,83908787,2026-06-28 10:30:00,Sun,10:30:00,0,0,0.0
SAB,3393,83908788,2026-06-28 11:00:00,Sun,11:00:00,0,0,0.0
SAB,3393,83908789,2026-06-28 11:30:00,Sun,11:30:00,0,0,0.0
SAB,3393,83908790,2026-06-28 12:00:00,Sun,12:00:00,5,5,4.0
SAB,3393,83908791,2026-06-28 12:30:00,Sun,12:30:00,7,7,6.0
SAB,3393,83908792,2026-06-28 13:00:00,Sun,13:00:00,13,13,12.0
SAB,3393,83908793,2026-06-28 13:30:00,Sun,13:30:00,20,20,19.0
SAB,3393,83908794,2026-06-28 14:00:00,Sun,14:00:00,21,21,20.0
SAB,3393,83908795,2026-06-28 14:30:00,Sun,14:30:00,18,18,17.0
SAB,3393,83908796,2026-06-28 15:00:00,Sun,15:00:00,15,15,14.0
SAB,3393,83908797,2026-06-28 15:30:00,Sun,15:30:00,10,10,9.0
SAB,3393,83908798,2026-06-28 16:00:00,Sun,16:00:00,7,7,6.0
SAB,3393,83908799,2026-06-28 16:30:00,Sun,16:30:00,8,8,8.0
SAB,3393,83908800,2026-06-28 17:00:00,Sun,17:00:00,7,7,6.0
SAB,3393,83908801,2026-06-28 17:30:00,Sun,17:30:00,5,5,4.0
SAB,3393,83908802,2026-06-28 18:00:00,Sun,18:00:00,7,7,6.0
SAB,3393,83908803,2026-06-28 18:30:00,Sun,18:30:00,7,7,6.0
SAB,3393,83908804,2026-06-28 19:00:00,Sun,19:00:00,10,10,9.0
SAB,3393,83908805,2026-06-28 19:30:00,Sun,19:30:00,16,16,16.0
SAB,3393,83908806,2026-06-28 20:00:00,Sun,20:00:00,31,31,30.0
SAB,3393,83908807,2026-06-28 20:30:00,Sun,20:30:00,41,41,40.0
SAB,3393,83908808,2026-06-28 21:00:00,Sun,21:00:00,41,41,40.0
SAB,3393,83908809,2026-06-28 21:30:00,Sun,21:30:00,40,40,38.0
SAB,3393,83908810,2026-06-28 22:00:00,Sun,22:00:00,28,28,27.0
SAB,3393,83908811,2026-06-28 22:30:00,Sun,22:30:00,15,15,14.0
SAB,3393,83908812,2026-06-28 23:00:00,Sun,23:00:00,5,5,4.0
SAB,3393,83908813,2026-06-28 23:30:00,Sun,23:30:00,3,3,3.0
