city_code,c3pl_id,slot_id,slot_started_local_at,day_of_week,time,max_couriers_pilot,available_capacity,final_order_forecast
ALC,3393,84661083,2026-07-27 00:00:00,Mon,00:00:00,2,0,2.0
ALC,3393,84661084,2026-07-27 00:30:00,Mon,00:30:00,1,1,1.0
ALC,3393,84661085,2026-07-27 01:00:00,Mon,01:00:00,0,0,0.0
ALC,3393,84661086,2026-07-27 01:30:00,Mon,01:30:00,0,0,0.0
ALC,3393,84692047,2026-07-27 02:00:00,Mon,02:00:00,0,0,0.0
ALC,3393,84692048,2026-07-27 02:30:00,Mon,02:30:00,0,0,0.0
ALC,3393,84692049,2026-07-27 03:00:00,Mon,03:00:00,0,0,0.0
ALC,3393,84692050,2026-07-27 03:30:00,Mon,03:30:00,0,0,0.0
ALC,3393,84692051,2026-07-27 04:00:00,Mon,04:00:00,0,0,0.0
ALC,3393,84692052,2026-07-27 04:30:00,Mon,04:30:00,0,0,0.0
ALC,3393,84692053,2026-07-27 05:00:00,Mon,05:00:00,0,0,0.0
ALC,3393,84692054,2026-07-27 05:30:00,Mon,05:30:00,0,0,0.0
ALC,3393,84692055,2026-07-27 06:00:00,Mon,06:00:00,0,0,0.0
ALC,3393,84692056,2026-07-27 06:30:00,Mon,06:30:00,0,0,0.0
ALC,3393,84692057,2026-07-27 07:00:00,Mon,07:00:00,0,0,0.0
ALC,3393,84692058,2026-07-27 07:30:00,Mon,07:30:00,0,0,0.0
ALC,3393,84692059,2026-07-27 08:00:00,Mon,08:00:00,0,0,0.0
ALC,3393,84692060,2026-07-27 08:30:00,Mon,08:30:00,1,0,1.0
ALC,3393,84692061,2026-07-27 09:00:00,Mon,09:00:00,2,0,2.0
ALC,3393,84692062,2026-07-27 09:30:00,Mon,09:30:00,3,0,4.0
ALC,3393,84692063,2026-07-27 10:00:00,Mon,10:00:00,4,0,5.0
ALC,3393,84692064,2026-07-27 10:30:00,Mon,10:30:00,5,0,7.0
ALC,3393,84692065,2026-07-27 11:00:00,Mon,11:00:00,6,0,8.0
ALC,3393,84692066,2026-07-27 11:30:00,Mon,11:30:00,7,0,9.0
ALC,3393,84692067,2026-07-27 12:00:00,Mon,12:00:00,8,0,11.0
ALC,3393,84692068,2026-07-27 12:30:00,Mon,12:30:00,10,0,12.0
ALC,3393,84692069,2026-07-27 13:00:00,Mon,13:00:00,11,-1,15.0
ALC,3393,84692070,2026-07-27 13:30:00,Mon,13:30:00,13,0,17.0
ALC,3393,84692071,2026-07-27 14:00:00,Mon,14:00:00,15,0,20.0
ALC,3393,84692072,2026-07-27 14:30:00,Mon,14:30:00,16,0,21.0
ALC,3393,84692073,2026-07-27 15:00:00,Mon,15:00:00,16,0,21.0
ALC,3393,84692074,2026-07-27 15:30:00,Mon,15:30:00,15,0,19.0
ALC,3393,84692075,2026-07-27 16:00:00,Mon,16:00:00,12,0,15.0
ALC,3393,84692076,2026-07-27 16:30:00,Mon,16:30:00,9,0,12.0
ALC,3393,84692077,2026-07-27 17:00:00,Mon,17:00:00,8,0,10.0
ALC,3393,84692078,2026-07-27 17:30:00,Mon,17:30:00,8,0,10.0
ALC,3393,84692079,2026-07-27 18:00:00,Mon,18:00:00,8,1,11.0
ALC,3393,84692080,2026-07-27 18:30:00,Mon,18:30:00,9,0,11.0
ALC,3393,84692081,2026-07-27 19:00:00,Mon,19:00:00,9,0,11.0
ALC,3393,84692082,2026-07-27 19:30:00,Mon,19:30:00,11,1,14.0
ALC,3393,84692083,2026-07-27 20:00:00,Mon,20:00:00,15,1,19.0
ALC,3393,84692084,2026-07-27 20:30:00,Mon,20:30:00,20,0,26.0
ALC,3393,84692085,2026-07-27 21:00:00,Mon,21:00:00,24,1,31.0
ALC,3393,84692086,2026-07-27 21:30:00,Mon,21:30:00,26,1,34.0
ALC,3393,84692087,2026-07-27 22:00:00,Mon,22:00:00,24,1,32.0
ALC,3393,84692088,2026-07-27 22:30:00,Mon,22:30:00,21,1,28.0
ALC,3393,84692089,2026-07-27 23:00:00,Mon,23:00:00,16,1,21.0
ALC,3393,84692090,2026-07-27 23:30:00,Mon,23:30:00,10,0,12.0
ALC,3393,84692091,2026-07-28 00:00:00,Tue,00:00:00,2,0,2.0
ALC,3393,84692092,2026-07-28 00:30:00,Tue,00:30:00,1,0,1.0
ALC,3393,84692093,2026-07-28 01:00:00,Tue,01:00:00,0,0,0.0
ALC,3393,84692094,2026-07-28 01:30:00,Tue,01:30:00,0,0,0.0
ALC,3393,84724255,2026-07-28 02:00:00,Tue,02:00:00,0,0,0.0
ALC,3393,84724256,2026-07-28 02:30:00,Tue,02:30:00,0,0,0.0
ALC,3393,84724257,2026-07-28 03:00:00,Tue,03:00:00,0,0,0.0
ALC,3393,84724258,2026-07-28 03:30:00,Tue,03:30:00,0,0,0.0
ALC,3393,84724259,2026-07-28 04:00:00,Tue,04:00:00,0,0,0.0
ALC,3393,84724260,2026-07-28 04:30:00,Tue,04:30:00,0,0,0.0
ALC,3393,84724261,2026-07-28 05:00:00,Tue,05:00:00,0,0,0.0
ALC,3393,84724262,2026-07-28 05:30:00,Tue,05:30:00,0,0,0.0
ALC,3393,84724263,2026-07-28 06:00:00,Tue,06:00:00,0,0,0.0
ALC,3393,84724264,2026-07-28 06:30:00,Tue,06:30:00,0,0,0.0
ALC,3393,84724265,2026-07-28 07:00:00,Tue,07:00:00,0,0,0.0
ALC,3393,84724266,2026-07-28 07:30:00,Tue,07:30:00,0,0,0.0
ALC,3393,84724267,2026-07-28 08:00:00,Tue,08:00:00,0,0,0.0
ALC,3393,84724268,2026-07-28 08:30:00,Tue,08:30:00,1,0,1.0
ALC,3393,84724269,2026-07-28 09:00:00,Tue,09:00:00,2,0,2.0
ALC,3393,84724270,2026-07-28 09:30:00,Tue,09:30:00,3,0,3.0
ALC,3393,84724271,2026-07-28 10:00:00,Tue,10:00:00,4,0,4.0
ALC,3393,84724272,2026-07-28 10:30:00,Tue,10:30:00,5,1,6.0
ALC,3393,84724273,2026-07-28 11:00:00,Tue,11:00:00,5,1,7.0
ALC,3393,84724274,2026-07-28 11:30:00,Tue,11:30:00,6,1,8.0
ALC,3393,84724275,2026-07-28 12:00:00,Tue,12:00:00,8,1,10.0
ALC,3393,84724276,2026-07-28 12:30:00,Tue,12:30:00,9,1,12.0
ALC,3393,84724277,2026-07-28 13:00:00,Tue,13:00:00,11,1,14.0
ALC,3393,84724278,2026-07-28 13:30:00,Tue,13:30:00,13,-1,17.0
ALC,3393,84724279,2026-07-28 14:00:00,Tue,14:00:00,15,0,20.0
ALC,3393,84724280,2026-07-28 14:30:00,Tue,14:30:00,16,1,21.0
ALC,3393,84724281,2026-07-28 15:00:00,Tue,15:00:00,15,2,20.0
ALC,3393,84724282,2026-07-28 15:30:00,Tue,15:30:00,13,0,18.0
ALC,3393,84724283,2026-07-28 16:00:00,Tue,16:00:00,11,0,14.0
ALC,3393,84724284,2026-07-28 16:30:00,Tue,16:30:00,8,0,11.0
ALC,3393,84724285,2026-07-28 17:00:00,Tue,17:00:00,8,0,10.0
ALC,3393,84724286,2026-07-28 17:30:00,Tue,17:30:00,8,0,10.0
ALC,3393,84724287,2026-07-28 18:00:00,Tue,18:00:00,8,-1,11.0
ALC,3393,84724288,2026-07-28 18:30:00,Tue,18:30:00,8,0,11.0
ALC,3393,84724289,2026-07-28 19:00:00,Tue,19:00:00,8,0,11.0
ALC,3393,84724290,2026-07-28 19:30:00,Tue,19:30:00,10,0,14.0
ALC,3393,84724291,2026-07-28 20:00:00,Tue,20:00:00,15,0,19.0
ALC,3393,84724292,2026-07-28 20:30:00,Tue,20:30:00,20,0,26.0
ALC,3393,84724293,2026-07-28 21:00:00,Tue,21:00:00,24,0,32.0
ALC,3393,84724294,2026-07-28 21:30:00,Tue,21:30:00,26,1,34.0
ALC,3393,84724295,2026-07-28 22:00:00,Tue,22:00:00,25,1,33.0
ALC,3393,84724296,2026-07-28 22:30:00,Tue,22:30:00,22,0,29.0
ALC,3393,84724297,2026-07-28 23:00:00,Tue,23:00:00,17,0,22.0
ALC,3393,84724298,2026-07-28 23:30:00,Tue,23:30:00,11,1,14.0
ALC,3393,84724299,2026-07-29 00:00:00,Wed,00:00:00,3,1,4.0
ALC,3393,84724300,2026-07-29 00:30:00,Wed,00:30:00,1,0,1.0
ALC,3393,84724301,2026-07-29 01:00:00,Wed,01:00:00,0,0,0.0
ALC,3393,84724302,2026-07-29 01:30:00,Wed,01:30:00,0,0,0.0
ALC,3393,84757471,2026-07-29 02:00:00,Wed,02:00:00,0,0,0.0
ALC,3393,84757472,2026-07-29 02:30:00,Wed,02:30:00,0,0,0.0
ALC,3393,84757473,2026-07-29 03:00:00,Wed,03:00:00,0,0,0.0
ALC,3393,84757474,2026-07-29 03:30:00,Wed,03:30:00,0,0,0.0
ALC,3393,84757475,2026-07-29 04:00:00,Wed,04:00:00,0,0,0.0
ALC,3393,84757476,2026-07-29 04:30:00,Wed,04:30:00,0,0,0.0
ALC,3393,84757477,2026-07-29 05:00:00,Wed,05:00:00,0,0,0.0
ALC,3393,84757478,2026-07-29 05:30:00,Wed,05:30:00,0,0,0.0
ALC,3393,84757479,2026-07-29 06:00:00,Wed,06:00:00,0,0,0.0
ALC,3393,84757480,2026-07-29 06:30:00,Wed,06:30:00,0,0,0.0
ALC,3393,84757481,2026-07-29 07:00:00,Wed,07:00:00,0,0,0.0
ALC,3393,84757482,2026-07-29 07:30:00,Wed,07:30:00,0,0,0.0
ALC,3393,84757483,2026-07-29 08:00:00,Wed,08:00:00,0,0,0.0
ALC,3393,84757484,2026-07-29 08:30:00,Wed,08:30:00,1,0,1.0
ALC,3393,84757485,2026-07-29 09:00:00,Wed,09:00:00,2,0,2.0
ALC,3393,84757486,2026-07-29 09:30:00,Wed,09:30:00,3,0,3.0
ALC,3393,84757487,2026-07-29 10:00:00,Wed,10:00:00,4,0,5.0
ALC,3393,84757488,2026-07-29 10:30:00,Wed,10:30:00,5,0,6.0
ALC,3393,84757489,2026-07-29 11:00:00,Wed,11:00:00,5,0,7.0
ALC,3393,84757490,2026-07-29 11:30:00,Wed,11:30:00,6,0,8.0
ALC,3393,84757491,2026-07-29 12:00:00,Wed,12:00:00,7,0,9.0
ALC,3393,84757492,2026-07-29 12:30:00,Wed,12:30:00,9,0,11.0
ALC,3393,84757493,2026-07-29 13:00:00,Wed,13:00:00,11,1,14.0
ALC,3393,84757494,2026-07-29 13:30:00,Wed,13:30:00,13,0,18.0
ALC,3393,84757495,2026-07-29 14:00:00,Wed,14:00:00,16,1,21.0
ALC,3393,84757496,2026-07-29 14:30:00,Wed,14:30:00,17,1,22.0
ALC,3393,84757497,2026-07-29 15:00:00,Wed,15:00:00,16,3,21.0
ALC,3393,84757498,2026-07-29 15:30:00,Wed,15:30:00,14,2,18.0
ALC,3393,84757499,2026-07-29 16:00:00,Wed,16:00:00,11,2,14.0
ALC,3393,84757500,2026-07-29 16:30:00,Wed,16:30:00,8,-1,11.0
ALC,3393,84757501,2026-07-29 17:00:00,Wed,17:00:00,7,-1,10.0
ALC,3393,84757502,2026-07-29 17:30:00,Wed,17:30:00,8,1,10.0
ALC,3393,84757503,2026-07-29 18:00:00,Wed,18:00:00,9,1,11.0
ALC,3393,84757504,2026-07-29 18:30:00,Wed,18:30:00,9,0,12.0
ALC,3393,84757505,2026-07-29 19:00:00,Wed,19:00:00,9,0,12.0
ALC,3393,84757506,2026-07-29 19:30:00,Wed,19:30:00,12,2,15.0
ALC,3393,84757507,2026-07-29 20:00:00,Wed,20:00:00,17,1,23.0
ALC,3393,84757508,2026-07-29 20:30:00,Wed,20:30:00,24,3,31.0
ALC,3393,84757509,2026-07-29 21:00:00,Wed,21:00:00,27,1,36.0
ALC,3393,84757510,2026-07-29 21:30:00,Wed,21:30:00,26,1,35.0
ALC,3393,84757511,2026-07-29 22:00:00,Wed,22:00:00,23,1,30.0
ALC,3393,84757512,2026-07-29 22:30:00,Wed,22:30:00,19,1,25.0
ALC,3393,84757513,2026-07-29 23:00:00,Wed,23:00:00,15,1,20.0
ALC,3393,84757514,2026-07-29 23:30:00,Wed,23:30:00,12,6,15.0
ALC,3393,84757515,2026-07-30 00:00:00,Thu,00:00:00,3,0,4.0
ALC,3393,84757516,2026-07-30 00:30:00,Thu,00:30:00,2,0,2.0
ALC,3393,84757517,2026-07-30 01:00:00,Thu,01:00:00,0,0,0.0
ALC,3393,84757518,2026-07-30 01:30:00,Thu,01:30:00,0,0,0.0
ALC,3393,84793903,2026-07-30 02:00:00,Thu,02:00:00,0,0,0.0
ALC,3393,84793904,2026-07-30 02:30:00,Thu,02:30:00,0,0,0.0
ALC,3393,84793905,2026-07-30 03:00:00,Thu,03:00:00,0,0,0.0
ALC,3393,84793906,2026-07-30 03:30:00,Thu,03:30:00,0,0,0.0
ALC,3393,84793907,2026-07-30 04:00:00,Thu,04:00:00,0,0,0.0
ALC,3393,84793908,2026-07-30 04:30:00,Thu,04:30:00,0,0,0.0
ALC,3393,84793909,2026-07-30 05:00:00,Thu,05:00:00,0,0,0.0
ALC,3393,84793910,2026-07-30 05:30:00,Thu,05:30:00,0,0,0.0
ALC,3393,84793911,2026-07-30 06:00:00,Thu,06:00:00,0,0,0.0
ALC,3393,84793912,2026-07-30 06:30:00,Thu,06:30:00,0,0,0.0
ALC,3393,84793913,2026-07-30 07:00:00,Thu,07:00:00,0,0,0.0
ALC,3393,84793914,2026-07-30 07:30:00,Thu,07:30:00,0,0,0.0
ALC,3393,84793915,2026-07-30 08:00:00,Thu,08:00:00,0,0,0.0
ALC,3393,84793916,2026-07-30 08:30:00,Thu,08:30:00,1,0,1.0
ALC,3393,84793917,2026-07-30 09:00:00,Thu,09:00:00,2,0,2.0
ALC,3393,84793918,2026-07-30 09:30:00,Thu,09:30:00,3,0,3.0
ALC,3393,84793919,2026-07-30 10:00:00,Thu,10:00:00,4,0,4.0
ALC,3393,84793920,2026-07-30 10:30:00,Thu,10:30:00,4,-1,5.0
ALC,3393,84793921,2026-07-30 11:00:00,Thu,11:00:00,5,0,6.0
ALC,3393,84793922,2026-07-30 11:30:00,Thu,11:30:00,6,1,8.0
ALC,3393,84793923,2026-07-30 12:00:00,Thu,12:00:00,7,-2,9.0
ALC,3393,84793924,2026-07-30 12:30:00,Thu,12:30:00,9,0,11.0
ALC,3393,84793925,2026-07-30 13:00:00,Thu,13:00:00,11,-1,14.0
ALC,3393,84793926,2026-07-30 13:30:00,Thu,13:30:00,14,-1,18.0
ALC,3393,84793927,2026-07-30 14:00:00,Thu,14:00:00,17,-1,23.0
ALC,3393,84793928,2026-07-30 14:30:00,Thu,14:30:00,19,1,25.0
ALC,3393,84793929,2026-07-30 15:00:00,Thu,15:00:00,18,3,23.0
ALC,3393,84793930,2026-07-30 15:30:00,Thu,15:30:00,15,3,20.0
ALC,3393,84793931,2026-07-30 16:00:00,Thu,16:00:00,12,3,16.0
ALC,3393,84793932,2026-07-30 16:30:00,Thu,16:30:00,10,1,13.0
ALC,3393,84793933,2026-07-30 17:00:00,Thu,17:00:00,8,0,10.0
ALC,3393,84793934,2026-07-30 17:30:00,Thu,17:30:00,8,2,10.0
ALC,3393,84793935,2026-07-30 18:00:00,Thu,18:00:00,8,0,10.0
ALC,3393,84793936,2026-07-30 18:30:00,Thu,18:30:00,9,1,12.0
ALC,3393,84793937,2026-07-30 19:00:00,Thu,19:00:00,11,3,14.0
ALC,3393,84793938,2026-07-30 19:30:00,Thu,19:30:00,13,2,17.0
ALC,3393,84793939,2026-07-30 20:00:00,Thu,20:00:00,18,1,24.0
ALC,3393,84793940,2026-07-30 20:30:00,Thu,20:30:00,25,0,33.0
ALC,3393,84793941,2026-07-30 21:00:00,Thu,21:00:00,30,-1,40.0
ALC,3393,84793942,2026-07-30 21:30:00,Thu,21:30:00,32,2,43.0
ALC,3393,84793943,2026-07-30 22:00:00,Thu,22:00:00,31,5,41.0
ALC,3393,84793944,2026-07-30 22:30:00,Thu,22:30:00,26,5,34.0
ALC,3393,84793945,2026-07-30 23:00:00,Thu,23:00:00,19,3,26.0
ALC,3393,84793946,2026-07-30 23:30:00,Thu,23:30:00,12,4,16.0
ALC,3393,84793947,2026-07-31 00:00:00,Fri,00:00:00,4,3,5.0
ALC,3393,84793948,2026-07-31 00:30:00,Fri,00:30:00,2,2,2.0
ALC,3393,84793949,2026-07-31 01:00:00,Fri,01:00:00,0,0,0.0
ALC,3393,84793950,2026-07-31 01:30:00,Fri,01:30:00,0,0,0.0
ALC,3393,84815263,2026-07-31 02:00:00,Fri,02:00:00,0,0,0.0
ALC,3393,84815264,2026-07-31 02:30:00,Fri,02:30:00,0,0,0.0
ALC,3393,84815265,2026-07-31 03:00:00,Fri,03:00:00,0,0,0.0
ALC,3393,84815266,2026-07-31 03:30:00,Fri,03:30:00,0,0,0.0
ALC,3393,84815267,2026-07-31 04:00:00,Fri,04:00:00,0,0,0.0
ALC,3393,84815268,2026-07-31 04:30:00,Fri,04:30:00,0,0,0.0
ALC,3393,84815269,2026-07-31 05:00:00,Fri,05:00:00,0,0,0.0
ALC,3393,84815270,2026-07-31 05:30:00,Fri,05:30:00,0,0,0.0
ALC,3393,84815271,2026-07-31 06:00:00,Fri,06:00:00,0,0,0.0
ALC,3393,84815272,2026-07-31 06:30:00,Fri,06:30:00,0,0,0.0
ALC,3393,84815273,2026-07-31 07:00:00,Fri,07:00:00,0,0,0.0
ALC,3393,84815274,2026-07-31 07:30:00,Fri,07:30:00,0,0,0.0
ALC,3393,84815275,2026-07-31 08:00:00,Fri,08:00:00,0,0,0.0
ALC,3393,84815276,2026-07-31 08:30:00,Fri,08:30:00,1,0,1.0
ALC,3393,84815277,2026-07-31 09:00:00,Fri,09:00:00,2,0,2.0
ALC,3393,84815278,2026-07-31 09:30:00,Fri,09:30:00,3,0,3.0
ALC,3393,84815279,2026-07-31 10:00:00,Fri,10:00:00,4,0,5.0
ALC,3393,84815280,2026-07-31 10:30:00,Fri,10:30:00,5,0,6.0
ALC,3393,84815281,2026-07-31 11:00:00,Fri,11:00:00,6,1,7.0
ALC,3393,84815282,2026-07-31 11:30:00,Fri,11:30:00,7,2,8.0
ALC,3393,84815283,2026-07-31 12:00:00,Fri,12:00:00,8,0,10.0
ALC,3393,84815284,2026-07-31 12:30:00,Fri,12:30:00,10,1,13.0
ALC,3393,84815285,2026-07-31 13:00:00,Fri,13:00:00,13,0,16.0
ALC,3393,84815286,2026-07-31 13:30:00,Fri,13:30:00,16,-1,21.0
ALC,3393,84815287,2026-07-31 14:00:00,Fri,14:00:00,19,-1,24.0
ALC,3393,84815288,2026-07-31 14:30:00,Fri,14:30:00,20,0,26.0
ALC,3393,84815289,2026-07-31 15:00:00,Fri,15:00:00,18,1,24.0
ALC,3393,84815290,2026-07-31 15:30:00,Fri,15:30:00,15,1,20.0
ALC,3393,84815291,2026-07-31 16:00:00,Fri,16:00:00,12,3,16.0
ALC,3393,84815292,2026-07-31 16:30:00,Fri,16:30:00,10,1,13.0
ALC,3393,84815293,2026-07-31 17:00:00,Fri,17:00:00,8,0,11.0
ALC,3393,84815294,2026-07-31 17:30:00,Fri,17:30:00,8,-1,10.0
ALC,3393,84815295,2026-07-31 18:00:00,Fri,18:00:00,8,-2,11.0
ALC,3393,84815296,2026-07-31 18:30:00,Fri,18:30:00,9,-1,12.0
ALC,3393,84815297,2026-07-31 19:00:00,Fri,19:00:00,11,1,15.0
ALC,3393,84815298,2026-07-31 19:30:00,Fri,19:30:00,15,0,19.0
ALC,3393,84815299,2026-07-31 20:00:00,Fri,20:00:00,22,0,29.0
ALC,3393,84815300,2026-07-31 20:30:00,Fri,20:30:00,31,-5,42.0
ALC,3393,84815301,2026-07-31 21:00:00,Fri,21:00:00,40,-3,53.0
ALC,3393,84815302,2026-07-31 21:30:00,Fri,21:30:00,44,0,58.0
ALC,3393,84815303,2026-07-31 22:00:00,Fri,22:00:00,41,0,55.0
ALC,3393,84815304,2026-07-31 22:30:00,Fri,22:30:00,34,0,46.0
ALC,3393,84815305,2026-07-31 23:00:00,Fri,23:00:00,25,-3,33.0
ALC,3393,84815306,2026-07-31 23:30:00,Fri,23:30:00,14,1,18.0
ALC,3393,84815307,2026-08-01 00:00:00,Sat,00:00:00,4,0,5.0
ALC,3393,84815308,2026-08-01 00:30:00,Sat,00:30:00,2,-1,2.0
ALC,3393,84815309,2026-08-01 01:00:00,Sat,01:00:00,0,0,0.0
ALC,3393,84815310,2026-08-01 01:30:00,Sat,01:30:00,0,0,0.0
ALC,3393,84852127,2026-08-01 02:00:00,Sat,02:00:00,0,0,0.0
ALC,3393,84852128,2026-08-01 02:30:00,Sat,02:30:00,0,0,0.0
ALC,3393,84852129,2026-08-01 03:00:00,Sat,03:00:00,0,0,0.0
ALC,3393,84852130,2026-08-01 03:30:00,Sat,03:30:00,0,0,0.0
ALC,3393,84852131,2026-08-01 04:00:00,Sat,04:00:00,0,0,0.0
ALC,3393,84852132,2026-08-01 04:30:00,Sat,04:30:00,0,0,0.0
ALC,3393,84852133,2026-08-01 05:00:00,Sat,05:00:00,0,0,0.0
ALC,3393,84852134,2026-08-01 05:30:00,Sat,05:30:00,0,0,0.0
ALC,3393,84852135,2026-08-01 06:00:00,Sat,06:00:00,0,0,0.0
ALC,3393,84852136,2026-08-01 06:30:00,Sat,06:30:00,0,0,0.0
ALC,3393,84852137,2026-08-01 07:00:00,Sat,07:00:00,0,0,0.0
ALC,3393,84852138,2026-08-01 07:30:00,Sat,07:30:00,0,0,0.0
ALC,3393,84852139,2026-08-01 08:00:00,Sat,08:00:00,1,1,0.0
ALC,3393,84852140,2026-08-01 08:30:00,Sat,08:30:00,2,0,2.0
ALC,3393,84852141,2026-08-01 09:00:00,Sat,09:00:00,3,0,3.0
ALC,3393,84852142,2026-08-01 09:30:00,Sat,09:30:00,4,1,5.0
ALC,3393,84852143,2026-08-01 10:00:00,Sat,10:00:00,5,-1,6.0
ALC,3393,84852144,2026-08-01 10:30:00,Sat,10:30:00,6,-1,7.0
ALC,3393,84852145,2026-08-01 11:00:00,Sat,11:00:00,7,0,8.0
ALC,3393,84852146,2026-08-01 11:30:00,Sat,11:30:00,7,0,9.0
ALC,3393,84852147,2026-08-01 12:00:00,Sat,12:00:00,9,0,11.0
ALC,3393,84852148,2026-08-01 12:30:00,Sat,12:30:00,11,1,14.0
ALC,3393,84852149,2026-08-01 13:00:00,Sat,13:00:00,16,-1,21.0
ALC,3393,84852150,2026-08-01 13:30:00,Sat,13:30:00,23,-3,30.0
ALC,3393,84852151,2026-08-01 14:00:00,Sat,14:00:00,27,-2,35.0
ALC,3393,84852152,2026-08-01 14:30:00,Sat,14:30:00,26,-3,34.0
ALC,3393,84852153,2026-08-01 15:00:00,Sat,15:00:00,21,0,28.0
ALC,3393,84852154,2026-08-01 15:30:00,Sat,15:30:00,17,2,22.0
ALC,3393,84852155,2026-08-01 16:00:00,Sat,16:00:00,14,1,18.0
ALC,3393,84852156,2026-08-01 16:30:00,Sat,16:30:00,11,0,15.0
ALC,3393,84852157,2026-08-01 17:00:00,Sat,17:00:00,10,1,12.0
ALC,3393,84852158,2026-08-01 17:30:00,Sat,17:30:00,9,2,11.0
ALC,3393,84852159,2026-08-01 18:00:00,Sat,18:00:00,9,-2,12.0
ALC,3393,84852160,2026-08-01 18:30:00,Sat,18:30:00,10,2,13.0
ALC,3393,84852161,2026-08-01 19:00:00,Sat,19:00:00,11,2,14.0
ALC,3393,84852162,2026-08-01 19:30:00,Sat,19:30:00,13,2,17.0
ALC,3393,84852163,2026-08-01 20:00:00,Sat,20:00:00,19,1,25.0
ALC,3393,84852164,2026-08-01 20:30:00,Sat,20:30:00,27,-2,35.0
ALC,3393,84852165,2026-08-01 21:00:00,Sat,21:00:00,34,-7,46.0
ALC,3393,84852166,2026-08-01 21:30:00,Sat,21:30:00,38,-4,51.0
ALC,3393,84852167,2026-08-01 22:00:00,Sat,22:00:00,37,-3,49.0
ALC,3393,84852168,2026-08-01 22:30:00,Sat,22:30:00,32,-3,43.0
ALC,3393,84852169,2026-08-01 23:00:00,Sat,23:00:00,25,-3,33.0
ALC,3393,84852170,2026-08-01 23:30:00,Sat,23:30:00,16,1,21.0
ALC,3393,84852171,2026-08-02 00:00:00,Sun,00:00:00,4,1,5.0
ALC,3393,84852172,2026-08-02 00:30:00,Sun,00:30:00,2,0,3.0
ALC,3393,84852173,2026-08-02 01:00:00,Sun,01:00:00,0,0,0.0
ALC,3393,84852174,2026-08-02 01:30:00,Sun,01:30:00,0,0,0.0
ALC,3393,84891151,2026-08-02 02:00:00,Sun,02:00:00,0,0,0.0
ALC,3393,84891152,2026-08-02 02:30:00,Sun,02:30:00,0,0,0.0
ALC,3393,84891153,2026-08-02 03:00:00,Sun,03:00:00,0,0,0.0
ALC,3393,84891154,2026-08-02 03:30:00,Sun,03:30:00,0,0,0.0
ALC,3393,84891155,2026-08-02 04:00:00,Sun,04:00:00,0,0,0.0
ALC,3393,84891156,2026-08-02 04:30:00,Sun,04:30:00,0,0,0.0
ALC,3393,84891157,2026-08-02 05:00:00,Sun,05:00:00,0,0,0.0
ALC,3393,84891158,2026-08-02 05:30:00,Sun,05:30:00,0,0,0.0
ALC,3393,84891159,2026-08-02 06:00:00,Sun,06:00:00,0,0,0.0
ALC,3393,84891160,2026-08-02 06:30:00,Sun,06:30:00,0,0,0.0
ALC,3393,84891161,2026-08-02 07:00:00,Sun,07:00:00,0,0,0.0
ALC,3393,84891162,2026-08-02 07:30:00,Sun,07:30:00,0,0,0.0
ALC,3393,84891163,2026-08-02 08:00:00,Sun,08:00:00,0,0,0.0
ALC,3393,84891164,2026-08-02 08:30:00,Sun,08:30:00,2,1,2.0
ALC,3393,84891165,2026-08-02 09:00:00,Sun,09:00:00,3,0,3.0
ALC,3393,84891166,2026-08-02 09:30:00,Sun,09:30:00,4,0,4.0
ALC,3393,84891167,2026-08-02 10:00:00,Sun,10:00:00,4,-1,5.0
ALC,3393,84891168,2026-08-02 10:30:00,Sun,10:30:00,5,-1,7.0
ALC,3393,84891169,2026-08-02 11:00:00,Sun,11:00:00,6,0,8.0
ALC,3393,84891170,2026-08-02 11:30:00,Sun,11:30:00,7,0,9.0
ALC,3393,84891171,2026-08-02 12:00:00,Sun,12:00:00,9,0,12.0
ALC,3393,84891172,2026-08-02 12:30:00,Sun,12:30:00,14,3,18.0
ALC,3393,84891173,2026-08-02 13:00:00,Sun,13:00:00,22,5,29.0
ALC,3393,84891174,2026-08-02 13:30:00,Sun,13:30:00,32,3,42.0
ALC,3393,84891175,2026-08-02 14:00:00,Sun,14:00:00,38,-1,50.0
ALC,3393,84891176,2026-08-02 14:30:00,Sun,14:30:00,36,-2,48.0
ALC,3393,84891177,2026-08-02 15:00:00,Sun,15:00:00,29,-2,39.0
ALC,3393,84891178,2026-08-02 15:30:00,Sun,15:30:00,22,0,29.0
ALC,3393,84891179,2026-08-02 16:00:00,Sun,16:00:00,16,2,21.0
ALC,3393,84891180,2026-08-02 16:30:00,Sun,16:30:00,13,1,17.0
ALC,3393,84891181,2026-08-02 17:00:00,Sun,17:00:00,12,1,16.0
ALC,3393,84891182,2026-08-02 17:30:00,Sun,17:30:00,11,0,14.0
ALC,3393,84891183,2026-08-02 18:00:00,Sun,18:00:00,11,-2,15.0
ALC,3393,84891184,2026-08-02 18:30:00,Sun,18:30:00,13,1,16.0
ALC,3393,84891185,2026-08-02 19:00:00,Sun,19:00:00,15,0,20.0
ALC,3393,84891186,2026-08-02 19:30:00,Sun,19:30:00,21,2,27.0
ALC,3393,84891187,2026-08-02 20:00:00,Sun,20:00:00,31,3,41.0
ALC,3393,84891188,2026-08-02 20:30:00,Sun,20:30:00,41,1,55.0
ALC,3393,84891189,2026-08-02 21:00:00,Sun,21:00:00,46,-1,62.0
ALC,3393,84891190,2026-08-02 21:30:00,Sun,21:30:00,45,1,60.0
ALC,3393,84891191,2026-08-02 22:00:00,Sun,22:00:00,39,3,51.0
ALC,3393,84891192,2026-08-02 22:30:00,Sun,22:30:00,30,4,40.0
ALC,3393,84891193,2026-08-02 23:00:00,Sun,23:00:00,22,4,29.0
ALC,3393,84891194,2026-08-02 23:30:00,Sun,23:30:00,13,6,17.0
GRA,3393,84654411,2026-07-27 00:00:00,Mon,00:00:00,2,0,2.0
GRA,3393,84654412,2026-07-27 00:30:00,Mon,00:30:00,2,0,2.0
GRA,3393,84654413,2026-07-27 01:00:00,Mon,01:00:00,0,0,0.0
GRA,3393,84654414,2026-07-27 01:30:00,Mon,01:30:00,0,0,0.0
GRA,3393,84688879,2026-07-27 02:00:00,Mon,02:00:00,0,0,0.0
GRA,3393,84688880,2026-07-27 02:30:00,Mon,02:30:00,0,0,0.0
GRA,3393,84688881,2026-07-27 03:00:00,Mon,03:00:00,0,0,0.0
GRA,3393,84688882,2026-07-27 03:30:00,Mon,03:30:00,0,0,0.0
GRA,3393,84688883,2026-07-27 04:00:00,Mon,04:00:00,0,0,0.0
GRA,3393,84688884,2026-07-27 04:30:00,Mon,04:30:00,0,0,0.0
GRA,3393,84688885,2026-07-27 05:00:00,Mon,05:00:00,0,0,0.0
GRA,3393,84688886,2026-07-27 05:30:00,Mon,05:30:00,0,0,0.0
GRA,3393,84688887,2026-07-27 06:00:00,Mon,06:00:00,0,0,0.0
GRA,3393,84688888,2026-07-27 06:30:00,Mon,06:30:00,0,0,0.0
GRA,3393,84688889,2026-07-27 07:00:00,Mon,07:00:00,0,0,0.0
GRA,3393,84688890,2026-07-27 07:30:00,Mon,07:30:00,0,0,0.0
GRA,3393,84688891,2026-07-27 08:00:00,Mon,08:00:00,0,0,0.0
GRA,3393,84688892,2026-07-27 08:30:00,Mon,08:30:00,1,0,0.0
GRA,3393,84688893,2026-07-27 09:00:00,Mon,09:00:00,1,0,1.0
GRA,3393,84688894,2026-07-27 09:30:00,Mon,09:30:00,2,0,1.0
GRA,3393,84688895,2026-07-27 10:00:00,Mon,10:00:00,2,0,2.0
GRA,3393,84688896,2026-07-27 10:30:00,Mon,10:30:00,3,0,2.0
GRA,3393,84688897,2026-07-27 11:00:00,Mon,11:00:00,3,0,3.0
GRA,3393,84688898,2026-07-27 11:30:00,Mon,11:30:00,3,0,3.0
GRA,3393,84688899,2026-07-27 12:00:00,Mon,12:00:00,4,0,4.0
GRA,3393,84688900,2026-07-27 12:30:00,Mon,12:30:00,5,0,6.0
GRA,3393,84688901,2026-07-27 13:00:00,Mon,13:00:00,7,1,8.0
GRA,3393,84688902,2026-07-27 13:30:00,Mon,13:30:00,10,0,11.0
GRA,3393,84688903,2026-07-27 14:00:00,Mon,14:00:00,12,0,14.0
GRA,3393,84688904,2026-07-27 14:30:00,Mon,14:30:00,13,0,14.0
GRA,3393,84688905,2026-07-27 15:00:00,Mon,15:00:00,12,0,13.0
GRA,3393,84688906,2026-07-27 15:30:00,Mon,15:30:00,9,0,10.0
GRA,3393,84688907,2026-07-27 16:00:00,Mon,16:00:00,7,0,8.0
GRA,3393,84688908,2026-07-27 16:30:00,Mon,16:30:00,6,0,6.0
GRA,3393,84688909,2026-07-27 17:00:00,Mon,17:00:00,5,0,6.0
GRA,3393,84688910,2026-07-27 17:30:00,Mon,17:30:00,5,0,6.0
GRA,3393,84688911,2026-07-27 18:00:00,Mon,18:00:00,5,0,5.0
GRA,3393,84688912,2026-07-27 18:30:00,Mon,18:30:00,5,0,5.0
GRA,3393,84688913,2026-07-27 19:00:00,Mon,19:00:00,5,0,5.0
GRA,3393,84688914,2026-07-27 19:30:00,Mon,19:30:00,6,0,6.0
GRA,3393,84688915,2026-07-27 20:00:00,Mon,20:00:00,9,0,10.0
GRA,3393,84688916,2026-07-27 20:30:00,Mon,20:30:00,14,0,16.0
GRA,3393,84688917,2026-07-27 21:00:00,Mon,21:00:00,19,0,21.0
GRA,3393,84688918,2026-07-27 21:30:00,Mon,21:30:00,21,0,23.0
GRA,3393,84688919,2026-07-27 22:00:00,Mon,22:00:00,20,0,22.0
GRA,3393,84688920,2026-07-27 22:30:00,Mon,22:30:00,17,0,18.0
GRA,3393,84688921,2026-07-27 23:00:00,Mon,23:00:00,12,0,13.0
GRA,3393,84688922,2026-07-27 23:30:00,Mon,23:30:00,7,0,8.0
GRA,3393,84688923,2026-07-28 00:00:00,Tue,00:00:00,2,0,2.0
GRA,3393,84688924,2026-07-28 00:30:00,Tue,00:30:00,1,0,1.0
GRA,3393,84688925,2026-07-28 01:00:00,Tue,01:00:00,0,0,0.0
GRA,3393,84688926,2026-07-28 01:30:00,Tue,01:30:00,0,0,0.0
GRA,3393,84719071,2026-07-28 02:00:00,Tue,02:00:00,0,0,0.0
GRA,3393,84719072,2026-07-28 02:30:00,Tue,02:30:00,0,0,0.0
GRA,3393,84719073,2026-07-28 03:00:00,Tue,03:00:00,0,0,0.0
GRA,3393,84719074,2026-07-28 03:30:00,Tue,03:30:00,0,0,0.0
GRA,3393,84719075,2026-07-28 04:00:00,Tue,04:00:00,0,0,0.0
GRA,3393,84719076,2026-07-28 04:30:00,Tue,04:30:00,0,0,0.0
GRA,3393,84719077,2026-07-28 05:00:00,Tue,05:00:00,0,0,0.0
GRA,3393,84719078,2026-07-28 05:30:00,Tue,05:30:00,0,0,0.0
GRA,3393,84719079,2026-07-28 06:00:00,Tue,06:00:00,0,0,0.0
GRA,3393,84719080,2026-07-28 06:30:00,Tue,06:30:00,0,0,0.0
GRA,3393,84719081,2026-07-28 07:00:00,Tue,07:00:00,0,0,0.0
GRA,3393,84719082,2026-07-28 07:30:00,Tue,07:30:00,0,0,0.0
GRA,3393,84719083,2026-07-28 08:00:00,Tue,08:00:00,0,0,0.0
GRA,3393,84719084,2026-07-28 08:30:00,Tue,08:30:00,1,0,0.0
GRA,3393,84719085,2026-07-28 09:00:00,Tue,09:00:00,1,0,1.0
GRA,3393,84719086,2026-07-28 09:30:00,Tue,09:30:00,2,1,1.0
GRA,3393,84719087,2026-07-28 10:00:00,Tue,10:00:00,2,1,2.0
GRA,3393,84719088,2026-07-28 10:30:00,Tue,10:30:00,2,1,2.0
GRA,3393,84719089,2026-07-28 11:00:00,Tue,11:00:00,2,1,2.0
GRA,3393,84719090,2026-07-28 11:30:00,Tue,11:30:00,3,1,3.0
GRA,3393,84719091,2026-07-28 12:00:00,Tue,12:00:00,4,1,4.0
GRA,3393,84719092,2026-07-28 12:30:00,Tue,12:30:00,5,1,5.0
GRA,3393,84719093,2026-07-28 13:00:00,Tue,13:00:00,7,1,7.0
GRA,3393,84719094,2026-07-28 13:30:00,Tue,13:30:00,9,1,10.0
GRA,3393,84719095,2026-07-28 14:00:00,Tue,14:00:00,11,1,12.0
GRA,3393,84719096,2026-07-28 14:30:00,Tue,14:30:00,12,0,13.0
GRA,3393,84719097,2026-07-28 15:00:00,Tue,15:00:00,11,0,12.0
GRA,3393,84719098,2026-07-28 15:30:00,Tue,15:30:00,9,0,9.0
GRA,3393,84719099,2026-07-28 16:00:00,Tue,16:00:00,6,0,7.0
GRA,3393,84719100,2026-07-28 16:30:00,Tue,16:30:00,5,0,5.0
GRA,3393,84719101,2026-07-28 17:00:00,Tue,17:00:00,5,0,5.0
GRA,3393,84719102,2026-07-28 17:30:00,Tue,17:30:00,5,0,5.0
GRA,3393,84719103,2026-07-28 18:00:00,Tue,18:00:00,5,0,5.0
GRA,3393,84719104,2026-07-28 18:30:00,Tue,18:30:00,6,1,6.0
GRA,3393,84719105,2026-07-28 19:00:00,Tue,19:00:00,6,1,6.0
GRA,3393,84719106,2026-07-28 19:30:00,Tue,19:30:00,6,1,6.0
GRA,3393,84719107,2026-07-28 20:00:00,Tue,20:00:00,9,1,9.0
GRA,3393,84719108,2026-07-28 20:30:00,Tue,20:30:00,13,1,14.0
GRA,3393,84719109,2026-07-28 21:00:00,Tue,21:00:00,17,1,19.0
GRA,3393,84719110,2026-07-28 21:30:00,Tue,21:30:00,20,1,22.0
GRA,3393,84719111,2026-07-28 22:00:00,Tue,22:00:00,19,0,21.0
GRA,3393,84719112,2026-07-28 22:30:00,Tue,22:30:00,15,0,17.0
GRA,3393,84719113,2026-07-28 23:00:00,Tue,23:00:00,11,0,12.0
GRA,3393,84719114,2026-07-28 23:30:00,Tue,23:30:00,8,-1,8.0
GRA,3393,84719115,2026-07-29 00:00:00,Wed,00:00:00,2,0,2.0
GRA,3393,84719116,2026-07-29 00:30:00,Wed,00:30:00,2,0,1.0
GRA,3393,84719117,2026-07-29 01:00:00,Wed,01:00:00,0,0,0.0
GRA,3393,84719118,2026-07-29 01:30:00,Wed,01:30:00,0,0,0.0
GRA,3393,84749695,2026-07-29 02:00:00,Wed,02:00:00,0,0,0.0
GRA,3393,84749696,2026-07-29 02:30:00,Wed,02:30:00,0,0,0.0
GRA,3393,84749697,2026-07-29 03:00:00,Wed,03:00:00,0,0,0.0
GRA,3393,84749698,2026-07-29 03:30:00,Wed,03:30:00,0,0,0.0
GRA,3393,84749699,2026-07-29 04:00:00,Wed,04:00:00,0,0,0.0
GRA,3393,84749700,2026-07-29 04:30:00,Wed,04:30:00,0,0,0.0
GRA,3393,84749701,2026-07-29 05:00:00,Wed,05:00:00,0,0,0.0
GRA,3393,84749702,2026-07-29 05:30:00,Wed,05:30:00,0,0,0.0
GRA,3393,84749703,2026-07-29 06:00:00,Wed,06:00:00,0,0,0.0
GRA,3393,84749704,2026-07-29 06:30:00,Wed,06:30:00,0,0,0.0
GRA,3393,84749705,2026-07-29 07:00:00,Wed,07:00:00,0,0,0.0
GRA,3393,84749706,2026-07-29 07:30:00,Wed,07:30:00,0,0,0.0
GRA,3393,84749707,2026-07-29 08:00:00,Wed,08:00:00,0,0,0.0
GRA,3393,84749708,2026-07-29 08:30:00,Wed,08:30:00,1,0,0.0
GRA,3393,84749709,2026-07-29 09:00:00,Wed,09:00:00,1,0,1.0
GRA,3393,84749710,2026-07-29 09:30:00,Wed,09:30:00,1,0,1.0
GRA,3393,84749711,2026-07-29 10:00:00,Wed,10:00:00,2,0,2.0
GRA,3393,84749712,2026-07-29 10:30:00,Wed,10:30:00,2,0,2.0
GRA,3393,84749713,2026-07-29 11:00:00,Wed,11:00:00,2,0,2.0
GRA,3393,84749714,2026-07-29 11:30:00,Wed,11:30:00,3,0,3.0
GRA,3393,84749715,2026-07-29 12:00:00,Wed,12:00:00,3,0,3.0
GRA,3393,84749716,2026-07-29 12:30:00,Wed,12:30:00,5,0,5.0
GRA,3393,84749717,2026-07-29 13:00:00,Wed,13:00:00,7,1,8.0
GRA,3393,84749718,2026-07-29 13:30:00,Wed,13:30:00,10,1,11.0
GRA,3393,84749719,2026-07-29 14:00:00,Wed,14:00:00,13,1,14.0
GRA,3393,84749720,2026-07-29 14:30:00,Wed,14:30:00,13,1,14.0
GRA,3393,84749721,2026-07-29 15:00:00,Wed,15:00:00,12,1,13.0
GRA,3393,84749722,2026-07-29 15:30:00,Wed,15:30:00,9,0,10.0
GRA,3393,84749723,2026-07-29 16:00:00,Wed,16:00:00,7,0,8.0
GRA,3393,84749724,2026-07-29 16:30:00,Wed,16:30:00,6,0,6.0
GRA,3393,84749725,2026-07-29 17:00:00,Wed,17:00:00,5,0,5.0
GRA,3393,84749726,2026-07-29 17:30:00,Wed,17:30:00,5,0,5.0
GRA,3393,84749727,2026-07-29 18:00:00,Wed,18:00:00,5,0,5.0
GRA,3393,84749728,2026-07-29 18:30:00,Wed,18:30:00,6,1,6.0
GRA,3393,84749729,2026-07-29 19:00:00,Wed,19:00:00,6,1,6.0
GRA,3393,84749730,2026-07-29 19:30:00,Wed,19:30:00,6,1,7.0
GRA,3393,84749731,2026-07-29 20:00:00,Wed,20:00:00,9,1,10.0
GRA,3393,84749732,2026-07-29 20:30:00,Wed,20:30:00,14,1,15.0
GRA,3393,84749733,2026-07-29 21:00:00,Wed,21:00:00,18,1,19.0
GRA,3393,84749734,2026-07-29 21:30:00,Wed,21:30:00,19,1,21.0
GRA,3393,84749735,2026-07-29 22:00:00,Wed,22:00:00,18,1,20.0
GRA,3393,84749736,2026-07-29 22:30:00,Wed,22:30:00,16,0,17.0
GRA,3393,84749737,2026-07-29 23:00:00,Wed,23:00:00,12,0,13.0
GRA,3393,84749738,2026-07-29 23:30:00,Wed,23:30:00,9,0,9.0
GRA,3393,84749739,2026-07-30 00:00:00,Thu,00:00:00,3,0,3.0
GRA,3393,84749740,2026-07-30 00:30:00,Thu,00:30:00,2,0,2.0
GRA,3393,84749741,2026-07-30 01:00:00,Thu,01:00:00,0,0,0.0
GRA,3393,84749742,2026-07-30 01:30:00,Thu,01:30:00,0,0,0.0
GRA,3393,84784063,2026-07-30 02:00:00,Thu,02:00:00,0,0,0.0
GRA,3393,84784064,2026-07-30 02:30:00,Thu,02:30:00,0,0,0.0
GRA,3393,84784065,2026-07-30 03:00:00,Thu,03:00:00,0,0,0.0
GRA,3393,84784066,2026-07-30 03:30:00,Thu,03:30:00,0,0,0.0
GRA,3393,84784067,2026-07-30 04:00:00,Thu,04:00:00,0,0,0.0
GRA,3393,84784068,2026-07-30 04:30:00,Thu,04:30:00,0,0,0.0
GRA,3393,84784069,2026-07-30 05:00:00,Thu,05:00:00,0,0,0.0
GRA,3393,84784070,2026-07-30 05:30:00,Thu,05:30:00,0,0,0.0
GRA,3393,84784071,2026-07-30 06:00:00,Thu,06:00:00,0,0,0.0
GRA,3393,84784072,2026-07-30 06:30:00,Thu,06:30:00,0,0,0.0
GRA,3393,84784073,2026-07-30 07:00:00,Thu,07:00:00,0,0,0.0
GRA,3393,84784074,2026-07-30 07:30:00,Thu,07:30:00,0,0,0.0
GRA,3393,84784075,2026-07-30 08:00:00,Thu,08:00:00,0,0,0.0
GRA,3393,84784076,2026-07-30 08:30:00,Thu,08:30:00,1,0,0.0
GRA,3393,84784077,2026-07-30 09:00:00,Thu,09:00:00,1,0,1.0
GRA,3393,84784078,2026-07-30 09:30:00,Thu,09:30:00,1,0,1.0
GRA,3393,84784079,2026-07-30 10:00:00,Thu,10:00:00,2,0,2.0
GRA,3393,84784080,2026-07-30 10:30:00,Thu,10:30:00,2,0,2.0
GRA,3393,84784081,2026-07-30 11:00:00,Thu,11:00:00,3,0,2.0
GRA,3393,84784082,2026-07-30 11:30:00,Thu,11:30:00,3,0,3.0
GRA,3393,84784083,2026-07-30 12:00:00,Thu,12:00:00,4,0,4.0
GRA,3393,84784084,2026-07-30 12:30:00,Thu,12:30:00,5,0,5.0
GRA,3393,84784085,2026-07-30 13:00:00,Thu,13:00:00,8,0,8.0
GRA,3393,84784086,2026-07-30 13:30:00,Thu,13:30:00,11,0,11.0
GRA,3393,84784087,2026-07-30 14:00:00,Thu,14:00:00,13,0,14.0
GRA,3393,84784088,2026-07-30 14:30:00,Thu,14:30:00,14,0,15.0
GRA,3393,84784089,2026-07-30 15:00:00,Thu,15:00:00,12,0,13.0
GRA,3393,84784090,2026-07-30 15:30:00,Thu,15:30:00,9,0,10.0
GRA,3393,84784091,2026-07-30 16:00:00,Thu,16:00:00,7,0,7.0
GRA,3393,84784092,2026-07-30 16:30:00,Thu,16:30:00,5,0,6.0
GRA,3393,84784093,2026-07-30 17:00:00,Thu,17:00:00,5,-2,6.0
GRA,3393,84784094,2026-07-30 17:30:00,Thu,17:30:00,6,-1,6.0
GRA,3393,84784095,2026-07-30 18:00:00,Thu,18:00:00,6,0,6.0
GRA,3393,84784096,2026-07-30 18:30:00,Thu,18:30:00,6,0,6.0
GRA,3393,84784097,2026-07-30 19:00:00,Thu,19:00:00,6,0,6.0
GRA,3393,84784098,2026-07-30 19:30:00,Thu,19:30:00,7,0,7.0
GRA,3393,84784099,2026-07-30 20:00:00,Thu,20:00:00,10,0,11.0
GRA,3393,84784100,2026-07-30 20:30:00,Thu,20:30:00,16,0,17.0
GRA,3393,84784101,2026-07-30 21:00:00,Thu,21:00:00,21,0,23.0
GRA,3393,84784102,2026-07-30 21:30:00,Thu,21:30:00,23,0,25.0
GRA,3393,84784103,2026-07-30 22:00:00,Thu,22:00:00,22,0,24.0
GRA,3393,84784104,2026-07-30 22:30:00,Thu,22:30:00,19,0,20.0
GRA,3393,84784105,2026-07-30 23:00:00,Thu,23:00:00,13,0,15.0
GRA,3393,84784106,2026-07-30 23:30:00,Thu,23:30:00,8,0,8.0
GRA,3393,84784107,2026-07-31 00:00:00,Fri,00:00:00,2,0,2.0
GRA,3393,84784108,2026-07-31 00:30:00,Fri,00:30:00,1,0,1.0
GRA,3393,84784109,2026-07-31 01:00:00,Fri,01:00:00,0,0,0.0
GRA,3393,84784110,2026-07-31 01:30:00,Fri,01:30:00,0,0,0.0
GRA,3393,84822751,2026-07-31 02:00:00,Fri,02:00:00,0,0,0.0
GRA,3393,84822752,2026-07-31 02:30:00,Fri,02:30:00,0,0,0.0
GRA,3393,84822753,2026-07-31 03:00:00,Fri,03:00:00,0,0,0.0
GRA,3393,84822754,2026-07-31 03:30:00,Fri,03:30:00,0,0,0.0
GRA,3393,84822755,2026-07-31 04:00:00,Fri,04:00:00,0,0,0.0
GRA,3393,84822756,2026-07-31 04:30:00,Fri,04:30:00,0,0,0.0
GRA,3393,84822757,2026-07-31 05:00:00,Fri,05:00:00,0,0,0.0
GRA,3393,84822758,2026-07-31 05:30:00,Fri,05:30:00,0,0,0.0
GRA,3393,84822759,2026-07-31 06:00:00,Fri,06:00:00,0,0,0.0
GRA,3393,84822760,2026-07-31 06:30:00,Fri,06:30:00,0,0,0.0
GRA,3393,84822761,2026-07-31 07:00:00,Fri,07:00:00,0,0,0.0
GRA,3393,84822762,2026-07-31 07:30:00,Fri,07:30:00,0,0,0.0
GRA,3393,84822763,2026-07-31 08:00:00,Fri,08:00:00,0,0,0.0
GRA,3393,84822764,2026-07-31 08:30:00,Fri,08:30:00,1,0,0.0
GRA,3393,84822765,2026-07-31 09:00:00,Fri,09:00:00,1,0,1.0
GRA,3393,84822766,2026-07-31 09:30:00,Fri,09:30:00,2,0,1.0
GRA,3393,84822767,2026-07-31 10:00:00,Fri,10:00:00,2,0,2.0
GRA,3393,84822768,2026-07-31 10:30:00,Fri,10:30:00,2,0,2.0
GRA,3393,84822769,2026-07-31 11:00:00,Fri,11:00:00,2,0,2.0
GRA,3393,84822770,2026-07-31 11:30:00,Fri,11:30:00,3,0,3.0
GRA,3393,84822771,2026-07-31 12:00:00,Fri,12:00:00,4,0,4.0
GRA,3393,84822772,2026-07-31 12:30:00,Fri,12:30:00,5,0,5.0
GRA,3393,84822773,2026-07-31 13:00:00,Fri,13:00:00,8,0,8.0
GRA,3393,84822774,2026-07-31 13:30:00,Fri,13:30:00,12,0,12.0
GRA,3393,84822775,2026-07-31 14:00:00,Fri,14:00:00,15,0,16.0
GRA,3393,84822776,2026-07-31 14:30:00,Fri,14:30:00,16,0,18.0
GRA,3393,84822777,2026-07-31 15:00:00,Fri,15:00:00,14,0,15.0
GRA,3393,84822778,2026-07-31 15:30:00,Fri,15:30:00,10,0,11.0
GRA,3393,84822779,2026-07-31 16:00:00,Fri,16:00:00,7,0,7.0
GRA,3393,84822780,2026-07-31 16:30:00,Fri,16:30:00,6,0,6.0
GRA,3393,84822781,2026-07-31 17:00:00,Fri,17:00:00,5,0,5.0
GRA,3393,84822782,2026-07-31 17:30:00,Fri,17:30:00,5,0,5.0
GRA,3393,84822783,2026-07-31 18:00:00,Fri,18:00:00,5,0,5.0
GRA,3393,84822784,2026-07-31 18:30:00,Fri,18:30:00,5,0,5.0
GRA,3393,84822785,2026-07-31 19:00:00,Fri,19:00:00,6,0,6.0
GRA,3393,84822786,2026-07-31 19:30:00,Fri,19:30:00,7,0,7.0
GRA,3393,84822787,2026-07-31 20:00:00,Fri,20:00:00,11,0,11.0
GRA,3393,84822788,2026-07-31 20:30:00,Fri,20:30:00,17,0,19.0
GRA,3393,84822789,2026-07-31 21:00:00,Fri,21:00:00,24,1,26.0
GRA,3393,84822790,2026-07-31 21:30:00,Fri,21:30:00,27,1,30.0
GRA,3393,84822791,2026-07-31 22:00:00,Fri,22:00:00,26,1,28.0
GRA,3393,84822792,2026-07-31 22:30:00,Fri,22:30:00,20,0,22.0
GRA,3393,84822793,2026-07-31 23:00:00,Fri,23:00:00,14,1,16.0
GRA,3393,84822794,2026-07-31 23:30:00,Fri,23:30:00,9,0,9.0
GRA,3393,84822795,2026-08-01 00:00:00,Sat,00:00:00,2,0,2.0
GRA,3393,84822796,2026-08-01 00:30:00,Sat,00:30:00,2,1,1.0
GRA,3393,84822797,2026-08-01 01:00:00,Sat,01:00:00,0,0,0.0
GRA,3393,84822798,2026-08-01 01:30:00,Sat,01:30:00,0,0,0.0
GRA,3393,84857887,2026-08-01 02:00:00,Sat,02:00:00,0,0,0.0
GRA,3393,84857888,2026-08-01 02:30:00,Sat,02:30:00,0,0,0.0
GRA,3393,84857889,2026-08-01 03:00:00,Sat,03:00:00,0,0,0.0
GRA,3393,84857890,2026-08-01 03:30:00,Sat,03:30:00,0,0,0.0
GRA,3393,84857891,2026-08-01 04:00:00,Sat,04:00:00,0,0,0.0
GRA,3393,84857892,2026-08-01 04:30:00,Sat,04:30:00,0,0,0.0
GRA,3393,84857893,2026-08-01 05:00:00,Sat,05:00:00,0,0,0.0
GRA,3393,84857894,2026-08-01 05:30:00,Sat,05:30:00,0,0,0.0
GRA,3393,84857895,2026-08-01 06:00:00,Sat,06:00:00,0,0,0.0
GRA,3393,84857896,2026-08-01 06:30:00,Sat,06:30:00,0,0,0.0
GRA,3393,84857897,2026-08-01 07:00:00,Sat,07:00:00,0,0,0.0
GRA,3393,84857898,2026-08-01 07:30:00,Sat,07:30:00,0,0,0.0
GRA,3393,84857899,2026-08-01 08:00:00,Sat,08:00:00,0,0,0.0
GRA,3393,84857900,2026-08-01 08:30:00,Sat,08:30:00,1,0,1.0
GRA,3393,84857901,2026-08-01 09:00:00,Sat,09:00:00,2,0,1.0
GRA,3393,84857902,2026-08-01 09:30:00,Sat,09:30:00,2,0,2.0
GRA,3393,84857903,2026-08-01 10:00:00,Sat,10:00:00,3,0,3.0
GRA,3393,84857904,2026-08-01 10:30:00,Sat,10:30:00,3,0,3.0
GRA,3393,84857905,2026-08-01 11:00:00,Sat,11:00:00,3,0,3.0
GRA,3393,84857906,2026-08-01 11:30:00,Sat,11:30:00,4,0,4.0
GRA,3393,84857907,2026-08-01 12:00:00,Sat,12:00:00,5,0,5.0
GRA,3393,84857908,2026-08-01 12:30:00,Sat,12:30:00,7,0,7.0
GRA,3393,84857909,2026-08-01 13:00:00,Sat,13:00:00,10,0,11.0
GRA,3393,84857910,2026-08-01 13:30:00,Sat,13:30:00,15,0,17.0
GRA,3393,84857911,2026-08-01 14:00:00,Sat,14:00:00,18,0,20.0
GRA,3393,84857912,2026-08-01 14:30:00,Sat,14:30:00,18,-1,19.0
GRA,3393,84857913,2026-08-01 15:00:00,Sat,15:00:00,14,0,15.0
GRA,3393,84857914,2026-08-01 15:30:00,Sat,15:30:00,11,0,11.0
GRA,3393,84857915,2026-08-01 16:00:00,Sat,16:00:00,8,0,8.0
GRA,3393,84857916,2026-08-01 16:30:00,Sat,16:30:00,6,0,7.0
GRA,3393,84857917,2026-08-01 17:00:00,Sat,17:00:00,6,1,6.0
GRA,3393,84857918,2026-08-01 17:30:00,Sat,17:30:00,6,1,6.0
GRA,3393,84857919,2026-08-01 18:00:00,Sat,18:00:00,6,1,6.0
GRA,3393,84857920,2026-08-01 18:30:00,Sat,18:30:00,5,0,5.0
GRA,3393,84857921,2026-08-01 19:00:00,Sat,19:00:00,5,0,5.0
GRA,3393,84857922,2026-08-01 19:30:00,Sat,19:30:00,6,1,6.0
GRA,3393,84857923,2026-08-01 20:00:00,Sat,20:00:00,9,0,10.0
GRA,3393,84857924,2026-08-01 20:30:00,Sat,20:30:00,15,0,16.0
GRA,3393,84857925,2026-08-01 21:00:00,Sat,21:00:00,21,0,23.0
GRA,3393,84857926,2026-08-01 21:30:00,Sat,21:30:00,24,0,26.0
GRA,3393,84857927,2026-08-01 22:00:00,Sat,22:00:00,22,0,25.0
GRA,3393,84857928,2026-08-01 22:30:00,Sat,22:30:00,19,-1,20.0
GRA,3393,84857929,2026-08-01 23:00:00,Sat,23:00:00,14,0,15.0
GRA,3393,84857930,2026-08-01 23:30:00,Sat,23:30:00,8,-1,9.0
GRA,3393,84857931,2026-08-02 00:00:00,Sun,00:00:00,3,0,3.0
GRA,3393,84857932,2026-08-02 00:30:00,Sun,00:30:00,2,0,2.0
GRA,3393,84857933,2026-08-02 01:00:00,Sun,01:00:00,0,0,0.0
GRA,3393,84857934,2026-08-02 01:30:00,Sun,01:30:00,0,0,0.0
GRA,3393,84884863,2026-08-02 02:00:00,Sun,02:00:00,0,0,0.0
GRA,3393,84884864,2026-08-02 02:30:00,Sun,02:30:00,0,0,0.0
GRA,3393,84884865,2026-08-02 03:00:00,Sun,03:00:00,0,0,0.0
GRA,3393,84884866,2026-08-02 03:30:00,Sun,03:30:00,0,0,0.0
GRA,3393,84884867,2026-08-02 04:00:00,Sun,04:00:00,0,0,0.0
GRA,3393,84884868,2026-08-02 04:30:00,Sun,04:30:00,0,0,0.0
GRA,3393,84884869,2026-08-02 05:00:00,Sun,05:00:00,0,0,0.0
GRA,3393,84884870,2026-08-02 05:30:00,Sun,05:30:00,0,0,0.0
GRA,3393,84884871,2026-08-02 06:00:00,Sun,06:00:00,0,0,0.0
GRA,3393,84884872,2026-08-02 06:30:00,Sun,06:30:00,0,0,0.0
GRA,3393,84884873,2026-08-02 07:00:00,Sun,07:00:00,0,0,0.0
GRA,3393,84884874,2026-08-02 07:30:00,Sun,07:30:00,0,0,0.0
GRA,3393,84884875,2026-08-02 08:00:00,Sun,08:00:00,0,0,0.0
GRA,3393,84884876,2026-08-02 08:30:00,Sun,08:30:00,1,0,1.0
GRA,3393,84884877,2026-08-02 09:00:00,Sun,09:00:00,2,0,2.0
GRA,3393,84884878,2026-08-02 09:30:00,Sun,09:30:00,3,0,2.0
GRA,3393,84884879,2026-08-02 10:00:00,Sun,10:00:00,3,0,3.0
GRA,3393,84884880,2026-08-02 10:30:00,Sun,10:30:00,4,0,4.0
GRA,3393,84884881,2026-08-02 11:00:00,Sun,11:00:00,4,0,4.0
GRA,3393,84884882,2026-08-02 11:30:00,Sun,11:30:00,4,0,4.0
GRA,3393,84884883,2026-08-02 12:00:00,Sun,12:00:00,5,0,5.0
GRA,3393,84884884,2026-08-02 12:30:00,Sun,12:30:00,8,0,8.0
GRA,3393,84884885,2026-08-02 13:00:00,Sun,13:00:00,13,0,14.0
GRA,3393,84884886,2026-08-02 13:30:00,Sun,13:30:00,19,1,21.0
GRA,3393,84884887,2026-08-02 14:00:00,Sun,14:00:00,24,0,27.0
GRA,3393,84884888,2026-08-02 14:30:00,Sun,14:30:00,26,0,28.0
GRA,3393,84884889,2026-08-02 15:00:00,Sun,15:00:00,22,0,25.0
GRA,3393,84884890,2026-08-02 15:30:00,Sun,15:30:00,16,0,18.0
GRA,3393,84884891,2026-08-02 16:00:00,Sun,16:00:00,12,-1,12.0
GRA,3393,84884892,2026-08-02 16:30:00,Sun,16:30:00,9,-1,10.0
GRA,3393,84884893,2026-08-02 17:00:00,Sun,17:00:00,8,-3,8.0
GRA,3393,84884894,2026-08-02 17:30:00,Sun,17:30:00,7,-1,8.0
GRA,3393,84884895,2026-08-02 18:00:00,Sun,18:00:00,7,0,7.0
GRA,3393,84884896,2026-08-02 18:30:00,Sun,18:30:00,8,0,8.0
GRA,3393,84884897,2026-08-02 19:00:00,Sun,19:00:00,9,0,9.0
GRA,3393,84884898,2026-08-02 19:30:00,Sun,19:30:00,11,1,11.0
GRA,3393,84884899,2026-08-02 20:00:00,Sun,20:00:00,15,1,16.0
GRA,3393,84884900,2026-08-02 20:30:00,Sun,20:30:00,22,0,25.0
GRA,3393,84884901,2026-08-02 21:00:00,Sun,21:00:00,29,1,32.0
GRA,3393,84884902,2026-08-02 21:30:00,Sun,21:30:00,32,1,35.0
GRA,3393,84884903,2026-08-02 22:00:00,Sun,22:00:00,29,1,32.0
GRA,3393,84884904,2026-08-02 22:30:00,Sun,22:30:00,22,0,24.0
GRA,3393,84884905,2026-08-02 23:00:00,Sun,23:00:00,15,0,16.0
GRA,3393,84884906,2026-08-02 23:30:00,Sun,23:30:00,9,0,9.0
NOM,3393,84666027,2026-07-27 00:00:00,Mon,00:00:00,1,1,0.0
NOM,3393,84666028,2026-07-27 00:30:00,Mon,00:30:00,0,0,0.0
NOM,3393,84666029,2026-07-27 01:00:00,Mon,01:00:00,0,0,0.0
NOM,3393,84666030,2026-07-27 01:30:00,Mon,01:30:00,0,0,0.0
NOM,3393,84700447,2026-07-27 02:00:00,Mon,02:00:00,0,0,0.0
NOM,3393,84700448,2026-07-27 02:30:00,Mon,02:30:00,0,0,0.0
NOM,3393,84700449,2026-07-27 03:00:00,Mon,03:00:00,0,0,0.0
NOM,3393,84700450,2026-07-27 03:30:00,Mon,03:30:00,0,0,0.0
NOM,3393,84700451,2026-07-27 04:00:00,Mon,04:00:00,0,0,0.0
NOM,3393,84700452,2026-07-27 04:30:00,Mon,04:30:00,0,0,0.0
NOM,3393,84700453,2026-07-27 05:00:00,Mon,05:00:00,0,0,0.0
NOM,3393,84700454,2026-07-27 05:30:00,Mon,05:30:00,0,0,0.0
NOM,3393,84700455,2026-07-27 06:00:00,Mon,06:00:00,0,0,0.0
NOM,3393,84700456,2026-07-27 06:30:00,Mon,06:30:00,0,0,0.0
NOM,3393,84700457,2026-07-27 07:00:00,Mon,07:00:00,0,0,0.0
NOM,3393,84700458,2026-07-27 07:30:00,Mon,07:30:00,0,0,0.0
NOM,3393,84700459,2026-07-27 08:00:00,Mon,08:00:00,1,0,0.0
NOM,3393,84700460,2026-07-27 08:30:00,Mon,08:30:00,2,0,1.0
NOM,3393,84700461,2026-07-27 09:00:00,Mon,09:00:00,3,0,3.0
NOM,3393,84700462,2026-07-27 09:30:00,Mon,09:30:00,5,0,4.0
NOM,3393,84700463,2026-07-27 10:00:00,Mon,10:00:00,6,0,6.0
NOM,3393,84700464,2026-07-27 10:30:00,Mon,10:30:00,7,0,6.0
NOM,3393,84700465,2026-07-27 11:00:00,Mon,11:00:00,7,0,7.0
NOM,3393,84700466,2026-07-27 11:30:00,Mon,11:30:00,7,0,7.0
NOM,3393,84700467,2026-07-27 12:00:00,Mon,12:00:00,8,0,7.0
NOM,3393,84700468,2026-07-27 12:30:00,Mon,12:30:00,9,0,8.0
NOM,3393,84700469,2026-07-27 13:00:00,Mon,13:00:00,11,1,10.0
NOM,3393,84700470,2026-07-27 13:30:00,Mon,13:30:00,13,0,12.0
NOM,3393,84700471,2026-07-27 14:00:00,Mon,14:00:00,14,0,13.0
NOM,3393,84700472,2026-07-27 14:30:00,Mon,14:30:00,14,0,13.0
NOM,3393,84700473,2026-07-27 15:00:00,Mon,15:00:00,14,0,13.0
NOM,3393,84700474,2026-07-27 15:30:00,Mon,15:30:00,12,0,11.0
NOM,3393,84700475,2026-07-27 16:00:00,Mon,16:00:00,9,0,9.0
NOM,3393,84700476,2026-07-27 16:30:00,Mon,16:30:00,8,0,7.0
NOM,3393,84700477,2026-07-27 17:00:00,Mon,17:00:00,7,-1,7.0
NOM,3393,84700478,2026-07-27 17:30:00,Mon,17:30:00,7,0,7.0
NOM,3393,84700479,2026-07-27 18:00:00,Mon,18:00:00,8,0,7.0
NOM,3393,84700480,2026-07-27 18:30:00,Mon,18:30:00,8,0,8.0
NOM,3393,84700481,2026-07-27 19:00:00,Mon,19:00:00,8,0,8.0
NOM,3393,84700482,2026-07-27 19:30:00,Mon,19:30:00,10,0,9.0
NOM,3393,84700483,2026-07-27 20:00:00,Mon,20:00:00,13,0,12.0
NOM,3393,84700484,2026-07-27 20:30:00,Mon,20:30:00,15,0,15.0
NOM,3393,84700485,2026-07-27 21:00:00,Mon,21:00:00,17,0,16.0
NOM,3393,84700486,2026-07-27 21:30:00,Mon,21:30:00,16,0,15.0
NOM,3393,84700487,2026-07-27 22:00:00,Mon,22:00:00,13,0,13.0
NOM,3393,84700488,2026-07-27 22:30:00,Mon,22:30:00,10,0,10.0
NOM,3393,84700489,2026-07-27 23:00:00,Mon,23:00:00,7,1,6.0
NOM,3393,84700490,2026-07-27 23:30:00,Mon,23:30:00,2,-1,2.0
NOM,3393,84700491,2026-07-28 00:00:00,Tue,00:00:00,0,0,0.0
NOM,3393,84700492,2026-07-28 00:30:00,Tue,00:30:00,0,0,0.0
NOM,3393,84700493,2026-07-28 01:00:00,Tue,01:00:00,0,0,0.0
NOM,3393,84700494,2026-07-28 01:30:00,Tue,01:30:00,0,0,0.0
NOM,3393,84732367,2026-07-28 02:00:00,Tue,02:00:00,0,0,0.0
NOM,3393,84732368,2026-07-28 02:30:00,Tue,02:30:00,0,0,0.0
NOM,3393,84732369,2026-07-28 03:00:00,Tue,03:00:00,0,0,0.0
NOM,3393,84732370,2026-07-28 03:30:00,Tue,03:30:00,0,0,0.0
NOM,3393,84732371,2026-07-28 04:00:00,Tue,04:00:00,0,0,0.0
NOM,3393,84732372,2026-07-28 04:30:00,Tue,04:30:00,0,0,0.0
NOM,3393,84732373,2026-07-28 05:00:00,Tue,05:00:00,0,0,0.0
NOM,3393,84732374,2026-07-28 05:30:00,Tue,05:30:00,0,0,0.0
NOM,3393,84732375,2026-07-28 06:00:00,Tue,06:00:00,0,0,0.0
NOM,3393,84732376,2026-07-28 06:30:00,Tue,06:30:00,0,0,0.0
NOM,3393,84732377,2026-07-28 07:00:00,Tue,07:00:00,0,0,0.0
NOM,3393,84732378,2026-07-28 07:30:00,Tue,07:30:00,0,0,0.0
NOM,3393,84732379,2026-07-28 08:00:00,Tue,08:00:00,1,0,0.0
NOM,3393,84732380,2026-07-28 08:30:00,Tue,08:30:00,2,0,1.0
NOM,3393,84732381,2026-07-28 09:00:00,Tue,09:00:00,3,0,2.0
NOM,3393,84732382,2026-07-28 09:30:00,Tue,09:30:00,4,0,4.0
NOM,3393,84732383,2026-07-28 10:00:00,Tue,10:00:00,6,0,5.0
NOM,3393,84732384,2026-07-28 10:30:00,Tue,10:30:00,7,0,6.0
NOM,3393,84732385,2026-07-28 11:00:00,Tue,11:00:00,7,0,7.0
NOM,3393,84732386,2026-07-28 11:30:00,Tue,11:30:00,8,0,7.0
NOM,3393,84732387,2026-07-28 12:00:00,Tue,12:00:00,8,0,7.0
NOM,3393,84732388,2026-07-28 12:30:00,Tue,12:30:00,9,0,9.0
NOM,3393,84732389,2026-07-28 13:00:00,Tue,13:00:00,11,0,11.0
NOM,3393,84732390,2026-07-28 13:30:00,Tue,13:30:00,13,0,12.0
NOM,3393,84732391,2026-07-28 14:00:00,Tue,14:00:00,13,0,12.0
NOM,3393,84732392,2026-07-28 14:30:00,Tue,14:30:00,13,0,12.0
NOM,3393,84732393,2026-07-28 15:00:00,Tue,15:00:00,12,0,11.0
NOM,3393,84732394,2026-07-28 15:30:00,Tue,15:30:00,10,0,10.0
NOM,3393,84732395,2026-07-28 16:00:00,Tue,16:00:00,9,1,8.0
NOM,3393,84732396,2026-07-28 16:30:00,Tue,16:30:00,8,1,7.0
NOM,3393,84732397,2026-07-28 17:00:00,Tue,17:00:00,7,0,7.0
NOM,3393,84732398,2026-07-28 17:30:00,Tue,17:30:00,7,0,7.0
NOM,3393,84732399,2026-07-28 18:00:00,Tue,18:00:00,7,0,7.0
NOM,3393,84732400,2026-07-28 18:30:00,Tue,18:30:00,8,0,7.0
NOM,3393,84732401,2026-07-28 19:00:00,Tue,19:00:00,9,0,8.0
NOM,3393,84732402,2026-07-28 19:30:00,Tue,19:30:00,11,0,10.0
NOM,3393,84732403,2026-07-28 20:00:00,Tue,20:00:00,14,0,14.0
NOM,3393,84732404,2026-07-28 20:30:00,Tue,20:30:00,17,0,16.0
NOM,3393,84732405,2026-07-28 21:00:00,Tue,21:00:00,18,0,17.0
NOM,3393,84732406,2026-07-28 21:30:00,Tue,21:30:00,17,0,16.0
NOM,3393,84732407,2026-07-28 22:00:00,Tue,22:00:00,14,0,14.0
NOM,3393,84732408,2026-07-28 22:30:00,Tue,22:30:00,11,0,10.0
NOM,3393,84732409,2026-07-28 23:00:00,Tue,23:00:00,6,0,6.0
NOM,3393,84732410,2026-07-28 23:30:00,Tue,23:30:00,2,0,2.0
NOM,3393,84732411,2026-07-29 00:00:00,Wed,00:00:00,0,0,0.0
NOM,3393,84732412,2026-07-29 00:30:00,Wed,00:30:00,0,0,0.0
NOM,3393,84732413,2026-07-29 01:00:00,Wed,01:00:00,0,0,0.0
NOM,3393,84732414,2026-07-29 01:30:00,Wed,01:30:00,0,0,0.0
NOM,3393,84763807,2026-07-29 02:00:00,Wed,02:00:00,0,0,0.0
NOM,3393,84763808,2026-07-29 02:30:00,Wed,02:30:00,0,0,0.0
NOM,3393,84763809,2026-07-29 03:00:00,Wed,03:00:00,0,0,0.0
NOM,3393,84763810,2026-07-29 03:30:00,Wed,03:30:00,0,0,0.0
NOM,3393,84763811,2026-07-29 04:00:00,Wed,04:00:00,0,0,0.0
NOM,3393,84763812,2026-07-29 04:30:00,Wed,04:30:00,0,0,0.0
NOM,3393,84763813,2026-07-29 05:00:00,Wed,05:00:00,0,0,0.0
NOM,3393,84763814,2026-07-29 05:30:00,Wed,05:30:00,0,0,0.0
NOM,3393,84763815,2026-07-29 06:00:00,Wed,06:00:00,0,0,0.0
NOM,3393,84763816,2026-07-29 06:30:00,Wed,06:30:00,0,0,0.0
NOM,3393,84763817,2026-07-29 07:00:00,Wed,07:00:00,0,0,0.0
NOM,3393,84763818,2026-07-29 07:30:00,Wed,07:30:00,0,0,0.0
NOM,3393,84763819,2026-07-29 08:00:00,Wed,08:00:00,1,0,0.0
NOM,3393,84763820,2026-07-29 08:30:00,Wed,08:30:00,2,0,1.0
NOM,3393,84763821,2026-07-29 09:00:00,Wed,09:00:00,3,0,3.0
NOM,3393,84763822,2026-07-29 09:30:00,Wed,09:30:00,5,-1,4.0
NOM,3393,84763823,2026-07-29 10:00:00,Wed,10:00:00,6,-1,6.0
NOM,3393,84763824,2026-07-29 10:30:00,Wed,10:30:00,7,-1,7.0
NOM,3393,84763825,2026-07-29 11:00:00,Wed,11:00:00,8,-1,7.0
NOM,3393,84763826,2026-07-29 11:30:00,Wed,11:30:00,8,-1,7.0
NOM,3393,84763827,2026-07-29 12:00:00,Wed,12:00:00,9,0,8.0
NOM,3393,84763828,2026-07-29 12:30:00,Wed,12:30:00,10,-1,10.0
NOM,3393,84763829,2026-07-29 13:00:00,Wed,13:00:00,12,-1,11.0
NOM,3393,84763830,2026-07-29 13:30:00,Wed,13:30:00,14,-1,13.0
NOM,3393,84763831,2026-07-29 14:00:00,Wed,14:00:00,15,-1,14.0
NOM,3393,84763832,2026-07-29 14:30:00,Wed,14:30:00,15,-1,15.0
NOM,3393,84763833,2026-07-29 15:00:00,Wed,15:00:00,15,0,14.0
NOM,3393,84763834,2026-07-29 15:30:00,Wed,15:30:00,13,-1,12.0
NOM,3393,84763835,2026-07-29 16:00:00,Wed,16:00:00,9,0,9.0
NOM,3393,84763836,2026-07-29 16:30:00,Wed,16:30:00,8,0,7.0
NOM,3393,84763837,2026-07-29 17:00:00,Wed,17:00:00,8,1,7.0
NOM,3393,84763838,2026-07-29 17:30:00,Wed,17:30:00,8,0,7.0
NOM,3393,84763839,2026-07-29 18:00:00,Wed,18:00:00,8,0,7.0
NOM,3393,84763840,2026-07-29 18:30:00,Wed,18:30:00,8,0,7.0
NOM,3393,84763841,2026-07-29 19:00:00,Wed,19:00:00,9,0,8.0
NOM,3393,84763842,2026-07-29 19:30:00,Wed,19:30:00,11,0,11.0
NOM,3393,84763843,2026-07-29 20:00:00,Wed,20:00:00,15,0,14.0
NOM,3393,84763844,2026-07-29 20:30:00,Wed,20:30:00,18,0,17.0
NOM,3393,84763845,2026-07-29 21:00:00,Wed,21:00:00,19,0,19.0
NOM,3393,84763846,2026-07-29 21:30:00,Wed,21:30:00,19,0,18.0
NOM,3393,84763847,2026-07-29 22:00:00,Wed,22:00:00,17,0,16.0
NOM,3393,84763848,2026-07-29 22:30:00,Wed,22:30:00,13,0,13.0
NOM,3393,84763849,2026-07-29 23:00:00,Wed,23:00:00,8,0,8.0
NOM,3393,84763850,2026-07-29 23:30:00,Wed,23:30:00,2,0,2.0
NOM,3393,84763851,2026-07-30 00:00:00,Thu,00:00:00,0,0,0.0
NOM,3393,84763852,2026-07-30 00:30:00,Thu,00:30:00,0,0,0.0
NOM,3393,84763853,2026-07-30 01:00:00,Thu,01:00:00,0,0,0.0
NOM,3393,84763854,2026-07-30 01:30:00,Thu,01:30:00,0,0,0.0
NOM,3393,84796447,2026-07-30 02:00:00,Thu,02:00:00,0,0,0.0
NOM,3393,84796448,2026-07-30 02:30:00,Thu,02:30:00,0,0,0.0
NOM,3393,84796449,2026-07-30 03:00:00,Thu,03:00:00,0,0,0.0
NOM,3393,84796450,2026-07-30 03:30:00,Thu,03:30:00,0,0,0.0
NOM,3393,84796451,2026-07-30 04:00:00,Thu,04:00:00,0,0,0.0
NOM,3393,84796452,2026-07-30 04:30:00,Thu,04:30:00,0,0,0.0
NOM,3393,84796453,2026-07-30 05:00:00,Thu,05:00:00,0,0,0.0
NOM,3393,84796454,2026-07-30 05:30:00,Thu,05:30:00,0,0,0.0
NOM,3393,84796455,2026-07-30 06:00:00,Thu,06:00:00,0,0,0.0
NOM,3393,84796456,2026-07-30 06:30:00,Thu,06:30:00,0,0,0.0
NOM,3393,84796457,2026-07-30 07:00:00,Thu,07:00:00,0,0,0.0
NOM,3393,84796458,2026-07-30 07:30:00,Thu,07:30:00,0,0,0.0
NOM,3393,84796459,2026-07-30 08:00:00,Thu,08:00:00,1,0,0.0
NOM,3393,84796460,2026-07-30 08:30:00,Thu,08:30:00,2,0,2.0
NOM,3393,84796461,2026-07-30 09:00:00,Thu,09:00:00,4,0,3.0
NOM,3393,84796462,2026-07-30 09:30:00,Thu,09:30:00,5,0,5.0
NOM,3393,84796463,2026-07-30 10:00:00,Thu,10:00:00,6,0,6.0
NOM,3393,84796464,2026-07-30 10:30:00,Thu,10:30:00,7,0,6.0
NOM,3393,84796465,2026-07-30 11:00:00,Thu,11:00:00,7,0,7.0
NOM,3393,84796466,2026-07-30 11:30:00,Thu,11:30:00,8,0,7.0
NOM,3393,84796467,2026-07-30 12:00:00,Thu,12:00:00,8,0,8.0
NOM,3393,84796468,2026-07-30 12:30:00,Thu,12:30:00,10,0,10.0
NOM,3393,84796469,2026-07-30 13:00:00,Thu,13:00:00,13,0,13.0
NOM,3393,84796470,2026-07-30 13:30:00,Thu,13:30:00,15,0,15.0
NOM,3393,84796471,2026-07-30 14:00:00,Thu,14:00:00,15,-1,15.0
NOM,3393,84796472,2026-07-30 14:30:00,Thu,14:30:00,15,-1,14.0
NOM,3393,84796473,2026-07-30 15:00:00,Thu,15:00:00,14,-1,13.0
NOM,3393,84796474,2026-07-30 15:30:00,Thu,15:30:00,12,0,12.0
NOM,3393,84796475,2026-07-30 16:00:00,Thu,16:00:00,10,0,9.0
NOM,3393,84796476,2026-07-30 16:30:00,Thu,16:30:00,8,0,7.0
NOM,3393,84796477,2026-07-30 17:00:00,Thu,17:00:00,7,0,7.0
NOM,3393,84796478,2026-07-30 17:30:00,Thu,17:30:00,7,0,7.0
NOM,3393,84796479,2026-07-30 18:00:00,Thu,18:00:00,8,0,7.0
NOM,3393,84796480,2026-07-30 18:30:00,Thu,18:30:00,8,0,8.0
NOM,3393,84796481,2026-07-30 19:00:00,Thu,19:00:00,9,-1,9.0
NOM,3393,84796482,2026-07-30 19:30:00,Thu,19:30:00,12,0,11.0
NOM,3393,84796483,2026-07-30 20:00:00,Thu,20:00:00,15,0,15.0
NOM,3393,84796484,2026-07-30 20:30:00,Thu,20:30:00,18,0,18.0
NOM,3393,84796485,2026-07-30 21:00:00,Thu,21:00:00,20,0,19.0
NOM,3393,84796486,2026-07-30 21:30:00,Thu,21:30:00,20,0,19.0
NOM,3393,84796487,2026-07-30 22:00:00,Thu,22:00:00,18,0,17.0
NOM,3393,84796488,2026-07-30 22:30:00,Thu,22:30:00,15,0,14.0
NOM,3393,84796489,2026-07-30 23:00:00,Thu,23:00:00,9,0,9.0
NOM,3393,84796490,2026-07-30 23:30:00,Thu,23:30:00,3,0,3.0
NOM,3393,84796491,2026-07-31 00:00:00,Fri,00:00:00,0,0,0.0
NOM,3393,84796492,2026-07-31 00:30:00,Fri,00:30:00,0,0,0.0
NOM,3393,84796493,2026-07-31 01:00:00,Fri,01:00:00,0,0,0.0
NOM,3393,84796494,2026-07-31 01:30:00,Fri,01:30:00,0,0,0.0
NOM,3393,84828991,2026-07-31 02:00:00,Fri,02:00:00,0,0,0.0
NOM,3393,84828992,2026-07-31 02:30:00,Fri,02:30:00,0,0,0.0
NOM,3393,84828993,2026-07-31 03:00:00,Fri,03:00:00,0,0,0.0
NOM,3393,84828994,2026-07-31 03:30:00,Fri,03:30:00,0,0,0.0
NOM,3393,84828995,2026-07-31 04:00:00,Fri,04:00:00,0,0,0.0
NOM,3393,84828996,2026-07-31 04:30:00,Fri,04:30:00,0,0,0.0
NOM,3393,84828997,2026-07-31 05:00:00,Fri,05:00:00,0,0,0.0
NOM,3393,84828998,2026-07-31 05:30:00,Fri,05:30:00,0,0,0.0
NOM,3393,84828999,2026-07-31 06:00:00,Fri,06:00:00,0,0,0.0
NOM,3393,84829000,2026-07-31 06:30:00,Fri,06:30:00,0,0,0.0
NOM,3393,84829001,2026-07-31 07:00:00,Fri,07:00:00,0,0,0.0
NOM,3393,84829002,2026-07-31 07:30:00,Fri,07:30:00,0,0,0.0
NOM,3393,84829003,2026-07-31 08:00:00,Fri,08:00:00,0,0,0.0
NOM,3393,84829004,2026-07-31 08:30:00,Fri,08:30:00,2,0,2.0
NOM,3393,84829005,2026-07-31 09:00:00,Fri,09:00:00,4,0,3.0
NOM,3393,84829006,2026-07-31 09:30:00,Fri,09:30:00,5,0,5.0
NOM,3393,84829007,2026-07-31 10:00:00,Fri,10:00:00,6,0,6.0
NOM,3393,84829008,2026-07-31 10:30:00,Fri,10:30:00,7,0,6.0
NOM,3393,84829009,2026-07-31 11:00:00,Fri,11:00:00,7,0,7.0
NOM,3393,84829010,2026-07-31 11:30:00,Fri,11:30:00,8,0,7.0
NOM,3393,84829011,2026-07-31 12:00:00,Fri,12:00:00,9,0,8.0
NOM,3393,84829012,2026-07-31 12:30:00,Fri,12:30:00,11,0,10.0
NOM,3393,84829013,2026-07-31 13:00:00,Fri,13:00:00,14,0,13.0
NOM,3393,84829014,2026-07-31 13:30:00,Fri,13:30:00,17,0,17.0
NOM,3393,84829015,2026-07-31 14:00:00,Fri,14:00:00,19,0,19.0
NOM,3393,84829016,2026-07-31 14:30:00,Fri,14:30:00,19,0,18.0
NOM,3393,84829017,2026-07-31 15:00:00,Fri,15:00:00,16,-1,16.0
NOM,3393,84829018,2026-07-31 15:30:00,Fri,15:30:00,13,-1,13.0
NOM,3393,84829019,2026-07-31 16:00:00,Fri,16:00:00,11,0,10.0
NOM,3393,84829020,2026-07-31 16:30:00,Fri,16:30:00,9,0,8.0
NOM,3393,84829021,2026-07-31 17:00:00,Fri,17:00:00,8,0,8.0
NOM,3393,84829022,2026-07-31 17:30:00,Fri,17:30:00,8,0,8.0
NOM,3393,84829023,2026-07-31 18:00:00,Fri,18:00:00,9,0,8.0
NOM,3393,84829024,2026-07-31 18:30:00,Fri,18:30:00,9,0,9.0
NOM,3393,84829025,2026-07-31 19:00:00,Fri,19:00:00,10,0,10.0
NOM,3393,84829026,2026-07-31 19:30:00,Fri,19:30:00,13,0,13.0
NOM,3393,84829027,2026-07-31 20:00:00,Fri,20:00:00,19,0,18.0
NOM,3393,84829028,2026-07-31 20:30:00,Fri,20:30:00,25,0,24.0
NOM,3393,84829029,2026-07-31 21:00:00,Fri,21:00:00,30,0,29.0
NOM,3393,84829030,2026-07-31 21:30:00,Fri,21:30:00,31,0,31.0
NOM,3393,84829031,2026-07-31 22:00:00,Fri,22:00:00,27,0,26.0
NOM,3393,84829032,2026-07-31 22:30:00,Fri,22:30:00,20,0,19.0
NOM,3393,84829033,2026-07-31 23:00:00,Fri,23:00:00,12,0,11.0
NOM,3393,84829034,2026-07-31 23:30:00,Fri,23:30:00,5,0,5.0
NOM,3393,84829035,2026-08-01 00:00:00,Sat,00:00:00,1,0,0.0
NOM,3393,84829036,2026-08-01 00:30:00,Sat,00:30:00,0,0,0.0
NOM,3393,84829037,2026-08-01 01:00:00,Sat,01:00:00,0,0,0.0
NOM,3393,84829038,2026-08-01 01:30:00,Sat,01:30:00,0,0,0.0
NOM,3393,84856015,2026-08-01 02:00:00,Sat,02:00:00,0,0,0.0
NOM,3393,84856016,2026-08-01 02:30:00,Sat,02:30:00,0,0,0.0
NOM,3393,84856017,2026-08-01 03:00:00,Sat,03:00:00,0,0,0.0
NOM,3393,84856018,2026-08-01 03:30:00,Sat,03:30:00,0,0,0.0
NOM,3393,84856019,2026-08-01 04:00:00,Sat,04:00:00,0,0,0.0
NOM,3393,84856020,2026-08-01 04:30:00,Sat,04:30:00,0,0,0.0
NOM,3393,84856021,2026-08-01 05:00:00,Sat,05:00:00,0,0,0.0
NOM,3393,84856022,2026-08-01 05:30:00,Sat,05:30:00,0,0,0.0
NOM,3393,84856023,2026-08-01 06:00:00,Sat,06:00:00,0,0,0.0
NOM,3393,84856024,2026-08-01 06:30:00,Sat,06:30:00,0,0,0.0
NOM,3393,84856025,2026-08-01 07:00:00,Sat,07:00:00,0,0,0.0
NOM,3393,84856026,2026-08-01 07:30:00,Sat,07:30:00,0,0,0.0
NOM,3393,84856027,2026-08-01 08:00:00,Sat,08:00:00,0,0,0.0
NOM,3393,84856028,2026-08-01 08:30:00,Sat,08:30:00,2,0,2.0
NOM,3393,84856029,2026-08-01 09:00:00,Sat,09:00:00,4,0,3.0
NOM,3393,84856030,2026-08-01 09:30:00,Sat,09:30:00,5,0,4.0
NOM,3393,84856031,2026-08-01 10:00:00,Sat,10:00:00,6,0,5.0
NOM,3393,84856032,2026-08-01 10:30:00,Sat,10:30:00,7,0,6.0
NOM,3393,84856033,2026-08-01 11:00:00,Sat,11:00:00,7,0,7.0
NOM,3393,84856034,2026-08-01 11:30:00,Sat,11:30:00,8,0,7.0
NOM,3393,84856035,2026-08-01 12:00:00,Sat,12:00:00,8,0,8.0
NOM,3393,84856036,2026-08-01 12:30:00,Sat,12:30:00,10,0,9.0
NOM,3393,84856037,2026-08-01 13:00:00,Sat,13:00:00,13,0,12.0
NOM,3393,84856038,2026-08-01 13:30:00,Sat,13:30:00,16,0,15.0
NOM,3393,84856039,2026-08-01 14:00:00,Sat,14:00:00,18,1,17.0
NOM,3393,84856040,2026-08-01 14:30:00,Sat,14:30:00,18,1,17.0
NOM,3393,84856041,2026-08-01 15:00:00,Sat,15:00:00,15,0,15.0
NOM,3393,84856042,2026-08-01 15:30:00,Sat,15:30:00,13,0,12.0
NOM,3393,84856043,2026-08-01 16:00:00,Sat,16:00:00,10,0,10.0
NOM,3393,84856044,2026-08-01 16:30:00,Sat,16:30:00,9,-1,8.0
NOM,3393,84856045,2026-08-01 17:00:00,Sat,17:00:00,8,-1,8.0
NOM,3393,84856046,2026-08-01 17:30:00,Sat,17:30:00,8,-1,7.0
NOM,3393,84856047,2026-08-01 18:00:00,Sat,18:00:00,8,0,8.0
NOM,3393,84856048,2026-08-01 18:30:00,Sat,18:30:00,8,-1,8.0
NOM,3393,84856049,2026-08-01 19:00:00,Sat,19:00:00,9,0,8.0
NOM,3393,84856050,2026-08-01 19:30:00,Sat,19:30:00,11,1,11.0
NOM,3393,84856051,2026-08-01 20:00:00,Sat,20:00:00,17,0,16.0
NOM,3393,84856052,2026-08-01 20:30:00,Sat,20:30:00,23,0,22.0
NOM,3393,84856053,2026-08-01 21:00:00,Sat,21:00:00,27,0,26.0
NOM,3393,84856054,2026-08-01 21:30:00,Sat,21:30:00,26,0,25.0
NOM,3393,84856055,2026-08-01 22:00:00,Sat,22:00:00,22,0,22.0
NOM,3393,84856056,2026-08-01 22:30:00,Sat,22:30:00,18,0,17.0
NOM,3393,84856057,2026-08-01 23:00:00,Sat,23:00:00,12,-2,12.0
NOM,3393,84856058,2026-08-01 23:30:00,Sat,23:30:00,6,0,6.0
NOM,3393,84856059,2026-08-02 00:00:00,Sun,00:00:00,1,0,1.0
NOM,3393,84856060,2026-08-02 00:30:00,Sun,00:30:00,1,0,0.0
NOM,3393,84856061,2026-08-02 01:00:00,Sun,01:00:00,0,0,0.0
NOM,3393,84856062,2026-08-02 01:30:00,Sun,01:30:00,0,0,0.0
NOM,3393,84895471,2026-08-02 02:00:00,Sun,02:00:00,0,0,0.0
NOM,3393,84895472,2026-08-02 02:30:00,Sun,02:30:00,0,0,0.0
NOM,3393,84895473,2026-08-02 03:00:00,Sun,03:00:00,0,0,0.0
NOM,3393,84895474,2026-08-02 03:30:00,Sun,03:30:00,0,0,0.0
NOM,3393,84895475,2026-08-02 04:00:00,Sun,04:00:00,0,0,0.0
NOM,3393,84895476,2026-08-02 04:30:00,Sun,04:30:00,0,0,0.0
NOM,3393,84895477,2026-08-02 05:00:00,Sun,05:00:00,0,0,0.0
NOM,3393,84895478,2026-08-02 05:30:00,Sun,05:30:00,0,0,0.0
NOM,3393,84895479,2026-08-02 06:00:00,Sun,06:00:00,0,0,0.0
NOM,3393,84895480,2026-08-02 06:30:00,Sun,06:30:00,0,0,0.0
NOM,3393,84895481,2026-08-02 07:00:00,Sun,07:00:00,0,0,0.0
NOM,3393,84895482,2026-08-02 07:30:00,Sun,07:30:00,0,0,0.0
NOM,3393,84895483,2026-08-02 08:00:00,Sun,08:00:00,0,0,0.0
NOM,3393,84895484,2026-08-02 08:30:00,Sun,08:30:00,2,0,2.0
NOM,3393,84895485,2026-08-02 09:00:00,Sun,09:00:00,4,0,3.0
NOM,3393,84895486,2026-08-02 09:30:00,Sun,09:30:00,5,0,5.0
NOM,3393,84895487,2026-08-02 10:00:00,Sun,10:00:00,6,0,6.0
NOM,3393,84895488,2026-08-02 10:30:00,Sun,10:30:00,7,0,7.0
NOM,3393,84895489,2026-08-02 11:00:00,Sun,11:00:00,8,0,7.0
NOM,3393,84895490,2026-08-02 11:30:00,Sun,11:30:00,9,0,8.0
NOM,3393,84895491,2026-08-02 12:00:00,Sun,12:00:00,10,0,9.0
NOM,3393,84895492,2026-08-02 12:30:00,Sun,12:30:00,11,0,11.0
NOM,3393,84895493,2026-08-02 13:00:00,Sun,13:00:00,14,0,14.0
NOM,3393,84895494,2026-08-02 13:30:00,Sun,13:30:00,19,0,18.0
NOM,3393,84895495,2026-08-02 14:00:00,Sun,14:00:00,21,-2,20.0
NOM,3393,84895496,2026-08-02 14:30:00,Sun,14:30:00,21,-1,20.0
NOM,3393,84895497,2026-08-02 15:00:00,Sun,15:00:00,18,0,17.0
NOM,3393,84895498,2026-08-02 15:30:00,Sun,15:30:00,15,0,15.0
NOM,3393,84895499,2026-08-02 16:00:00,Sun,16:00:00,13,0,12.0
NOM,3393,84895500,2026-08-02 16:30:00,Sun,16:30:00,11,0,11.0
NOM,3393,84895501,2026-08-02 17:00:00,Sun,17:00:00,10,0,9.0
NOM,3393,84895502,2026-08-02 17:30:00,Sun,17:30:00,10,0,9.0
NOM,3393,84895503,2026-08-02 18:00:00,Sun,18:00:00,10,0,9.0
NOM,3393,84895504,2026-08-02 18:30:00,Sun,18:30:00,11,0,10.0
NOM,3393,84895505,2026-08-02 19:00:00,Sun,19:00:00,12,0,11.0
NOM,3393,84895506,2026-08-02 19:30:00,Sun,19:30:00,14,0,13.0
NOM,3393,84895507,2026-08-02 20:00:00,Sun,20:00:00,18,1,17.0
NOM,3393,84895508,2026-08-02 20:30:00,Sun,20:30:00,23,0,22.0
NOM,3393,84895509,2026-08-02 21:00:00,Sun,21:00:00,25,-1,24.0
NOM,3393,84895510,2026-08-02 21:30:00,Sun,21:30:00,24,-1,23.0
NOM,3393,84895511,2026-08-02 22:00:00,Sun,22:00:00,19,-2,19.0
NOM,3393,84895512,2026-08-02 22:30:00,Sun,22:30:00,14,-2,14.0
NOM,3393,84895513,2026-08-02 23:00:00,Sun,23:00:00,9,-2,8.0
NOM,3393,84895514,2026-08-02 23:30:00,Sun,23:30:00,3,-1,2.0
SAB,3393,84655707,2026-07-27 00:00:00,Mon,00:00:00,0,0,0.0
SAB,3393,84655708,2026-07-27 00:30:00,Mon,00:30:00,0,0,0.0
SAB,3393,84655709,2026-07-27 01:00:00,Mon,01:00:00,0,0,0.0
SAB,3393,84655710,2026-07-27 01:30:00,Mon,01:30:00,0,0,0.0
SAB,3393,84688543,2026-07-27 02:00:00,Mon,02:00:00,0,0,0.0
SAB,3393,84688544,2026-07-27 02:30:00,Mon,02:30:00,0,0,0.0
SAB,3393,84688545,2026-07-27 03:00:00,Mon,03:00:00,0,0,0.0
SAB,3393,84688546,2026-07-27 03:30:00,Mon,03:30:00,0,0,0.0
SAB,3393,84688547,2026-07-27 04:00:00,Mon,04:00:00,0,0,0.0
SAB,3393,84688548,2026-07-27 04:30:00,Mon,04:30:00,0,0,0.0
SAB,3393,84688549,2026-07-27 05:00:00,Mon,05:00:00,0,0,0.0
SAB,3393,84688550,2026-07-27 05:30:00,Mon,05:30:00,0,0,0.0
SAB,3393,84688551,2026-07-27 06:00:00,Mon,06:00:00,0,0,0.0
SAB,3393,84688552,2026-07-27 06:30:00,Mon,06:30:00,0,0,0.0
SAB,3393,84688553,2026-07-27 07:00:00,Mon,07:00:00,0,0,0.0
SAB,3393,84688554,2026-07-27 07:30:00,Mon,07:30:00,0,0,0.0
SAB,3393,84688555,2026-07-27 08:00:00,Mon,08:00:00,0,0,0.0
SAB,3393,84688556,2026-07-27 08:30:00,Mon,08:30:00,0,0,0.0
SAB,3393,84688557,2026-07-27 09:00:00,Mon,09:00:00,0,0,0.0
SAB,3393,84688558,2026-07-27 09:30:00,Mon,09:30:00,0,0,0.0
SAB,3393,84688559,2026-07-27 10:00:00,Mon,10:00:00,0,0,0.0
SAB,3393,84688560,2026-07-27 10:30:00,Mon,10:30:00,0,0,0.0
SAB,3393,84688561,2026-07-27 11:00:00,Mon,11:00:00,0,0,0.0
SAB,3393,84688562,2026-07-27 11:30:00,Mon,11:30:00,0,0,0.0
SAB,3393,84688563,2026-07-27 12:00:00,Mon,12:00:00,3,-3,3.0
SAB,3393,84688564,2026-07-27 12:30:00,Mon,12:30:00,5,-1,4.0
SAB,3393,84688565,2026-07-27 13:00:00,Mon,13:00:00,7,-1,6.0
SAB,3393,84688566,2026-07-27 13:30:00,Mon,13:30:00,8,-1,7.0
SAB,3393,84688567,2026-07-27 14:00:00,Mon,14:00:00,8,1,7.0
SAB,3393,84688568,2026-07-27 14:30:00,Mon,14:30:00,8,1,7.0
SAB,3393,84688569,2026-07-27 15:00:00,Mon,15:00:00,7,1,6.0
SAB,3393,84688570,2026-07-27 15:30:00,Mon,15:30:00,5,-1,4.0
SAB,3393,84688571,2026-07-27 16:00:00,Mon,16:00:00,3,-3,3.0
SAB,3393,84688572,2026-07-27 16:30:00,Mon,16:30:00,3,-3,3.0
SAB,3393,84688573,2026-07-27 17:00:00,Mon,17:00:00,3,-3,3.0
SAB,3393,84688574,2026-07-27 17:30:00,Mon,17:30:00,3,-5,3.0
SAB,3393,84688575,2026-07-27 18:00:00,Mon,18:00:00,3,-3,3.0
SAB,3393,84688576,2026-07-27 18:30:00,Mon,18:30:00,3,-4,3.0
SAB,3393,84688577,2026-07-27 19:00:00,Mon,19:00:00,5,-3,4.0
SAB,3393,84688578,2026-07-27 19:30:00,Mon,19:30:00,7,-1,6.0
SAB,3393,84688579,2026-07-27 20:00:00,Mon,20:00:00,12,0,11.0
SAB,3393,84688580,2026-07-27 20:30:00,Mon,20:30:00,13,1,12.0
SAB,3393,84688581,2026-07-27 21:00:00,Mon,21:00:00,13,3,12.0
SAB,3393,84688582,2026-07-27 21:30:00,Mon,21:30:00,12,4,11.0
SAB,3393,84688583,2026-07-27 22:00:00,Mon,22:00:00,9,3,8.0
SAB,3393,84688584,2026-07-27 22:30:00,Mon,22:30:00,7,2,6.0
SAB,3393,84688585,2026-07-27 23:00:00,Mon,23:00:00,5,2,4.0
SAB,3393,84688586,2026-07-27 23:30:00,Mon,23:30:00,3,0,3.0
SAB,3393,84688587,2026-07-28 00:00:00,Tue,00:00:00,0,0,0.0
SAB,3393,84688588,2026-07-28 00:30:00,Tue,00:30:00,0,0,0.0
SAB,3393,84688589,2026-07-28 01:00:00,Tue,01:00:00,0,0,0.0
SAB,3393,84688590,2026-07-28 01:30:00,Tue,01:30:00,0,0,0.0
SAB,3393,84725023,2026-07-28 02:00:00,Tue,02:00:00,0,0,0.0
SAB,3393,84725024,2026-07-28 02:30:00,Tue,02:30:00,0,0,0.0
SAB,3393,84725025,2026-07-28 03:00:00,Tue,03:00:00,0,0,0.0
SAB,3393,84725026,2026-07-28 03:30:00,Tue,03:30:00,0,0,0.0
SAB,3393,84725027,2026-07-28 04:00:00,Tue,04:00:00,0,0,0.0
SAB,3393,84725028,2026-07-28 04:30:00,Tue,04:30:00,0,0,0.0
SAB,3393,84725029,2026-07-28 05:00:00,Tue,05:00:00,0,0,0.0
SAB,3393,84725030,2026-07-28 05:30:00,Tue,05:30:00,0,0,0.0
SAB,3393,84725031,2026-07-28 06:00:00,Tue,06:00:00,0,0,0.0
SAB,3393,84725032,2026-07-28 06:30:00,Tue,06:30:00,0,0,0.0
SAB,3393,84725033,2026-07-28 07:00:00,Tue,07:00:00,0,0,0.0
SAB,3393,84725034,2026-07-28 07:30:00,Tue,07:30:00,0,0,0.0
SAB,3393,84725035,2026-07-28 08:00:00,Tue,08:00:00,0,0,0.0
SAB,3393,84725036,2026-07-28 08:30:00,Tue,08:30:00,0,0,0.0
SAB,3393,84725037,2026-07-28 09:00:00,Tue,09:00:00,0,0,0.0
SAB,3393,84725038,2026-07-28 09:30:00,Tue,09:30:00,0,0,0.0
SAB,3393,84725039,2026-07-28 10:00:00,Tue,10:00:00,0,0,0.0
SAB,3393,84725040,2026-07-28 10:30:00,Tue,10:30:00,0,0,0.0
SAB,3393,84725041,2026-07-28 11:00:00,Tue,11:00:00,0,0,0.0
SAB,3393,84725042,2026-07-28 11:30:00,Tue,11:30:00,0,0,0.0
SAB,3393,84725043,2026-07-28 12:00:00,Tue,12:00:00,3,-1,3.0
SAB,3393,84725044,2026-07-28 12:30:00,Tue,12:30:00,5,0,4.0
SAB,3393,84725045,2026-07-28 13:00:00,Tue,13:00:00,6,-1,5.0
SAB,3393,84725046,2026-07-28 13:30:00,Tue,13:30:00,7,0,6.0
SAB,3393,84725047,2026-07-28 14:00:00,Tue,14:00:00,7,1,6.0
SAB,3393,84725048,2026-07-28 14:30:00,Tue,14:30:00,7,1,6.0
SAB,3393,84725049,2026-07-28 15:00:00,Tue,15:00:00,7,3,6.0
SAB,3393,84725050,2026-07-28 15:30:00,Tue,15:30:00,5,1,4.0
SAB,3393,84725051,2026-07-28 16:00:00,Tue,16:00:00,3,-1,3.0
SAB,3393,84725052,2026-07-28 16:30:00,Tue,16:30:00,3,-1,3.0
SAB,3393,84725053,2026-07-28 17:00:00,Tue,17:00:00,3,-1,3.0
SAB,3393,84725054,2026-07-28 17:30:00,Tue,17:30:00,3,-3,3.0
SAB,3393,84725055,2026-07-28 18:00:00,Tue,18:00:00,3,-3,3.0
SAB,3393,84725056,2026-07-28 18:30:00,Tue,18:30:00,3,-3,3.0
SAB,3393,84725057,2026-07-28 19:00:00,Tue,19:00:00,5,-2,4.0
SAB,3393,84725058,2026-07-28 19:30:00,Tue,19:30:00,8,1,7.0
SAB,3393,84725059,2026-07-28 20:00:00,Tue,20:00:00,12,2,11.0
SAB,3393,84725060,2026-07-28 20:30:00,Tue,20:30:00,14,3,13.0
SAB,3393,84725061,2026-07-28 21:00:00,Tue,21:00:00,16,5,15.0
SAB,3393,84725062,2026-07-28 21:30:00,Tue,21:30:00,14,6,13.0
SAB,3393,84725063,2026-07-28 22:00:00,Tue,22:00:00,10,5,9.0
SAB,3393,84725064,2026-07-28 22:30:00,Tue,22:30:00,7,3,6.0
SAB,3393,84725065,2026-07-28 23:00:00,Tue,23:00:00,5,2,4.0
SAB,3393,84725066,2026-07-28 23:30:00,Tue,23:30:00,3,0,3.0
SAB,3393,84725067,2026-07-29 00:00:00,Wed,00:00:00,0,0,0.0
SAB,3393,84725068,2026-07-29 00:30:00,Wed,00:30:00,0,0,0.0
SAB,3393,84725069,2026-07-29 01:00:00,Wed,01:00:00,0,0,0.0
SAB,3393,84725070,2026-07-29 01:30:00,Wed,01:30:00,0,0,0.0
SAB,3393,84760927,2026-07-29 02:00:00,Wed,02:00:00,0,0,0.0
SAB,3393,84760928,2026-07-29 02:30:00,Wed,02:30:00,0,0,0.0
SAB,3393,84760929,2026-07-29 03:00:00,Wed,03:00:00,0,0,0.0
SAB,3393,84760930,2026-07-29 03:30:00,Wed,03:30:00,0,0,0.0
SAB,3393,84760931,2026-07-29 04:00:00,Wed,04:00:00,0,0,0.0
SAB,3393,84760932,2026-07-29 04:30:00,Wed,04:30:00,0,0,0.0
SAB,3393,84760933,2026-07-29 05:00:00,Wed,05:00:00,0,0,0.0
SAB,3393,84760934,2026-07-29 05:30:00,Wed,05:30:00,0,0,0.0
SAB,3393,84760935,2026-07-29 06:00:00,Wed,06:00:00,0,0,0.0
SAB,3393,84760936,2026-07-29 06:30:00,Wed,06:30:00,0,0,0.0
SAB,3393,84760937,2026-07-29 07:00:00,Wed,07:00:00,0,0,0.0
SAB,3393,84760938,2026-07-29 07:30:00,Wed,07:30:00,0,0,0.0
SAB,3393,84760939,2026-07-29 08:00:00,Wed,08:00:00,0,0,0.0
SAB,3393,84760940,2026-07-29 08:30:00,Wed,08:30:00,0,0,0.0
SAB,3393,84760941,2026-07-29 09:00:00,Wed,09:00:00,0,0,0.0
SAB,3393,84760942,2026-07-29 09:30:00,Wed,09:30:00,0,0,0.0
SAB,3393,84760943,2026-07-29 10:00:00,Wed,10:00:00,0,0,0.0
SAB,3393,84760944,2026-07-29 10:30:00,Wed,10:30:00,0,0,0.0
SAB,3393,84760945,2026-07-29 11:00:00,Wed,11:00:00,0,0,0.0
SAB,3393,84760946,2026-07-29 11:30:00,Wed,11:30:00,0,0,0.0
SAB,3393,84760947,2026-07-29 12:00:00,Wed,12:00:00,3,-3,3.0
SAB,3393,84760948,2026-07-29 12:30:00,Wed,12:30:00,5,-1,4.0
SAB,3393,84760949,2026-07-29 13:00:00,Wed,13:00:00,7,-4,6.0
SAB,3393,84760950,2026-07-29 13:30:00,Wed,13:30:00,8,0,7.0
SAB,3393,84760951,2026-07-29 14:00:00,Wed,14:00:00,8,0,7.0
SAB,3393,84760952,2026-07-29 14:30:00,Wed,14:30:00,7,1,6.0
SAB,3393,84760953,2026-07-29 15:00:00,Wed,15:00:00,6,0,5.0
SAB,3393,84760954,2026-07-29 15:30:00,Wed,15:30:00,5,-1,4.0
SAB,3393,84760955,2026-07-29 16:00:00,Wed,16:00:00,3,-3,3.0
SAB,3393,84760956,2026-07-29 16:30:00,Wed,16:30:00,3,-3,3.0
SAB,3393,84760957,2026-07-29 17:00:00,Wed,17:00:00,3,-3,3.0
SAB,3393,84760958,2026-07-29 17:30:00,Wed,17:30:00,3,-5,3.0
SAB,3393,84760959,2026-07-29 18:00:00,Wed,18:00:00,3,-3,3.0
SAB,3393,84760960,2026-07-29 18:30:00,Wed,18:30:00,3,-4,3.0
SAB,3393,84760961,2026-07-29 19:00:00,Wed,19:00:00,5,-3,4.0
SAB,3393,84760962,2026-07-29 19:30:00,Wed,19:30:00,8,-2,7.0
SAB,3393,84760963,2026-07-29 20:00:00,Wed,20:00:00,13,-1,12.0
SAB,3393,84760964,2026-07-29 20:30:00,Wed,20:30:00,17,2,16.0
SAB,3393,84760965,2026-07-29 21:00:00,Wed,21:00:00,20,7,18.0
SAB,3393,84760966,2026-07-29 21:30:00,Wed,21:30:00,17,7,16.0
SAB,3393,84760967,2026-07-29 22:00:00,Wed,22:00:00,13,6,12.0
SAB,3393,84760968,2026-07-29 22:30:00,Wed,22:30:00,8,3,7.0
SAB,3393,84760969,2026-07-29 23:00:00,Wed,23:00:00,5,2,4.0
SAB,3393,84760970,2026-07-29 23:30:00,Wed,23:30:00,3,0,3.0
SAB,3393,84760971,2026-07-30 00:00:00,Thu,00:00:00,0,0,0.0
SAB,3393,84760972,2026-07-30 00:30:00,Thu,00:30:00,0,0,0.0
SAB,3393,84760973,2026-07-30 01:00:00,Thu,01:00:00,0,0,0.0
SAB,3393,84760974,2026-07-30 01:30:00,Thu,01:30:00,0,0,0.0
SAB,3393,84786463,2026-07-30 02:00:00,Thu,02:00:00,0,0,0.0
SAB,3393,84786464,2026-07-30 02:30:00,Thu,02:30:00,0,0,0.0
SAB,3393,84786465,2026-07-30 03:00:00,Thu,03:00:00,0,0,0.0
SAB,3393,84786466,2026-07-30 03:30:00,Thu,03:30:00,0,0,0.0
SAB,3393,84786467,2026-07-30 04:00:00,Thu,04:00:00,0,0,0.0
SAB,3393,84786468,2026-07-30 04:30:00,Thu,04:30:00,0,0,0.0
SAB,3393,84786469,2026-07-30 05:00:00,Thu,05:00:00,0,0,0.0
SAB,3393,84786470,2026-07-30 05:30:00,Thu,05:30:00,0,0,0.0
SAB,3393,84786471,2026-07-30 06:00:00,Thu,06:00:00,0,0,0.0
SAB,3393,84786472,2026-07-30 06:30:00,Thu,06:30:00,0,0,0.0
SAB,3393,84786473,2026-07-30 07:00:00,Thu,07:00:00,0,0,0.0
SAB,3393,84786474,2026-07-30 07:30:00,Thu,07:30:00,0,0,0.0
SAB,3393,84786475,2026-07-30 08:00:00,Thu,08:00:00,0,0,0.0
SAB,3393,84786476,2026-07-30 08:30:00,Thu,08:30:00,0,0,0.0
SAB,3393,84786477,2026-07-30 09:00:00,Thu,09:00:00,0,0,0.0
SAB,3393,84786478,2026-07-30 09:30:00,Thu,09:30:00,0,0,0.0
SAB,3393,84786479,2026-07-30 10:00:00,Thu,10:00:00,0,0,0.0
SAB,3393,84786480,2026-07-30 10:30:00,Thu,10:30:00,0,0,0.0
SAB,3393,84786481,2026-07-30 11:00:00,Thu,11:00:00,0,0,0.0
SAB,3393,84786482,2026-07-30 11:30:00,Thu,11:30:00,0,0,0.0
SAB,3393,84786483,2026-07-30 12:00:00,Thu,12:00:00,3,-2,3.0
SAB,3393,84786484,2026-07-30 12:30:00,Thu,12:30:00,5,0,4.0
SAB,3393,84786485,2026-07-30 13:00:00,Thu,13:00:00,6,-2,5.0
SAB,3393,84786486,2026-07-30 13:30:00,Thu,13:30:00,8,0,7.0
SAB,3393,84786487,2026-07-30 14:00:00,Thu,14:00:00,9,3,8.0
SAB,3393,84786488,2026-07-30 14:30:00,Thu,14:30:00,8,2,7.0
SAB,3393,84786489,2026-07-30 15:00:00,Thu,15:00:00,6,1,5.0
SAB,3393,84786490,2026-07-30 15:30:00,Thu,15:30:00,5,0,4.0
SAB,3393,84786491,2026-07-30 16:00:00,Thu,16:00:00,3,-2,3.0
SAB,3393,84786492,2026-07-30 16:30:00,Thu,16:30:00,3,-2,3.0
SAB,3393,84786493,2026-07-30 17:00:00,Thu,17:00:00,3,-2,3.0
SAB,3393,84786494,2026-07-30 17:30:00,Thu,17:30:00,3,-2,3.0
SAB,3393,84786495,2026-07-30 18:00:00,Thu,18:00:00,3,-2,3.0
SAB,3393,84786496,2026-07-30 18:30:00,Thu,18:30:00,3,-3,3.0
SAB,3393,84786497,2026-07-30 19:00:00,Thu,19:00:00,5,-2,4.0
SAB,3393,84786498,2026-07-30 19:30:00,Thu,19:30:00,8,-2,7.0
SAB,3393,84786499,2026-07-30 20:00:00,Thu,20:00:00,13,-1,12.0
SAB,3393,84786500,2026-07-30 20:30:00,Thu,20:30:00,17,0,16.0
SAB,3393,84786501,2026-07-30 21:00:00,Thu,21:00:00,20,6,18.0
SAB,3393,84786502,2026-07-30 21:30:00,Thu,21:30:00,17,7,16.0
SAB,3393,84786503,2026-07-30 22:00:00,Thu,22:00:00,12,6,11.0
SAB,3393,84786504,2026-07-30 22:30:00,Thu,22:30:00,7,3,6.0
SAB,3393,84786505,2026-07-30 23:00:00,Thu,23:00:00,5,2,4.0
SAB,3393,84786506,2026-07-30 23:30:00,Thu,23:30:00,3,0,3.0
SAB,3393,84786507,2026-07-31 00:00:00,Fri,00:00:00,0,0,0.0
SAB,3393,84786508,2026-07-31 00:30:00,Fri,00:30:00,0,0,0.0
SAB,3393,84786509,2026-07-31 01:00:00,Fri,01:00:00,0,0,0.0
SAB,3393,84786510,2026-07-31 01:30:00,Fri,01:30:00,0,0,0.0
SAB,3393,84817999,2026-07-31 02:00:00,Fri,02:00:00,0,0,0.0
SAB,3393,84818000,2026-07-31 02:30:00,Fri,02:30:00,0,0,0.0
SAB,3393,84818001,2026-07-31 03:00:00,Fri,03:00:00,0,0,0.0
SAB,3393,84818002,2026-07-31 03:30:00,Fri,03:30:00,0,0,0.0
SAB,3393,84818003,2026-07-31 04:00:00,Fri,04:00:00,0,0,0.0
SAB,3393,84818004,2026-07-31 04:30:00,Fri,04:30:00,0,0,0.0
SAB,3393,84818005,2026-07-31 05:00:00,Fri,05:00:00,0,0,0.0
SAB,3393,84818006,2026-07-31 05:30:00,Fri,05:30:00,0,0,0.0
SAB,3393,84818007,2026-07-31 06:00:00,Fri,06:00:00,0,0,0.0
SAB,3393,84818008,2026-07-31 06:30:00,Fri,06:30:00,0,0,0.0
SAB,3393,84818009,2026-07-31 07:00:00,Fri,07:00:00,0,0,0.0
SAB,3393,84818010,2026-07-31 07:30:00,Fri,07:30:00,0,0,0.0
SAB,3393,84818011,2026-07-31 08:00:00,Fri,08:00:00,0,0,0.0
SAB,3393,84818012,2026-07-31 08:30:00,Fri,08:30:00,0,0,0.0
SAB,3393,84818013,2026-07-31 09:00:00,Fri,09:00:00,0,0,0.0
SAB,3393,84818014,2026-07-31 09:30:00,Fri,09:30:00,0,0,0.0
SAB,3393,84818015,2026-07-31 10:00:00,Fri,10:00:00,0,0,0.0
SAB,3393,84818016,2026-07-31 10:30:00,Fri,10:30:00,0,0,0.0
SAB,3393,84818017,2026-07-31 11:00:00,Fri,11:00:00,0,0,0.0
SAB,3393,84818018,2026-07-31 11:30:00,Fri,11:30:00,0,0,0.0
SAB,3393,84818019,2026-07-31 12:00:00,Fri,12:00:00,3,0,3.0
SAB,3393,84818020,2026-07-31 12:30:00,Fri,12:30:00,5,0,4.0
SAB,3393,84818021,2026-07-31 13:00:00,Fri,13:00:00,7,-1,6.0
SAB,3393,84818022,2026-07-31 13:30:00,Fri,13:30:00,9,0,8.0
SAB,3393,84818023,2026-07-31 14:00:00,Fri,14:00:00,12,1,11.0
SAB,3393,84818024,2026-07-31 14:30:00,Fri,14:30:00,9,0,8.0
SAB,3393,84818025,2026-07-31 15:00:00,Fri,15:00:00,7,1,6.0
SAB,3393,84818026,2026-07-31 15:30:00,Fri,15:30:00,6,0,5.0
SAB,3393,84818027,2026-07-31 16:00:00,Fri,16:00:00,5,-1,4.0
SAB,3393,84818028,2026-07-31 16:30:00,Fri,16:30:00,3,-3,3.0
SAB,3393,84818029,2026-07-31 17:00:00,Fri,17:00:00,3,-3,3.0
SAB,3393,84818030,2026-07-31 17:30:00,Fri,17:30:00,3,-3,3.0
SAB,3393,84818031,2026-07-31 18:00:00,Fri,18:00:00,5,-3,4.0
SAB,3393,84818032,2026-07-31 18:30:00,Fri,18:30:00,5,-3,4.0
SAB,3393,84818033,2026-07-31 19:00:00,Fri,19:00:00,7,-8,6.0
SAB,3393,84818034,2026-07-31 19:30:00,Fri,19:30:00,13,-5,12.0
SAB,3393,84818035,2026-07-31 20:00:00,Fri,20:00:00,21,1,19.0
SAB,3393,84818036,2026-07-31 20:30:00,Fri,20:30:00,29,4,27.0
SAB,3393,84818037,2026-07-31 21:00:00,Fri,21:00:00,32,10,30.0
SAB,3393,84818038,2026-07-31 21:30:00,Fri,21:30:00,30,8,28.0
SAB,3393,84818039,2026-07-31 22:00:00,Fri,22:00:00,24,2,23.0
SAB,3393,84818040,2026-07-31 22:30:00,Fri,22:30:00,17,1,16.0
SAB,3393,84818041,2026-07-31 23:00:00,Fri,23:00:00,9,3,8.0
SAB,3393,84818042,2026-07-31 23:30:00,Fri,23:30:00,3,0,3.0
SAB,3393,84818043,2026-08-01 00:00:00,Sat,00:00:00,0,0,0.0
SAB,3393,84818044,2026-08-01 00:30:00,Sat,00:30:00,0,0,0.0
SAB,3393,84818045,2026-08-01 01:00:00,Sat,01:00:00,0,0,0.0
SAB,3393,84818046,2026-08-01 01:30:00,Sat,01:30:00,0,0,0.0
SAB,3393,84862303,2026-08-01 02:00:00,Sat,02:00:00,0,0,0.0
SAB,3393,84862304,2026-08-01 02:30:00,Sat,02:30:00,0,0,0.0
SAB,3393,84862305,2026-08-01 03:00:00,Sat,03:00:00,0,0,0.0
SAB,3393,84862306,2026-08-01 03:30:00,Sat,03:30:00,0,0,0.0
SAB,3393,84862307,2026-08-01 04:00:00,Sat,04:00:00,0,0,0.0
SAB,3393,84862308,2026-08-01 04:30:00,Sat,04:30:00,0,0,0.0
SAB,3393,84862309,2026-08-01 05:00:00,Sat,05:00:00,0,0,0.0
SAB,3393,84862310,2026-08-01 05:30:00,Sat,05:30:00,0,0,0.0
SAB,3393,84862311,2026-08-01 06:00:00,Sat,06:00:00,0,0,0.0
SAB,3393,84862312,2026-08-01 06:30:00,Sat,06:30:00,0,0,0.0
SAB,3393,84862313,2026-08-01 07:00:00,Sat,07:00:00,0,0,0.0
SAB,3393,84862314,2026-08-01 07:30:00,Sat,07:30:00,0,0,0.0
SAB,3393,84862315,2026-08-01 08:00:00,Sat,08:00:00,0,0,0.0
SAB,3393,84862316,2026-08-01 08:30:00,Sat,08:30:00,0,0,0.0
SAB,3393,84862317,2026-08-01 09:00:00,Sat,09:00:00,0,0,0.0
SAB,3393,84862318,2026-08-01 09:30:00,Sat,09:30:00,0,0,0.0
SAB,3393,84862319,2026-08-01 10:00:00,Sat,10:00:00,0,0,0.0
SAB,3393,84862320,2026-08-01 10:30:00,Sat,10:30:00,0,0,0.0
SAB,3393,84862321,2026-08-01 11:00:00,Sat,11:00:00,0,0,0.0
SAB,3393,84862322,2026-08-01 11:30:00,Sat,11:30:00,0,0,0.0
SAB,3393,84862323,2026-08-01 12:00:00,Sat,12:00:00,3,-8,3.0
SAB,3393,84862324,2026-08-01 12:30:00,Sat,12:30:00,7,-6,6.0
SAB,3393,84862325,2026-08-01 13:00:00,Sat,13:00:00,12,-4,11.0
SAB,3393,84862326,2026-08-01 13:30:00,Sat,13:30:00,14,-5,13.0
SAB,3393,84862327,2026-08-01 14:00:00,Sat,14:00:00,14,-2,13.0
SAB,3393,84862328,2026-08-01 14:30:00,Sat,14:30:00,13,2,12.0
SAB,3393,84862329,2026-08-01 15:00:00,Sat,15:00:00,10,4,9.0
SAB,3393,84862330,2026-08-01 15:30:00,Sat,15:30:00,7,1,6.0
SAB,3393,84862331,2026-08-01 16:00:00,Sat,16:00:00,5,-1,4.0
SAB,3393,84862332,2026-08-01 16:30:00,Sat,16:30:00,5,-1,4.0
SAB,3393,84862333,2026-08-01 17:00:00,Sat,17:00:00,3,-3,3.0
SAB,3393,84862334,2026-08-01 17:30:00,Sat,17:30:00,3,-3,3.0
SAB,3393,84862335,2026-08-01 18:00:00,Sat,18:00:00,3,-5,3.0
SAB,3393,84862336,2026-08-01 18:30:00,Sat,18:30:00,5,-3,4.0
SAB,3393,84862337,2026-08-01 19:00:00,Sat,19:00:00,7,-8,6.0
SAB,3393,84862338,2026-08-01 19:30:00,Sat,19:30:00,12,-6,11.0
SAB,3393,84862339,2026-08-01 20:00:00,Sat,20:00:00,21,1,19.0
SAB,3393,84862340,2026-08-01 20:30:00,Sat,20:30:00,30,5,28.0
SAB,3393,84862341,2026-08-01 21:00:00,Sat,21:00:00,35,13,33.0
SAB,3393,84862342,2026-08-01 21:30:00,Sat,21:30:00,32,10,30.0
SAB,3393,84862343,2026-08-01 22:00:00,Sat,22:00:00,25,3,24.0
SAB,3393,84862344,2026-08-01 22:30:00,Sat,22:30:00,17,1,16.0
SAB,3393,84862345,2026-08-01 23:00:00,Sat,23:00:00,9,3,8.0
SAB,3393,84862346,2026-08-01 23:30:00,Sat,23:30:00,3,0,3.0
SAB,3393,84862347,2026-08-02 00:00:00,Sun,00:00:00,0,0,0.0
SAB,3393,84862348,2026-08-02 00:30:00,Sun,00:30:00,0,0,0.0
SAB,3393,84862349,2026-08-02 01:00:00,Sun,01:00:00,0,0,0.0
SAB,3393,84862350,2026-08-02 01:30:00,Sun,01:30:00,0,0,0.0
SAB,3393,84890959,2026-08-02 02:00:00,Sun,02:00:00,0,0,0.0
SAB,3393,84890960,2026-08-02 02:30:00,Sun,02:30:00,0,0,0.0
SAB,3393,84890961,2026-08-02 03:00:00,Sun,03:00:00,0,0,0.0
SAB,3393,84890962,2026-08-02 03:30:00,Sun,03:30:00,0,0,0.0
SAB,3393,84890963,2026-08-02 04:00:00,Sun,04:00:00,0,0,0.0
SAB,3393,84890964,2026-08-02 04:30:00,Sun,04:30:00,0,0,0.0
SAB,3393,84890965,2026-08-02 05:00:00,Sun,05:00:00,0,0,0.0
SAB,3393,84890966,2026-08-02 05:30:00,Sun,05:30:00,0,0,0.0
SAB,3393,84890967,2026-08-02 06:00:00,Sun,06:00:00,0,0,0.0
SAB,3393,84890968,2026-08-02 06:30:00,Sun,06:30:00,0,0,0.0
SAB,3393,84890969,2026-08-02 07:00:00,Sun,07:00:00,0,0,0.0
SAB,3393,84890970,2026-08-02 07:30:00,Sun,07:30:00,0,0,0.0
SAB,3393,84890971,2026-08-02 08:00:00,Sun,08:00:00,0,0,0.0
SAB,3393,84890972,2026-08-02 08:30:00,Sun,08:30:00,0,0,0.0
SAB,3393,84890973,2026-08-02 09:00:00,Sun,09:00:00,0,0,0.0
SAB,3393,84890974,2026-08-02 09:30:00,Sun,09:30:00,0,0,0.0
SAB,3393,84890975,2026-08-02 10:00:00,Sun,10:00:00,0,0,0.0
SAB,3393,84890976,2026-08-02 10:30:00,Sun,10:30:00,0,0,0.0
SAB,3393,84890977,2026-08-02 11:00:00,Sun,11:00:00,0,0,0.0
SAB,3393,84890978,2026-08-02 11:30:00,Sun,11:30:00,0,0,0.0
SAB,3393,84890979,2026-08-02 12:00:00,Sun,12:00:00,3,-8,3.0
SAB,3393,84890980,2026-08-02 12:30:00,Sun,12:30:00,8,-5,7.0
SAB,3393,84890981,2026-08-02 13:00:00,Sun,13:00:00,13,-3,12.0
SAB,3393,84890982,2026-08-02 13:30:00,Sun,13:30:00,16,-3,15.0
SAB,3393,84890983,2026-08-02 14:00:00,Sun,14:00:00,16,0,15.0
SAB,3393,84890984,2026-08-02 14:30:00,Sun,14:30:00,14,3,13.0
SAB,3393,84890985,2026-08-02 15:00:00,Sun,15:00:00,12,4,11.0
SAB,3393,84890986,2026-08-02 15:30:00,Sun,15:30:00,8,1,7.0
SAB,3393,84890987,2026-08-02 16:00:00,Sun,16:00:00,7,0,6.0
SAB,3393,84890988,2026-08-02 16:30:00,Sun,16:30:00,6,-1,5.0
SAB,3393,84890989,2026-08-02 17:00:00,Sun,17:00:00,5,-2,4.0
SAB,3393,84890990,2026-08-02 17:30:00,Sun,17:30:00,5,-2,4.0
SAB,3393,84890991,2026-08-02 18:00:00,Sun,18:00:00,6,-1,5.0
SAB,3393,84890992,2026-08-02 18:30:00,Sun,18:30:00,7,-2,6.0
SAB,3393,84890993,2026-08-02 19:00:00,Sun,19:00:00,9,-6,8.0
SAB,3393,84890994,2026-08-02 19:30:00,Sun,19:30:00,16,-2,15.0
SAB,3393,84890995,2026-08-02 20:00:00,Sun,20:00:00,25,5,24.0
SAB,3393,84890996,2026-08-02 20:30:00,Sun,20:30:00,32,7,30.0
SAB,3393,84890997,2026-08-02 21:00:00,Sun,21:00:00,32,10,30.0
SAB,3393,84890998,2026-08-02 21:30:00,Sun,21:30:00,29,7,27.0
SAB,3393,84890999,2026-08-02 22:00:00,Sun,22:00:00,22,0,20.0
SAB,3393,84891000,2026-08-02 22:30:00,Sun,22:30:00,14,-2,13.0
SAB,3393,84891001,2026-08-02 23:00:00,Sun,23:00:00,8,2,7.0
SAB,3393,84891002,2026-08-02 23:30:00,Sun,23:30:00,3,0,3.0
ALC,3393,84891195,2026-08-03 00:00:00,Mon,00:00:00,2,0,3.0
ALC,3393,84891196,2026-08-03 00:30:00,Mon,00:30:00,2,2,2.0
ALC,3393,84891197,2026-08-03 01:00:00,Mon,01:00:00,0,0,0.0
ALC,3393,84891198,2026-08-03 01:30:00,Mon,01:30:00,0,0,0.0
ALC,3393,84915199,2026-08-03 02:00:00,Mon,02:00:00,0,0,0.0
ALC,3393,84915200,2026-08-03 02:30:00,Mon,02:30:00,0,0,0.0
ALC,3393,84915201,2026-08-03 03:00:00,Mon,03:00:00,0,0,0.0
ALC,3393,84915202,2026-08-03 03:30:00,Mon,03:30:00,0,0,0.0
ALC,3393,84915203,2026-08-03 04:00:00,Mon,04:00:00,0,0,0.0
ALC,3393,84915204,2026-08-03 04:30:00,Mon,04:30:00,0,0,0.0
ALC,3393,84915205,2026-08-03 05:00:00,Mon,05:00:00,0,0,0.0
ALC,3393,84915206,2026-08-03 05:30:00,Mon,05:30:00,0,0,0.0
ALC,3393,84915207,2026-08-03 06:00:00,Mon,06:00:00,0,0,0.0
ALC,3393,84915208,2026-08-03 06:30:00,Mon,06:30:00,0,0,0.0
ALC,3393,84915209,2026-08-03 07:00:00,Mon,07:00:00,0,0,0.0
ALC,3393,84915210,2026-08-03 07:30:00,Mon,07:30:00,0,0,0.0
ALC,3393,84915211,2026-08-03 08:00:00,Mon,08:00:00,1,1,0.0
ALC,3393,84915212,2026-08-03 08:30:00,Mon,08:30:00,1,1,1.0
ALC,3393,84915213,2026-08-03 09:00:00,Mon,09:00:00,2,2,3.0
ALC,3393,84915214,2026-08-03 09:30:00,Mon,09:30:00,4,4,4.0
ALC,3393,84915215,2026-08-03 10:00:00,Mon,10:00:00,5,5,6.0
ALC,3393,84915216,2026-08-03 10:30:00,Mon,10:30:00,6,6,7.0
ALC,3393,84915217,2026-08-03 11:00:00,Mon,11:00:00,7,7,8.0
ALC,3393,84915218,2026-08-03 11:30:00,Mon,11:30:00,7,7,9.0
ALC,3393,84915219,2026-08-03 12:00:00,Mon,12:00:00,8,8,10.0
ALC,3393,84915220,2026-08-03 12:30:00,Mon,12:30:00,9,9,12.0
ALC,3393,84915221,2026-08-03 13:00:00,Mon,13:00:00,11,11,15.0
ALC,3393,84915222,2026-08-03 13:30:00,Mon,13:30:00,14,14,18.0
ALC,3393,84915223,2026-08-03 14:00:00,Mon,14:00:00,16,16,21.0
ALC,3393,84915224,2026-08-03 14:30:00,Mon,14:30:00,17,17,22.0
ALC,3393,84915225,2026-08-03 15:00:00,Mon,15:00:00,17,17,23.0
ALC,3393,84915226,2026-08-03 15:30:00,Mon,15:30:00,16,16,21.0
ALC,3393,84915227,2026-08-03 16:00:00,Mon,16:00:00,14,14,18.0
ALC,3393,84915228,2026-08-03 16:30:00,Mon,16:30:00,10,10,13.0
ALC,3393,84915229,2026-08-03 17:00:00,Mon,17:00:00,8,8,11.0
ALC,3393,84915230,2026-08-03 17:30:00,Mon,17:30:00,8,8,11.0
ALC,3393,84915231,2026-08-03 18:00:00,Mon,18:00:00,9,9,11.0
ALC,3393,84915232,2026-08-03 18:30:00,Mon,18:30:00,9,9,11.0
ALC,3393,84915233,2026-08-03 19:00:00,Mon,19:00:00,9,9,12.0
ALC,3393,84915234,2026-08-03 19:30:00,Mon,19:30:00,12,12,15.0
ALC,3393,84915235,2026-08-03 20:00:00,Mon,20:00:00,16,16,20.0
ALC,3393,84915236,2026-08-03 20:30:00,Mon,20:30:00,21,21,27.0
ALC,3393,84915237,2026-08-03 21:00:00,Mon,21:00:00,25,25,33.0
ALC,3393,84915238,2026-08-03 21:30:00,Mon,21:30:00,27,27,36.0
ALC,3393,84915239,2026-08-03 22:00:00,Mon,22:00:00,27,27,35.0
ALC,3393,84915240,2026-08-03 22:30:00,Mon,22:30:00,23,23,31.0
ALC,3393,84915241,2026-08-03 23:00:00,Mon,23:00:00,18,18,23.0
ALC,3393,84915242,2026-08-03 23:30:00,Mon,23:30:00,10,10,13.0
ALC,3393,84915243,2026-08-04 00:00:00,Tue,00:00:00,2,2,2.0
ALC,3393,84915244,2026-08-04 00:30:00,Tue,00:30:00,1,1,1.0
ALC,3393,84915245,2026-08-04 01:00:00,Tue,01:00:00,0,0,0.0
ALC,3393,84915246,2026-08-04 01:30:00,Tue,01:30:00,0,0,0.0
ALC,3393,84948799,2026-08-04 02:00:00,Tue,02:00:00,0,0,0.0
ALC,3393,84948800,2026-08-04 02:30:00,Tue,02:30:00,0,0,0.0
ALC,3393,84948801,2026-08-04 03:00:00,Tue,03:00:00,0,0,0.0
ALC,3393,84948802,2026-08-04 03:30:00,Tue,03:30:00,0,0,0.0
ALC,3393,84948803,2026-08-04 04:00:00,Tue,04:00:00,0,0,0.0
ALC,3393,84948804,2026-08-04 04:30:00,Tue,04:30:00,0,0,0.0
ALC,3393,84948805,2026-08-04 05:00:00,Tue,05:00:00,0,0,0.0
ALC,3393,84948806,2026-08-04 05:30:00,Tue,05:30:00,0,0,0.0
ALC,3393,84948807,2026-08-04 06:00:00,Tue,06:00:00,0,0,0.0
ALC,3393,84948808,2026-08-04 06:30:00,Tue,06:30:00,0,0,0.0
ALC,3393,84948809,2026-08-04 07:00:00,Tue,07:00:00,0,0,0.0
ALC,3393,84948810,2026-08-04 07:30:00,Tue,07:30:00,0,0,0.0
ALC,3393,84948811,2026-08-04 08:00:00,Tue,08:00:00,0,0,0.0
ALC,3393,84948812,2026-08-04 08:30:00,Tue,08:30:00,1,1,1.0
ALC,3393,84948813,2026-08-04 09:00:00,Tue,09:00:00,2,2,2.0
ALC,3393,84948814,2026-08-04 09:30:00,Tue,09:30:00,3,3,3.0
ALC,3393,84948815,2026-08-04 10:00:00,Tue,10:00:00,4,4,5.0
ALC,3393,84948816,2026-08-04 10:30:00,Tue,10:30:00,5,5,6.0
ALC,3393,84948817,2026-08-04 11:00:00,Tue,11:00:00,5,5,7.0
ALC,3393,84948818,2026-08-04 11:30:00,Tue,11:30:00,6,6,8.0
ALC,3393,84948819,2026-08-04 12:00:00,Tue,12:00:00,7,7,9.0
ALC,3393,84948820,2026-08-04 12:30:00,Tue,12:30:00,9,9,11.0
ALC,3393,84948821,2026-08-04 13:00:00,Tue,13:00:00,11,11,14.0
ALC,3393,84948822,2026-08-04 13:30:00,Tue,13:30:00,13,13,17.0
ALC,3393,84948823,2026-08-04 14:00:00,Tue,14:00:00,16,16,20.0
ALC,3393,84948824,2026-08-04 14:30:00,Tue,14:30:00,17,17,22.0
ALC,3393,84948825,2026-08-04 15:00:00,Tue,15:00:00,16,16,22.0
ALC,3393,84948826,2026-08-04 15:30:00,Tue,15:30:00,14,14,19.0
ALC,3393,84948827,2026-08-04 16:00:00,Tue,16:00:00,11,11,15.0
ALC,3393,84948828,2026-08-04 16:30:00,Tue,16:30:00,9,9,12.0
ALC,3393,84948829,2026-08-04 17:00:00,Tue,17:00:00,8,8,10.0
ALC,3393,84948830,2026-08-04 17:30:00,Tue,17:30:00,8,8,10.0
ALC,3393,84948831,2026-08-04 18:00:00,Tue,18:00:00,8,8,11.0
ALC,3393,84948832,2026-08-04 18:30:00,Tue,18:30:00,8,8,10.0
ALC,3393,84948833,2026-08-04 19:00:00,Tue,19:00:00,9,9,11.0
ALC,3393,84948834,2026-08-04 19:30:00,Tue,19:30:00,11,11,14.0
ALC,3393,84948835,2026-08-04 20:00:00,Tue,20:00:00,16,16,21.0
ALC,3393,84948836,2026-08-04 20:30:00,Tue,20:30:00,21,21,28.0
ALC,3393,84948837,2026-08-04 21:00:00,Tue,21:00:00,25,25,33.0
ALC,3393,84948838,2026-08-04 21:30:00,Tue,21:30:00,27,27,35.0
ALC,3393,84948839,2026-08-04 22:00:00,Tue,22:00:00,26,26,34.0
ALC,3393,84948840,2026-08-04 22:30:00,Tue,22:30:00,22,22,29.0
ALC,3393,84948841,2026-08-04 23:00:00,Tue,23:00:00,16,16,22.0
ALC,3393,84948842,2026-08-04 23:30:00,Tue,23:30:00,9,9,11.0
ALC,3393,84948843,2026-08-05 00:00:00,Wed,00:00:00,2,2,2.0
ALC,3393,84948844,2026-08-05 00:30:00,Wed,00:30:00,1,1,1.0
ALC,3393,84948845,2026-08-05 01:00:00,Wed,01:00:00,0,0,0.0
ALC,3393,84948846,2026-08-05 01:30:00,Wed,01:30:00,0,0,0.0
ALC,3393,84981583,2026-08-05 02:00:00,Wed,02:00:00,0,0,0.0
ALC,3393,84981584,2026-08-05 02:30:00,Wed,02:30:00,0,0,0.0
ALC,3393,84981585,2026-08-05 03:00:00,Wed,03:00:00,0,0,0.0
ALC,3393,84981586,2026-08-05 03:30:00,Wed,03:30:00,0,0,0.0
ALC,3393,84981587,2026-08-05 04:00:00,Wed,04:00:00,0,0,0.0
ALC,3393,84981588,2026-08-05 04:30:00,Wed,04:30:00,0,0,0.0
ALC,3393,84981589,2026-08-05 05:00:00,Wed,05:00:00,0,0,0.0
ALC,3393,84981590,2026-08-05 05:30:00,Wed,05:30:00,0,0,0.0
ALC,3393,84981591,2026-08-05 06:00:00,Wed,06:00:00,0,0,0.0
ALC,3393,84981592,2026-08-05 06:30:00,Wed,06:30:00,0,0,0.0
ALC,3393,84981593,2026-08-05 07:00:00,Wed,07:00:00,0,0,0.0
ALC,3393,84981594,2026-08-05 07:30:00,Wed,07:30:00,0,0,0.0
ALC,3393,84981595,2026-08-05 08:00:00,Wed,08:00:00,0,0,0.0
ALC,3393,84981596,2026-08-05 08:30:00,Wed,08:30:00,1,1,1.0
ALC,3393,84981597,2026-08-05 09:00:00,Wed,09:00:00,2,2,3.0
ALC,3393,84981598,2026-08-05 09:30:00,Wed,09:30:00,3,3,4.0
ALC,3393,84981599,2026-08-05 10:00:00,Wed,10:00:00,4,4,5.0
ALC,3393,84981600,2026-08-05 10:30:00,Wed,10:30:00,5,5,6.0
ALC,3393,84981601,2026-08-05 11:00:00,Wed,11:00:00,5,5,7.0
ALC,3393,84981602,2026-08-05 11:30:00,Wed,11:30:00,6,6,8.0
ALC,3393,84981603,2026-08-05 12:00:00,Wed,12:00:00,7,7,9.0
ALC,3393,84981604,2026-08-05 12:30:00,Wed,12:30:00,9,9,12.0
ALC,3393,84981605,2026-08-05 13:00:00,Wed,13:00:00,11,11,15.0
ALC,3393,84981606,2026-08-05 13:30:00,Wed,13:30:00,14,14,19.0
ALC,3393,84981607,2026-08-05 14:00:00,Wed,14:00:00,17,17,22.0
ALC,3393,84981608,2026-08-05 14:30:00,Wed,14:30:00,18,18,24.0
ALC,3393,84981609,2026-08-05 15:00:00,Wed,15:00:00,18,18,23.0
ALC,3393,84981610,2026-08-05 15:30:00,Wed,15:30:00,15,15,20.0
ALC,3393,84981611,2026-08-05 16:00:00,Wed,16:00:00,12,12,16.0
ALC,3393,84981612,2026-08-05 16:30:00,Wed,16:30:00,9,9,12.0
ALC,3393,84981613,2026-08-05 17:00:00,Wed,17:00:00,8,8,10.0
ALC,3393,84981614,2026-08-05 17:30:00,Wed,17:30:00,8,8,11.0
ALC,3393,84981615,2026-08-05 18:00:00,Wed,18:00:00,9,9,12.0
ALC,3393,84981616,2026-08-05 18:30:00,Wed,18:30:00,9,9,12.0
ALC,3393,84981617,2026-08-05 19:00:00,Wed,19:00:00,10,10,13.0
ALC,3393,84981618,2026-08-05 19:30:00,Wed,19:30:00,12,12,16.0
ALC,3393,84981619,2026-08-05 20:00:00,Wed,20:00:00,17,17,23.0
ALC,3393,84981620,2026-08-05 20:30:00,Wed,20:30:00,23,23,31.0
ALC,3393,84981621,2026-08-05 21:00:00,Wed,21:00:00,28,28,37.0
ALC,3393,84981622,2026-08-05 21:30:00,Wed,21:30:00,30,30,40.0
ALC,3393,84981623,2026-08-05 22:00:00,Wed,22:00:00,28,28,37.0
ALC,3393,84981624,2026-08-05 22:30:00,Wed,22:30:00,24,24,31.0
ALC,3393,84981625,2026-08-05 23:00:00,Wed,23:00:00,18,18,24.0
ALC,3393,84981626,2026-08-05 23:30:00,Wed,23:30:00,12,12,16.0
ALC,3393,84981627,2026-08-06 00:00:00,Thu,00:00:00,3,3,4.0
ALC,3393,84981628,2026-08-06 00:30:00,Thu,00:30:00,2,2,2.0
ALC,3393,84981629,2026-08-06 01:00:00,Thu,01:00:00,0,0,0.0
ALC,3393,84981630,2026-08-06 01:30:00,Thu,01:30:00,0,0,0.0
ALC,3393,85021087,2026-08-06 02:00:00,Thu,02:00:00,0,0,0.0
ALC,3393,85021088,2026-08-06 02:30:00,Thu,02:30:00,0,0,0.0
ALC,3393,85021089,2026-08-06 03:00:00,Thu,03:00:00,0,0,0.0
ALC,3393,85021090,2026-08-06 03:30:00,Thu,03:30:00,0,0,0.0
ALC,3393,85021091,2026-08-06 04:00:00,Thu,04:00:00,0,0,0.0
ALC,3393,85021092,2026-08-06 04:30:00,Thu,04:30:00,0,0,0.0
ALC,3393,85021093,2026-08-06 05:00:00,Thu,05:00:00,0,0,0.0
ALC,3393,85021094,2026-08-06 05:30:00,Thu,05:30:00,0,0,0.0
ALC,3393,85021095,2026-08-06 06:00:00,Thu,06:00:00,0,0,0.0
ALC,3393,85021096,2026-08-06 06:30:00,Thu,06:30:00,0,0,0.0
ALC,3393,85021097,2026-08-06 07:00:00,Thu,07:00:00,0,0,0.0
ALC,3393,85021098,2026-08-06 07:30:00,Thu,07:30:00,0,0,0.0
ALC,3393,85021099,2026-08-06 08:00:00,Thu,08:00:00,0,0,0.0
ALC,3393,85021100,2026-08-06 08:30:00,Thu,08:30:00,1,1,1.0
ALC,3393,85021101,2026-08-06 09:00:00,Thu,09:00:00,2,2,2.0
ALC,3393,85021102,2026-08-06 09:30:00,Thu,09:30:00,3,3,3.0
ALC,3393,85021103,2026-08-06 10:00:00,Thu,10:00:00,4,4,5.0
ALC,3393,85021104,2026-08-06 10:30:00,Thu,10:30:00,5,5,6.0
ALC,3393,85021105,2026-08-06 11:00:00,Thu,11:00:00,5,5,7.0
ALC,3393,85021106,2026-08-06 11:30:00,Thu,11:30:00,6,6,8.0
ALC,3393,85021107,2026-08-06 12:00:00,Thu,12:00:00,8,8,10.0
ALC,3393,85021108,2026-08-06 12:30:00,Thu,12:30:00,9,9,12.0
ALC,3393,85021109,2026-08-06 13:00:00,Thu,13:00:00,11,11,15.0
ALC,3393,85021110,2026-08-06 13:30:00,Thu,13:30:00,14,14,18.0
ALC,3393,85021111,2026-08-06 14:00:00,Thu,14:00:00,17,17,22.0
ALC,3393,85021112,2026-08-06 14:30:00,Thu,14:30:00,18,18,24.0
ALC,3393,85021113,2026-08-06 15:00:00,Thu,15:00:00,17,17,23.0
ALC,3393,85021114,2026-08-06 15:30:00,Thu,15:30:00,15,15,19.0
ALC,3393,85021115,2026-08-06 16:00:00,Thu,16:00:00,12,12,16.0
ALC,3393,85021116,2026-08-06 16:30:00,Thu,16:30:00,10,10,13.0
ALC,3393,85021117,2026-08-06 17:00:00,Thu,17:00:00,8,8,10.0
ALC,3393,85021118,2026-08-06 17:30:00,Thu,17:30:00,7,7,9.0
ALC,3393,85021119,2026-08-06 18:00:00,Thu,18:00:00,8,8,10.0
ALC,3393,85021120,2026-08-06 18:30:00,Thu,18:30:00,9,9,11.0
ALC,3393,85021121,2026-08-06 19:00:00,Thu,19:00:00,10,10,13.0
ALC,3393,85021122,2026-08-06 19:30:00,Thu,19:30:00,13,13,17.0
ALC,3393,85021123,2026-08-06 20:00:00,Thu,20:00:00,17,17,22.0
ALC,3393,85021124,2026-08-06 20:30:00,Thu,20:30:00,23,23,30.0
ALC,3393,85021125,2026-08-06 21:00:00,Thu,21:00:00,28,28,37.0
ALC,3393,85021126,2026-08-06 21:30:00,Thu,21:30:00,30,30,40.0
ALC,3393,85021127,2026-08-06 22:00:00,Thu,22:00:00,29,29,39.0
ALC,3393,85021128,2026-08-06 22:30:00,Thu,22:30:00,25,25,33.0
ALC,3393,85021129,2026-08-06 23:00:00,Thu,23:00:00,19,19,25.0
ALC,3393,85021130,2026-08-06 23:30:00,Thu,23:30:00,12,12,15.0
ALC,3393,85021131,2026-08-07 00:00:00,Fri,00:00:00,4,4,5.0
ALC,3393,85021132,2026-08-07 00:30:00,Fri,00:30:00,2,2,2.0
ALC,3393,85021133,2026-08-07 01:00:00,Fri,01:00:00,0,0,0.0
ALC,3393,85021134,2026-08-07 01:30:00,Fri,01:30:00,0,0,0.0
ALC,3393,85054879,2026-08-07 02:00:00,Fri,02:00:00,0,0,0.0
ALC,3393,85054880,2026-08-07 02:30:00,Fri,02:30:00,0,0,0.0
ALC,3393,85054881,2026-08-07 03:00:00,Fri,03:00:00,0,0,0.0
ALC,3393,85054882,2026-08-07 03:30:00,Fri,03:30:00,0,0,0.0
ALC,3393,85054883,2026-08-07 04:00:00,Fri,04:00:00,0,0,0.0
ALC,3393,85054884,2026-08-07 04:30:00,Fri,04:30:00,0,0,0.0
ALC,3393,85054885,2026-08-07 05:00:00,Fri,05:00:00,0,0,0.0
ALC,3393,85054886,2026-08-07 05:30:00,Fri,05:30:00,0,0,0.0
ALC,3393,85054887,2026-08-07 06:00:00,Fri,06:00:00,0,0,0.0
ALC,3393,85054888,2026-08-07 06:30:00,Fri,06:30:00,0,0,0.0
ALC,3393,85054889,2026-08-07 07:00:00,Fri,07:00:00,0,0,0.0
ALC,3393,85054890,2026-08-07 07:30:00,Fri,07:30:00,0,0,0.0
ALC,3393,85054891,2026-08-07 08:00:00,Fri,08:00:00,0,0,0.0
ALC,3393,85054892,2026-08-07 08:30:00,Fri,08:30:00,1,1,1.0
ALC,3393,85054893,2026-08-07 09:00:00,Fri,09:00:00,2,2,2.0
ALC,3393,85054894,2026-08-07 09:30:00,Fri,09:30:00,3,3,3.0
ALC,3393,85054895,2026-08-07 10:00:00,Fri,10:00:00,4,4,4.0
ALC,3393,85054896,2026-08-07 10:30:00,Fri,10:30:00,4,4,5.0
ALC,3393,85054897,2026-08-07 11:00:00,Fri,11:00:00,5,5,6.0
ALC,3393,85054898,2026-08-07 11:30:00,Fri,11:30:00,6,6,8.0
ALC,3393,85054899,2026-08-07 12:00:00,Fri,12:00:00,8,8,10.0
ALC,3393,85054900,2026-08-07 12:30:00,Fri,12:30:00,10,10,12.0
ALC,3393,85054901,2026-08-07 13:00:00,Fri,13:00:00,12,12,16.0
ALC,3393,85054902,2026-08-07 13:30:00,Fri,13:30:00,15,15,20.0
ALC,3393,85054903,2026-08-07 14:00:00,Fri,14:00:00,18,18,24.0
ALC,3393,85054904,2026-08-07 14:30:00,Fri,14:30:00,19,19,25.0
ALC,3393,85054905,2026-08-07 15:00:00,Fri,15:00:00,18,18,24.0
ALC,3393,85054906,2026-08-07 15:30:00,Fri,15:30:00,15,15,20.0
ALC,3393,85054907,2026-08-07 16:00:00,Fri,16:00:00,13,13,16.0
ALC,3393,85054908,2026-08-07 16:30:00,Fri,16:30:00,11,11,14.0
ALC,3393,85054909,2026-08-07 17:00:00,Fri,17:00:00,9,9,12.0
ALC,3393,85054910,2026-08-07 17:30:00,Fri,17:30:00,8,8,11.0
ALC,3393,85054911,2026-08-07 18:00:00,Fri,18:00:00,9,9,11.0
ALC,3393,85054912,2026-08-07 18:30:00,Fri,18:30:00,9,9,12.0
ALC,3393,85054913,2026-08-07 19:00:00,Fri,19:00:00,11,11,14.0
ALC,3393,85054914,2026-08-07 19:30:00,Fri,19:30:00,14,14,18.0
ALC,3393,85054915,2026-08-07 20:00:00,Fri,20:00:00,20,20,26.0
ALC,3393,85054916,2026-08-07 20:30:00,Fri,20:30:00,28,28,38.0
ALC,3393,85054917,2026-08-07 21:00:00,Fri,21:00:00,36,36,48.0
ALC,3393,85054918,2026-08-07 21:30:00,Fri,21:30:00,42,42,56.0
ALC,3393,85054919,2026-08-07 22:00:00,Fri,22:00:00,42,42,56.0
ALC,3393,85054920,2026-08-07 22:30:00,Fri,22:30:00,36,36,48.0
ALC,3393,85054921,2026-08-07 23:00:00,Fri,23:00:00,25,25,33.0
ALC,3393,85054922,2026-08-07 23:30:00,Fri,23:30:00,14,14,18.0
ALC,3393,85054923,2026-08-08 00:00:00,Sat,00:00:00,3,3,4.0
ALC,3393,85054924,2026-08-08 00:30:00,Sat,00:30:00,2,2,3.0
ALC,3393,85054925,2026-08-08 01:00:00,Sat,01:00:00,0,0,0.0
ALC,3393,85054926,2026-08-08 01:30:00,Sat,01:30:00,0,0,0.0
ALC,3393,85087903,2026-08-08 02:00:00,Sat,02:00:00,0,0,0.0
ALC,3393,85087904,2026-08-08 02:30:00,Sat,02:30:00,0,0,0.0
ALC,3393,85087905,2026-08-08 03:00:00,Sat,03:00:00,0,0,0.0
ALC,3393,85087906,2026-08-08 03:30:00,Sat,03:30:00,0,0,0.0
ALC,3393,85087907,2026-08-08 04:00:00,Sat,04:00:00,0,0,0.0
ALC,3393,85087908,2026-08-08 04:30:00,Sat,04:30:00,0,0,0.0
ALC,3393,85087909,2026-08-08 05:00:00,Sat,05:00:00,0,0,0.0
ALC,3393,85087910,2026-08-08 05:30:00,Sat,05:30:00,0,0,0.0
ALC,3393,85087911,2026-08-08 06:00:00,Sat,06:00:00,0,0,0.0
ALC,3393,85087912,2026-08-08 06:30:00,Sat,06:30:00,0,0,0.0
ALC,3393,85087913,2026-08-08 07:00:00,Sat,07:00:00,0,0,0.0
ALC,3393,85087914,2026-08-08 07:30:00,Sat,07:30:00,0,0,0.0
ALC,3393,85087915,2026-08-08 08:00:00,Sat,08:00:00,1,1,0.0
ALC,3393,85087916,2026-08-08 08:30:00,Sat,08:30:00,2,2,2.0
ALC,3393,85087917,2026-08-08 09:00:00,Sat,09:00:00,3,3,3.0
ALC,3393,85087918,2026-08-08 09:30:00,Sat,09:30:00,4,4,5.0
ALC,3393,85087919,2026-08-08 10:00:00,Sat,10:00:00,5,5,6.0
ALC,3393,85087920,2026-08-08 10:30:00,Sat,10:30:00,6,6,7.0
ALC,3393,85087921,2026-08-08 11:00:00,Sat,11:00:00,7,7,8.0
ALC,3393,85087922,2026-08-08 11:30:00,Sat,11:30:00,7,7,9.0
ALC,3393,85087923,2026-08-08 12:00:00,Sat,12:00:00,9,9,11.0
ALC,3393,85087924,2026-08-08 12:30:00,Sat,12:30:00,11,11,14.0
ALC,3393,85087925,2026-08-08 13:00:00,Sat,13:00:00,16,16,21.0
ALC,3393,85087926,2026-08-08 13:30:00,Sat,13:30:00,22,22,29.0
ALC,3393,85087927,2026-08-08 14:00:00,Sat,14:00:00,26,26,35.0
ALC,3393,85087928,2026-08-08 14:30:00,Sat,14:30:00,26,26,34.0
ALC,3393,85087929,2026-08-08 15:00:00,Sat,15:00:00,22,22,29.0
ALC,3393,85087930,2026-08-08 15:30:00,Sat,15:30:00,18,18,24.0
ALC,3393,85087931,2026-08-08 16:00:00,Sat,16:00:00,14,14,19.0
ALC,3393,85087932,2026-08-08 16:30:00,Sat,16:30:00,11,11,14.0
ALC,3393,85087933,2026-08-08 17:00:00,Sat,17:00:00,10,10,12.0
ALC,3393,85087934,2026-08-08 17:30:00,Sat,17:30:00,9,9,12.0
ALC,3393,85087935,2026-08-08 18:00:00,Sat,18:00:00,9,9,11.0
ALC,3393,85087936,2026-08-08 18:30:00,Sat,18:30:00,8,8,11.0
ALC,3393,85087937,2026-08-08 19:00:00,Sat,19:00:00,9,9,12.0
ALC,3393,85087938,2026-08-08 19:30:00,Sat,19:30:00,13,13,16.0
ALC,3393,85087939,2026-08-08 20:00:00,Sat,20:00:00,18,18,24.0
ALC,3393,85087940,2026-08-08 20:30:00,Sat,20:30:00,25,25,34.0
ALC,3393,85087941,2026-08-08 21:00:00,Sat,21:00:00,33,33,44.0
ALC,3393,85087942,2026-08-08 21:30:00,Sat,21:30:00,38,38,50.0
ALC,3393,85087943,2026-08-08 22:00:00,Sat,22:00:00,38,38,50.0
ALC,3393,85087944,2026-08-08 22:30:00,Sat,22:30:00,33,33,44.0
ALC,3393,85087945,2026-08-08 23:00:00,Sat,23:00:00,26,26,35.0
ALC,3393,85087946,2026-08-08 23:30:00,Sat,23:30:00,18,18,23.0
ALC,3393,85087947,2026-08-09 00:00:00,Sun,00:00:00,4,4,5.0
ALC,3393,85087948,2026-08-09 00:30:00,Sun,00:30:00,3,3,3.0
ALC,3393,85087949,2026-08-09 01:00:00,Sun,01:00:00,0,0,0.0
ALC,3393,85087950,2026-08-09 01:30:00,Sun,01:30:00,0,0,0.0
ALC,3393,85123039,2026-08-09 02:00:00,Sun,02:00:00,0,0,0.0
ALC,3393,85123040,2026-08-09 02:30:00,Sun,02:30:00,0,0,0.0
ALC,3393,85123041,2026-08-09 03:00:00,Sun,03:00:00,0,0,0.0
ALC,3393,85123042,2026-08-09 03:30:00,Sun,03:30:00,0,0,0.0
ALC,3393,85123043,2026-08-09 04:00:00,Sun,04:00:00,0,0,0.0
ALC,3393,85123044,2026-08-09 04:30:00,Sun,04:30:00,0,0,0.0
ALC,3393,85123045,2026-08-09 05:00:00,Sun,05:00:00,0,0,0.0
ALC,3393,85123046,2026-08-09 05:30:00,Sun,05:30:00,0,0,0.0
ALC,3393,85123047,2026-08-09 06:00:00,Sun,06:00:00,0,0,0.0
ALC,3393,85123048,2026-08-09 06:30:00,Sun,06:30:00,0,0,0.0
ALC,3393,85123049,2026-08-09 07:00:00,Sun,07:00:00,0,0,0.0
ALC,3393,85123050,2026-08-09 07:30:00,Sun,07:30:00,0,0,0.0
ALC,3393,85123051,2026-08-09 08:00:00,Sun,08:00:00,0,0,0.0
ALC,3393,85123052,2026-08-09 08:30:00,Sun,08:30:00,2,2,2.0
ALC,3393,85123053,2026-08-09 09:00:00,Sun,09:00:00,3,3,3.0
ALC,3393,85123054,2026-08-09 09:30:00,Sun,09:30:00,4,4,4.0
ALC,3393,85123055,2026-08-09 10:00:00,Sun,10:00:00,4,4,5.0
ALC,3393,85123056,2026-08-09 10:30:00,Sun,10:30:00,5,5,6.0
ALC,3393,85123057,2026-08-09 11:00:00,Sun,11:00:00,6,6,7.0
ALC,3393,85123058,2026-08-09 11:30:00,Sun,11:30:00,7,7,9.0
ALC,3393,85123059,2026-08-09 12:00:00,Sun,12:00:00,9,9,11.0
ALC,3393,85123060,2026-08-09 12:30:00,Sun,12:30:00,13,13,17.0
ALC,3393,85123061,2026-08-09 13:00:00,Sun,13:00:00,19,19,26.0
ALC,3393,85123062,2026-08-09 13:30:00,Sun,13:30:00,27,27,36.0
ALC,3393,85123063,2026-08-09 14:00:00,Sun,14:00:00,34,34,45.0
ALC,3393,85123064,2026-08-09 14:30:00,Sun,14:30:00,36,36,47.0
ALC,3393,85123065,2026-08-09 15:00:00,Sun,15:00:00,30,30,40.0
ALC,3393,85123066,2026-08-09 15:30:00,Sun,15:30:00,21,21,28.0
ALC,3393,85123067,2026-08-09 16:00:00,Sun,16:00:00,15,15,20.0
ALC,3393,85123068,2026-08-09 16:30:00,Sun,16:30:00,12,12,16.0
ALC,3393,85123069,2026-08-09 17:00:00,Sun,17:00:00,11,11,14.0
ALC,3393,85123070,2026-08-09 17:30:00,Sun,17:30:00,11,11,14.0
ALC,3393,85123071,2026-08-09 18:00:00,Sun,18:00:00,11,11,14.0
ALC,3393,85123072,2026-08-09 18:30:00,Sun,18:30:00,12,12,15.0
ALC,3393,85123073,2026-08-09 19:00:00,Sun,19:00:00,13,13,17.0
ALC,3393,85123074,2026-08-09 19:30:00,Sun,19:30:00,18,18,24.0
ALC,3393,85123075,2026-08-09 20:00:00,Sun,20:00:00,27,27,35.0
ALC,3393,85123076,2026-08-09 20:30:00,Sun,20:30:00,37,37,49.0
ALC,3393,85123077,2026-08-09 21:00:00,Sun,21:00:00,46,46,61.0
ALC,3393,85123078,2026-08-09 21:30:00,Sun,21:30:00,49,49,65.0
ALC,3393,85123079,2026-08-09 22:00:00,Sun,22:00:00,43,43,57.0
ALC,3393,85123080,2026-08-09 22:30:00,Sun,22:30:00,31,31,41.0
ALC,3393,85123081,2026-08-09 23:00:00,Sun,23:00:00,20,20,27.0
ALC,3393,85123082,2026-08-09 23:30:00,Sun,23:30:00,11,11,14.0
GRA,3393,84884907,2026-08-03 00:00:00,Mon,00:00:00,1,-1,1.0
GRA,3393,84884908,2026-08-03 00:30:00,Mon,00:30:00,2,0,2.0
GRA,3393,84884909,2026-08-03 01:00:00,Mon,01:00:00,0,0,0.0
GRA,3393,84884910,2026-08-03 01:30:00,Mon,01:30:00,0,0,0.0
GRA,3393,84918463,2026-08-03 02:00:00,Mon,02:00:00,0,0,0.0
GRA,3393,84918464,2026-08-03 02:30:00,Mon,02:30:00,0,0,0.0
GRA,3393,84918465,2026-08-03 03:00:00,Mon,03:00:00,0,0,0.0
GRA,3393,84918466,2026-08-03 03:30:00,Mon,03:30:00,0,0,0.0
GRA,3393,84918467,2026-08-03 04:00:00,Mon,04:00:00,0,0,0.0
GRA,3393,84918468,2026-08-03 04:30:00,Mon,04:30:00,0,0,0.0
GRA,3393,84918469,2026-08-03 05:00:00,Mon,05:00:00,0,0,0.0
GRA,3393,84918470,2026-08-03 05:30:00,Mon,05:30:00,0,0,0.0
GRA,3393,84918471,2026-08-03 06:00:00,Mon,06:00:00,0,0,0.0
GRA,3393,84918472,2026-08-03 06:30:00,Mon,06:30:00,0,0,0.0
GRA,3393,84918473,2026-08-03 07:00:00,Mon,07:00:00,0,0,0.0
GRA,3393,84918474,2026-08-03 07:30:00,Mon,07:30:00,0,0,0.0
GRA,3393,84918475,2026-08-03 08:00:00,Mon,08:00:00,0,0,0.0
GRA,3393,84918476,2026-08-03 08:30:00,Mon,08:30:00,0,0,0.0
GRA,3393,84918477,2026-08-03 09:00:00,Mon,09:00:00,1,1,1.0
GRA,3393,84918478,2026-08-03 09:30:00,Mon,09:30:00,1,1,1.0
GRA,3393,84918479,2026-08-03 10:00:00,Mon,10:00:00,2,2,2.0
GRA,3393,84918480,2026-08-03 10:30:00,Mon,10:30:00,2,2,2.0
GRA,3393,84918481,2026-08-03 11:00:00,Mon,11:00:00,2,2,2.0
GRA,3393,84918482,2026-08-03 11:30:00,Mon,11:30:00,3,3,3.0
GRA,3393,84918483,2026-08-03 12:00:00,Mon,12:00:00,4,4,4.0
GRA,3393,84918484,2026-08-03 12:30:00,Mon,12:30:00,5,5,5.0
GRA,3393,84918485,2026-08-03 13:00:00,Mon,13:00:00,7,7,7.0
GRA,3393,84918486,2026-08-03 13:30:00,Mon,13:30:00,9,9,10.0
GRA,3393,84918487,2026-08-03 14:00:00,Mon,14:00:00,11,11,12.0
GRA,3393,84918488,2026-08-03 14:30:00,Mon,14:30:00,12,12,13.0
GRA,3393,84918489,2026-08-03 15:00:00,Mon,15:00:00,11,11,12.0
GRA,3393,84918490,2026-08-03 15:30:00,Mon,15:30:00,9,9,10.0
GRA,3393,84918491,2026-08-03 16:00:00,Mon,16:00:00,7,7,8.0
GRA,3393,84918492,2026-08-03 16:30:00,Mon,16:30:00,6,6,6.0
GRA,3393,84918493,2026-08-03 17:00:00,Mon,17:00:00,5,5,5.0
GRA,3393,84918494,2026-08-03 17:30:00,Mon,17:30:00,5,5,5.0
GRA,3393,84918495,2026-08-03 18:00:00,Mon,18:00:00,5,5,5.0
GRA,3393,84918496,2026-08-03 18:30:00,Mon,18:30:00,5,5,5.0
GRA,3393,84918497,2026-08-03 19:00:00,Mon,19:00:00,5,5,5.0
GRA,3393,84918498,2026-08-03 19:30:00,Mon,19:30:00,5,5,5.0
GRA,3393,84918499,2026-08-03 20:00:00,Mon,20:00:00,8,8,8.0
GRA,3393,84918500,2026-08-03 20:30:00,Mon,20:30:00,12,12,13.0
GRA,3393,84918501,2026-08-03 21:00:00,Mon,21:00:00,17,17,18.0
GRA,3393,84918502,2026-08-03 21:30:00,Mon,21:30:00,19,19,20.0
GRA,3393,84918503,2026-08-03 22:00:00,Mon,22:00:00,18,18,20.0
GRA,3393,84918504,2026-08-03 22:30:00,Mon,22:30:00,15,15,16.0
GRA,3393,84918505,2026-08-03 23:00:00,Mon,23:00:00,12,12,13.0
GRA,3393,84918506,2026-08-03 23:30:00,Mon,23:30:00,8,8,9.0
GRA,3393,84918507,2026-08-04 00:00:00,Tue,00:00:00,2,2,1.0
GRA,3393,84918508,2026-08-04 00:30:00,Tue,00:30:00,1,1,1.0
GRA,3393,84918509,2026-08-04 01:00:00,Tue,01:00:00,0,0,0.0
GRA,3393,84918510,2026-08-04 01:30:00,Tue,01:30:00,0,0,0.0
GRA,3393,84952927,2026-08-04 02:00:00,Tue,02:00:00,0,0,0.0
GRA,3393,84952928,2026-08-04 02:30:00,Tue,02:30:00,0,0,0.0
GRA,3393,84952929,2026-08-04 03:00:00,Tue,03:00:00,0,0,0.0
GRA,3393,84952930,2026-08-04 03:30:00,Tue,03:30:00,0,0,0.0
GRA,3393,84952931,2026-08-04 04:00:00,Tue,04:00:00,0,0,0.0
GRA,3393,84952932,2026-08-04 04:30:00,Tue,04:30:00,0,0,0.0
GRA,3393,84952933,2026-08-04 05:00:00,Tue,05:00:00,0,0,0.0
GRA,3393,84952934,2026-08-04 05:30:00,Tue,05:30:00,0,0,0.0
GRA,3393,84952935,2026-08-04 06:00:00,Tue,06:00:00,0,0,0.0
GRA,3393,84952936,2026-08-04 06:30:00,Tue,06:30:00,0,0,0.0
GRA,3393,84952937,2026-08-04 07:00:00,Tue,07:00:00,0,0,0.0
GRA,3393,84952938,2026-08-04 07:30:00,Tue,07:30:00,0,0,0.0
GRA,3393,84952939,2026-08-04 08:00:00,Tue,08:00:00,0,0,0.0
GRA,3393,84952940,2026-08-04 08:30:00,Tue,08:30:00,1,1,0.0
GRA,3393,84952941,2026-08-04 09:00:00,Tue,09:00:00,1,1,1.0
GRA,3393,84952942,2026-08-04 09:30:00,Tue,09:30:00,1,1,1.0
GRA,3393,84952943,2026-08-04 10:00:00,Tue,10:00:00,2,2,1.0
GRA,3393,84952944,2026-08-04 10:30:00,Tue,10:30:00,2,2,2.0
GRA,3393,84952945,2026-08-04 11:00:00,Tue,11:00:00,2,2,2.0
GRA,3393,84952946,2026-08-04 11:30:00,Tue,11:30:00,2,2,2.0
GRA,3393,84952947,2026-08-04 12:00:00,Tue,12:00:00,3,3,3.0
GRA,3393,84952948,2026-08-04 12:30:00,Tue,12:30:00,4,4,4.0
GRA,3393,84952949,2026-08-04 13:00:00,Tue,13:00:00,6,6,6.0
GRA,3393,84952950,2026-08-04 13:30:00,Tue,13:30:00,8,8,9.0
GRA,3393,84952951,2026-08-04 14:00:00,Tue,14:00:00,10,10,11.0
GRA,3393,84952952,2026-08-04 14:30:00,Tue,14:30:00,11,11,12.0
GRA,3393,84952953,2026-08-04 15:00:00,Tue,15:00:00,10,10,11.0
GRA,3393,84952954,2026-08-04 15:30:00,Tue,15:30:00,8,8,8.0
GRA,3393,84952955,2026-08-04 16:00:00,Tue,16:00:00,6,6,6.0
GRA,3393,84952956,2026-08-04 16:30:00,Tue,16:30:00,5,5,5.0
GRA,3393,84952957,2026-08-04 17:00:00,Tue,17:00:00,5,5,5.0
GRA,3393,84952958,2026-08-04 17:30:00,Tue,17:30:00,5,5,5.0
GRA,3393,84952959,2026-08-04 18:00:00,Tue,18:00:00,5,5,5.0
GRA,3393,84952960,2026-08-04 18:30:00,Tue,18:30:00,5,5,5.0
GRA,3393,84952961,2026-08-04 19:00:00,Tue,19:00:00,5,5,5.0
GRA,3393,84952962,2026-08-04 19:30:00,Tue,19:30:00,6,6,6.0
GRA,3393,84952963,2026-08-04 20:00:00,Tue,20:00:00,9,9,9.0
GRA,3393,84952964,2026-08-04 20:30:00,Tue,20:30:00,13,13,14.0
GRA,3393,84952965,2026-08-04 21:00:00,Tue,21:00:00,17,17,19.0
GRA,3393,84952966,2026-08-04 21:30:00,Tue,21:30:00,19,19,21.0
GRA,3393,84952967,2026-08-04 22:00:00,Tue,22:00:00,18,18,20.0
GRA,3393,84952968,2026-08-04 22:30:00,Tue,22:30:00,14,14,15.0
GRA,3393,84952969,2026-08-04 23:00:00,Tue,23:00:00,10,10,11.0
GRA,3393,84952970,2026-08-04 23:30:00,Tue,23:30:00,6,6,6.0
GRA,3393,84952971,2026-08-05 00:00:00,Wed,00:00:00,2,2,2.0
GRA,3393,84952972,2026-08-05 00:30:00,Wed,00:30:00,1,1,1.0
GRA,3393,84952973,2026-08-05 01:00:00,Wed,01:00:00,0,0,0.0
GRA,3393,84952974,2026-08-05 01:30:00,Wed,01:30:00,0,0,0.0
GRA,3393,84982207,2026-08-05 02:00:00,Wed,02:00:00,0,0,0.0
GRA,3393,84982208,2026-08-05 02:30:00,Wed,02:30:00,0,0,0.0
GRA,3393,84982209,2026-08-05 03:00:00,Wed,03:00:00,0,0,0.0
GRA,3393,84982210,2026-08-05 03:30:00,Wed,03:30:00,0,0,0.0
GRA,3393,84982211,2026-08-05 04:00:00,Wed,04:00:00,0,0,0.0
GRA,3393,84982212,2026-08-05 04:30:00,Wed,04:30:00,0,0,0.0
GRA,3393,84982213,2026-08-05 05:00:00,Wed,05:00:00,0,0,0.0
GRA,3393,84982214,2026-08-05 05:30:00,Wed,05:30:00,0,0,0.0
GRA,3393,84982215,2026-08-05 06:00:00,Wed,06:00:00,0,0,0.0
GRA,3393,84982216,2026-08-05 06:30:00,Wed,06:30:00,0,0,0.0
GRA,3393,84982217,2026-08-05 07:00:00,Wed,07:00:00,0,0,0.0
GRA,3393,84982218,2026-08-05 07:30:00,Wed,07:30:00,0,0,0.0
GRA,3393,84982219,2026-08-05 08:00:00,Wed,08:00:00,0,0,0.0
GRA,3393,84982220,2026-08-05 08:30:00,Wed,08:30:00,0,0,0.0
GRA,3393,84982221,2026-08-05 09:00:00,Wed,09:00:00,1,1,0.0
GRA,3393,84982222,2026-08-05 09:30:00,Wed,09:30:00,1,1,1.0
GRA,3393,84982223,2026-08-05 10:00:00,Wed,10:00:00,2,2,2.0
GRA,3393,84982224,2026-08-05 10:30:00,Wed,10:30:00,2,2,2.0
GRA,3393,84982225,2026-08-05 11:00:00,Wed,11:00:00,3,3,2.0
GRA,3393,84982226,2026-08-05 11:30:00,Wed,11:30:00,3,3,3.0
GRA,3393,84982227,2026-08-05 12:00:00,Wed,12:00:00,3,3,3.0
GRA,3393,84982228,2026-08-05 12:30:00,Wed,12:30:00,5,5,5.0
GRA,3393,84982229,2026-08-05 13:00:00,Wed,13:00:00,7,7,7.0
GRA,3393,84982230,2026-08-05 13:30:00,Wed,13:30:00,9,9,10.0
GRA,3393,84982231,2026-08-05 14:00:00,Wed,14:00:00,12,12,13.0
GRA,3393,84982232,2026-08-05 14:30:00,Wed,14:30:00,12,12,13.0
GRA,3393,84982233,2026-08-05 15:00:00,Wed,15:00:00,11,11,11.0
GRA,3393,84982234,2026-08-05 15:30:00,Wed,15:30:00,8,8,9.0
GRA,3393,84982235,2026-08-05 16:00:00,Wed,16:00:00,6,6,7.0
GRA,3393,84982236,2026-08-05 16:30:00,Wed,16:30:00,5,5,5.0
GRA,3393,84982237,2026-08-05 17:00:00,Wed,17:00:00,5,5,5.0
GRA,3393,84982238,2026-08-05 17:30:00,Wed,17:30:00,5,5,5.0
GRA,3393,84982239,2026-08-05 18:00:00,Wed,18:00:00,5,5,5.0
GRA,3393,84982240,2026-08-05 18:30:00,Wed,18:30:00,5,5,5.0
GRA,3393,84982241,2026-08-05 19:00:00,Wed,19:00:00,5,5,5.0
GRA,3393,84982242,2026-08-05 19:30:00,Wed,19:30:00,6,6,7.0
GRA,3393,84982243,2026-08-05 20:00:00,Wed,20:00:00,9,9,10.0
GRA,3393,84982244,2026-08-05 20:30:00,Wed,20:30:00,13,13,14.0
GRA,3393,84982245,2026-08-05 21:00:00,Wed,21:00:00,17,17,19.0
GRA,3393,84982246,2026-08-05 21:30:00,Wed,21:30:00,19,19,21.0
GRA,3393,84982247,2026-08-05 22:00:00,Wed,22:00:00,18,18,20.0
GRA,3393,84982248,2026-08-05 22:30:00,Wed,22:30:00,15,15,16.0
GRA,3393,84982249,2026-08-05 23:00:00,Wed,23:00:00,11,11,12.0
GRA,3393,84982250,2026-08-05 23:30:00,Wed,23:30:00,7,7,8.0
GRA,3393,84982251,2026-08-06 00:00:00,Thu,00:00:00,2,2,2.0
GRA,3393,84982252,2026-08-06 00:30:00,Thu,00:30:00,1,1,1.0
GRA,3393,84982253,2026-08-06 01:00:00,Thu,01:00:00,0,0,0.0
GRA,3393,84982254,2026-08-06 01:30:00,Thu,01:30:00,0,0,0.0
GRA,3393,85015279,2026-08-06 02:00:00,Thu,02:00:00,0,0,0.0
GRA,3393,85015280,2026-08-06 02:30:00,Thu,02:30:00,0,0,0.0
GRA,3393,85015281,2026-08-06 03:00:00,Thu,03:00:00,0,0,0.0
GRA,3393,85015282,2026-08-06 03:30:00,Thu,03:30:00,0,0,0.0
GRA,3393,85015283,2026-08-06 04:00:00,Thu,04:00:00,0,0,0.0
GRA,3393,85015284,2026-08-06 04:30:00,Thu,04:30:00,0,0,0.0
GRA,3393,85015285,2026-08-06 05:00:00,Thu,05:00:00,0,0,0.0
GRA,3393,85015286,2026-08-06 05:30:00,Thu,05:30:00,0,0,0.0
GRA,3393,85015287,2026-08-06 06:00:00,Thu,06:00:00,0,0,0.0
GRA,3393,85015288,2026-08-06 06:30:00,Thu,06:30:00,0,0,0.0
GRA,3393,85015289,2026-08-06 07:00:00,Thu,07:00:00,0,0,0.0
GRA,3393,85015290,2026-08-06 07:30:00,Thu,07:30:00,0,0,0.0
GRA,3393,85015291,2026-08-06 08:00:00,Thu,08:00:00,0,0,0.0
GRA,3393,85015292,2026-08-06 08:30:00,Thu,08:30:00,0,0,0.0
GRA,3393,85015293,2026-08-06 09:00:00,Thu,09:00:00,1,1,0.0
GRA,3393,85015294,2026-08-06 09:30:00,Thu,09:30:00,1,1,1.0
GRA,3393,85015295,2026-08-06 10:00:00,Thu,10:00:00,2,2,2.0
GRA,3393,85015296,2026-08-06 10:30:00,Thu,10:30:00,2,2,2.0
GRA,3393,85015297,2026-08-06 11:00:00,Thu,11:00:00,3,3,2.0
GRA,3393,85015298,2026-08-06 11:30:00,Thu,11:30:00,3,3,3.0
GRA,3393,85015299,2026-08-06 12:00:00,Thu,12:00:00,4,4,4.0
GRA,3393,85015300,2026-08-06 12:30:00,Thu,12:30:00,6,6,6.0
GRA,3393,85015301,2026-08-06 13:00:00,Thu,13:00:00,8,8,9.0
GRA,3393,85015302,2026-08-06 13:30:00,Thu,13:30:00,12,12,13.0
GRA,3393,85015303,2026-08-06 14:00:00,Thu,14:00:00,14,14,15.0
GRA,3393,85015304,2026-08-06 14:30:00,Thu,14:30:00,14,14,15.0
GRA,3393,85015305,2026-08-06 15:00:00,Thu,15:00:00,12,12,13.0
GRA,3393,85015306,2026-08-06 15:30:00,Thu,15:30:00,9,9,10.0
GRA,3393,85015307,2026-08-06 16:00:00,Thu,16:00:00,7,7,7.0
GRA,3393,85015308,2026-08-06 16:30:00,Thu,16:30:00,6,6,6.0
GRA,3393,85015309,2026-08-06 17:00:00,Thu,17:00:00,6,6,6.0
GRA,3393,85015310,2026-08-06 17:30:00,Thu,17:30:00,6,6,6.0
GRA,3393,85015311,2026-08-06 18:00:00,Thu,18:00:00,6,6,6.0
GRA,3393,85015312,2026-08-06 18:30:00,Thu,18:30:00,6,6,6.0
GRA,3393,85015313,2026-08-06 19:00:00,Thu,19:00:00,6,6,6.0
GRA,3393,85015314,2026-08-06 19:30:00,Thu,19:30:00,7,7,7.0
GRA,3393,85015315,2026-08-06 20:00:00,Thu,20:00:00,10,10,11.0
GRA,3393,85015316,2026-08-06 20:30:00,Thu,20:30:00,15,15,16.0
GRA,3393,85015317,2026-08-06 21:00:00,Thu,21:00:00,19,19,21.0
GRA,3393,85015318,2026-08-06 21:30:00,Thu,21:30:00,22,22,24.0
GRA,3393,85015319,2026-08-06 22:00:00,Thu,22:00:00,22,22,24.0
GRA,3393,85015320,2026-08-06 22:30:00,Thu,22:30:00,19,19,21.0
GRA,3393,85015321,2026-08-06 23:00:00,Thu,23:00:00,14,14,15.0
GRA,3393,85015322,2026-08-06 23:30:00,Thu,23:30:00,8,8,9.0
GRA,3393,85015323,2026-08-07 00:00:00,Fri,00:00:00,2,2,2.0
GRA,3393,85015324,2026-08-07 00:30:00,Fri,00:30:00,1,1,1.0
GRA,3393,85015325,2026-08-07 01:00:00,Fri,01:00:00,0,0,0.0
GRA,3393,85015326,2026-08-07 01:30:00,Fri,01:30:00,0,0,0.0
GRA,3393,85048255,2026-08-07 02:00:00,Fri,02:00:00,0,0,0.0
GRA,3393,85048256,2026-08-07 02:30:00,Fri,02:30:00,0,0,0.0
GRA,3393,85048257,2026-08-07 03:00:00,Fri,03:00:00,0,0,0.0
GRA,3393,85048258,2026-08-07 03:30:00,Fri,03:30:00,0,0,0.0
GRA,3393,85048259,2026-08-07 04:00:00,Fri,04:00:00,0,0,0.0
GRA,3393,85048260,2026-08-07 04:30:00,Fri,04:30:00,0,0,0.0
GRA,3393,85048261,2026-08-07 05:00:00,Fri,05:00:00,0,0,0.0
GRA,3393,85048262,2026-08-07 05:30:00,Fri,05:30:00,0,0,0.0
GRA,3393,85048263,2026-08-07 06:00:00,Fri,06:00:00,0,0,0.0
GRA,3393,85048264,2026-08-07 06:30:00,Fri,06:30:00,0,0,0.0
GRA,3393,85048265,2026-08-07 07:00:00,Fri,07:00:00,0,0,0.0
GRA,3393,85048266,2026-08-07 07:30:00,Fri,07:30:00,0,0,0.0
GRA,3393,85048267,2026-08-07 08:00:00,Fri,08:00:00,0,0,0.0
GRA,3393,85048268,2026-08-07 08:30:00,Fri,08:30:00,1,1,0.0
GRA,3393,85048269,2026-08-07 09:00:00,Fri,09:00:00,1,1,1.0
GRA,3393,85048270,2026-08-07 09:30:00,Fri,09:30:00,1,1,1.0
GRA,3393,85048271,2026-08-07 10:00:00,Fri,10:00:00,2,2,1.0
GRA,3393,85048272,2026-08-07 10:30:00,Fri,10:30:00,2,2,2.0
GRA,3393,85048273,2026-08-07 11:00:00,Fri,11:00:00,2,2,2.0
GRA,3393,85048274,2026-08-07 11:30:00,Fri,11:30:00,3,3,3.0
GRA,3393,85048275,2026-08-07 12:00:00,Fri,12:00:00,4,4,4.0
GRA,3393,85048276,2026-08-07 12:30:00,Fri,12:30:00,5,5,5.0
GRA,3393,85048277,2026-08-07 13:00:00,Fri,13:00:00,8,8,8.0
GRA,3393,85048278,2026-08-07 13:30:00,Fri,13:30:00,11,11,12.0
GRA,3393,85048279,2026-08-07 14:00:00,Fri,14:00:00,15,15,16.0
GRA,3393,85048280,2026-08-07 14:30:00,Fri,14:30:00,16,16,17.0
GRA,3393,85048281,2026-08-07 15:00:00,Fri,15:00:00,13,13,14.0
GRA,3393,85048282,2026-08-07 15:30:00,Fri,15:30:00,9,9,9.0
GRA,3393,85048283,2026-08-07 16:00:00,Fri,16:00:00,6,6,6.0
GRA,3393,85048284,2026-08-07 16:30:00,Fri,16:30:00,5,5,5.0
GRA,3393,85048285,2026-08-07 17:00:00,Fri,17:00:00,5,5,5.0
GRA,3393,85048286,2026-08-07 17:30:00,Fri,17:30:00,5,5,5.0
GRA,3393,85048287,2026-08-07 18:00:00,Fri,18:00:00,5,5,5.0
GRA,3393,85048288,2026-08-07 18:30:00,Fri,18:30:00,5,5,5.0
GRA,3393,85048289,2026-08-07 19:00:00,Fri,19:00:00,5,5,5.0
GRA,3393,85048290,2026-08-07 19:30:00,Fri,19:30:00,7,7,7.0
GRA,3393,85048291,2026-08-07 20:00:00,Fri,20:00:00,11,11,12.0
GRA,3393,85048292,2026-08-07 20:30:00,Fri,20:30:00,17,17,19.0
GRA,3393,85048293,2026-08-07 21:00:00,Fri,21:00:00,23,23,25.0
GRA,3393,85048294,2026-08-07 21:30:00,Fri,21:30:00,26,26,29.0
GRA,3393,85048295,2026-08-07 22:00:00,Fri,22:00:00,25,25,27.0
GRA,3393,85048296,2026-08-07 22:30:00,Fri,22:30:00,20,20,21.0
GRA,3393,85048297,2026-08-07 23:00:00,Fri,23:00:00,14,14,15.0
GRA,3393,85048298,2026-08-07 23:30:00,Fri,23:30:00,8,8,9.0
GRA,3393,85048299,2026-08-08 00:00:00,Sat,00:00:00,2,2,2.0
GRA,3393,85048300,2026-08-08 00:30:00,Sat,00:30:00,1,1,1.0
GRA,3393,85048301,2026-08-08 01:00:00,Sat,01:00:00,0,0,0.0
GRA,3393,85048302,2026-08-08 01:30:00,Sat,01:30:00,0,0,0.0
GRA,3393,85079887,2026-08-08 02:00:00,Sat,02:00:00,0,0,0.0
GRA,3393,85079888,2026-08-08 02:30:00,Sat,02:30:00,0,0,0.0
GRA,3393,85079889,2026-08-08 03:00:00,Sat,03:00:00,0,0,0.0
GRA,3393,85079890,2026-08-08 03:30:00,Sat,03:30:00,0,0,0.0
GRA,3393,85079891,2026-08-08 04:00:00,Sat,04:00:00,0,0,0.0
GRA,3393,85079892,2026-08-08 04:30:00,Sat,04:30:00,0,0,0.0
GRA,3393,85079893,2026-08-08 05:00:00,Sat,05:00:00,0,0,0.0
GRA,3393,85079894,2026-08-08 05:30:00,Sat,05:30:00,0,0,0.0
GRA,3393,85079895,2026-08-08 06:00:00,Sat,06:00:00,0,0,0.0
GRA,3393,85079896,2026-08-08 06:30:00,Sat,06:30:00,0,0,0.0
GRA,3393,85079897,2026-08-08 07:00:00,Sat,07:00:00,0,0,0.0
GRA,3393,85079898,2026-08-08 07:30:00,Sat,07:30:00,0,0,0.0
GRA,3393,85079899,2026-08-08 08:00:00,Sat,08:00:00,0,0,0.0
GRA,3393,85079900,2026-08-08 08:30:00,Sat,08:30:00,1,1,0.0
GRA,3393,85079901,2026-08-08 09:00:00,Sat,09:00:00,2,2,1.0
GRA,3393,85079902,2026-08-08 09:30:00,Sat,09:30:00,2,2,2.0
GRA,3393,85079903,2026-08-08 10:00:00,Sat,10:00:00,3,3,2.0
GRA,3393,85079904,2026-08-08 10:30:00,Sat,10:30:00,3,3,3.0
GRA,3393,85079905,2026-08-08 11:00:00,Sat,11:00:00,3,3,3.0
GRA,3393,85079906,2026-08-08 11:30:00,Sat,11:30:00,4,4,4.0
GRA,3393,85079907,2026-08-08 12:00:00,Sat,12:00:00,5,5,5.0
GRA,3393,85079908,2026-08-08 12:30:00,Sat,12:30:00,6,6,7.0
GRA,3393,85079909,2026-08-08 13:00:00,Sat,13:00:00,10,10,10.0
GRA,3393,85079910,2026-08-08 13:30:00,Sat,13:30:00,15,15,16.0
GRA,3393,85079911,2026-08-08 14:00:00,Sat,14:00:00,18,18,19.0
GRA,3393,85079912,2026-08-08 14:30:00,Sat,14:30:00,17,17,18.0
GRA,3393,85079913,2026-08-08 15:00:00,Sat,15:00:00,14,14,15.0
GRA,3393,85079914,2026-08-08 15:30:00,Sat,15:30:00,10,10,11.0
GRA,3393,85079915,2026-08-08 16:00:00,Sat,16:00:00,8,8,8.0
GRA,3393,85079916,2026-08-08 16:30:00,Sat,16:30:00,6,6,7.0
GRA,3393,85079917,2026-08-08 17:00:00,Sat,17:00:00,6,6,6.0
GRA,3393,85079918,2026-08-08 17:30:00,Sat,17:30:00,5,5,5.0
GRA,3393,85079919,2026-08-08 18:00:00,Sat,18:00:00,5,5,5.0
GRA,3393,85079920,2026-08-08 18:30:00,Sat,18:30:00,5,5,5.0
GRA,3393,85079921,2026-08-08 19:00:00,Sat,19:00:00,5,5,5.0
GRA,3393,85079922,2026-08-08 19:30:00,Sat,19:30:00,6,6,6.0
GRA,3393,85079923,2026-08-08 20:00:00,Sat,20:00:00,10,10,10.0
GRA,3393,85079924,2026-08-08 20:30:00,Sat,20:30:00,15,15,16.0
GRA,3393,85079925,2026-08-08 21:00:00,Sat,21:00:00,21,21,23.0
GRA,3393,85079926,2026-08-08 21:30:00,Sat,21:30:00,24,24,26.0
GRA,3393,85079927,2026-08-08 22:00:00,Sat,22:00:00,22,22,24.0
GRA,3393,85079928,2026-08-08 22:30:00,Sat,22:30:00,18,18,20.0
GRA,3393,85079929,2026-08-08 23:00:00,Sat,23:00:00,13,13,14.0
GRA,3393,85079930,2026-08-08 23:30:00,Sat,23:30:00,8,8,8.0
GRA,3393,85079931,2026-08-09 00:00:00,Sun,00:00:00,3,3,2.0
GRA,3393,85079932,2026-08-09 00:30:00,Sun,00:30:00,2,2,1.0
GRA,3393,85079933,2026-08-09 01:00:00,Sun,01:00:00,0,0,0.0
GRA,3393,85079934,2026-08-09 01:30:00,Sun,01:30:00,0,0,0.0
GRA,3393,85123999,2026-08-09 02:00:00,Sun,02:00:00,0,0,0.0
GRA,3393,85124000,2026-08-09 02:30:00,Sun,02:30:00,0,0,0.0
GRA,3393,85124001,2026-08-09 03:00:00,Sun,03:00:00,0,0,0.0
GRA,3393,85124002,2026-08-09 03:30:00,Sun,03:30:00,0,0,0.0
GRA,3393,85124003,2026-08-09 04:00:00,Sun,04:00:00,0,0,0.0
GRA,3393,85124004,2026-08-09 04:30:00,Sun,04:30:00,0,0,0.0
GRA,3393,85124005,2026-08-09 05:00:00,Sun,05:00:00,0,0,0.0
GRA,3393,85124006,2026-08-09 05:30:00,Sun,05:30:00,0,0,0.0
GRA,3393,85124007,2026-08-09 06:00:00,Sun,06:00:00,0,0,0.0
GRA,3393,85124008,2026-08-09 06:30:00,Sun,06:30:00,0,0,0.0
GRA,3393,85124009,2026-08-09 07:00:00,Sun,07:00:00,0,0,0.0
GRA,3393,85124010,2026-08-09 07:30:00,Sun,07:30:00,0,0,0.0
GRA,3393,85124011,2026-08-09 08:00:00,Sun,08:00:00,0,0,0.0
GRA,3393,85124012,2026-08-09 08:30:00,Sun,08:30:00,1,1,1.0
GRA,3393,85124013,2026-08-09 09:00:00,Sun,09:00:00,2,2,2.0
GRA,3393,85124014,2026-08-09 09:30:00,Sun,09:30:00,2,2,2.0
GRA,3393,85124015,2026-08-09 10:00:00,Sun,10:00:00,3,3,3.0
GRA,3393,85124016,2026-08-09 10:30:00,Sun,10:30:00,3,3,3.0
GRA,3393,85124017,2026-08-09 11:00:00,Sun,11:00:00,4,4,3.0
GRA,3393,85124018,2026-08-09 11:30:00,Sun,11:30:00,4,4,4.0
GRA,3393,85124019,2026-08-09 12:00:00,Sun,12:00:00,5,5,5.0
GRA,3393,85124020,2026-08-09 12:30:00,Sun,12:30:00,8,8,8.0
GRA,3393,85124021,2026-08-09 13:00:00,Sun,13:00:00,13,13,14.0
GRA,3393,85124022,2026-08-09 13:30:00,Sun,13:30:00,19,19,21.0
GRA,3393,85124023,2026-08-09 14:00:00,Sun,14:00:00,25,25,27.0
GRA,3393,85124024,2026-08-09 14:30:00,Sun,14:30:00,26,26,29.0
GRA,3393,85124025,2026-08-09 15:00:00,Sun,15:00:00,22,22,24.0
GRA,3393,85124026,2026-08-09 15:30:00,Sun,15:30:00,16,16,17.0
GRA,3393,85124027,2026-08-09 16:00:00,Sun,16:00:00,11,11,12.0
GRA,3393,85124028,2026-08-09 16:30:00,Sun,16:30:00,9,9,9.0
GRA,3393,85124029,2026-08-09 17:00:00,Sun,17:00:00,8,8,8.0
GRA,3393,85124030,2026-08-09 17:30:00,Sun,17:30:00,7,7,7.0
GRA,3393,85124031,2026-08-09 18:00:00,Sun,18:00:00,7,7,7.0
GRA,3393,85124032,2026-08-09 18:30:00,Sun,18:30:00,7,7,7.0
GRA,3393,85124033,2026-08-09 19:00:00,Sun,19:00:00,8,8,8.0
GRA,3393,85124034,2026-08-09 19:30:00,Sun,19:30:00,10,10,11.0
GRA,3393,85124035,2026-08-09 20:00:00,Sun,20:00:00,15,15,16.0
GRA,3393,85124036,2026-08-09 20:30:00,Sun,20:30:00,23,23,25.0
GRA,3393,85124037,2026-08-09 21:00:00,Sun,21:00:00,31,31,34.0
GRA,3393,85124038,2026-08-09 21:30:00,Sun,21:30:00,35,35,38.0
GRA,3393,85124039,2026-08-09 22:00:00,Sun,22:00:00,31,31,34.0
GRA,3393,85124040,2026-08-09 22:30:00,Sun,22:30:00,23,23,25.0
GRA,3393,85124041,2026-08-09 23:00:00,Sun,23:00:00,15,15,16.0
GRA,3393,85124042,2026-08-09 23:30:00,Sun,23:30:00,8,8,8.0
NOM,3393,84895515,2026-08-03 00:00:00,Mon,00:00:00,0,0,0.0
NOM,3393,84895516,2026-08-03 00:30:00,Mon,00:30:00,0,0,0.0
NOM,3393,84895517,2026-08-03 01:00:00,Mon,01:00:00,0,0,0.0
NOM,3393,84895518,2026-08-03 01:30:00,Mon,01:30:00,0,0,0.0
NOM,3393,84925711,2026-08-03 02:00:00,Mon,02:00:00,0,0,0.0
NOM,3393,84925712,2026-08-03 02:30:00,Mon,02:30:00,0,0,0.0
NOM,3393,84925713,2026-08-03 03:00:00,Mon,03:00:00,0,0,0.0
NOM,3393,84925714,2026-08-03 03:30:00,Mon,03:30:00,0,0,0.0
NOM,3393,84925715,2026-08-03 04:00:00,Mon,04:00:00,0,0,0.0
NOM,3393,84925716,2026-08-03 04:30:00,Mon,04:30:00,0,0,0.0
NOM,3393,84925717,2026-08-03 05:00:00,Mon,05:00:00,0,0,0.0
NOM,3393,84925718,2026-08-03 05:30:00,Mon,05:30:00,0,0,0.0
NOM,3393,84925719,2026-08-03 06:00:00,Mon,06:00:00,0,0,0.0
NOM,3393,84925720,2026-08-03 06:30:00,Mon,06:30:00,0,0,0.0
NOM,3393,84925721,2026-08-03 07:00:00,Mon,07:00:00,0,0,0.0
NOM,3393,84925722,2026-08-03 07:30:00,Mon,07:30:00,0,0,0.0
NOM,3393,84925723,2026-08-03 08:00:00,Mon,08:00:00,1,1,0.0
NOM,3393,84925724,2026-08-03 08:30:00,Mon,08:30:00,2,2,1.0
NOM,3393,84925725,2026-08-03 09:00:00,Mon,09:00:00,3,3,3.0
NOM,3393,84925726,2026-08-03 09:30:00,Mon,09:30:00,5,5,4.0
NOM,3393,84925727,2026-08-03 10:00:00,Mon,10:00:00,6,6,5.0
NOM,3393,84925728,2026-08-03 10:30:00,Mon,10:30:00,7,7,6.0
NOM,3393,84925729,2026-08-03 11:00:00,Mon,11:00:00,7,7,7.0
NOM,3393,84925730,2026-08-03 11:30:00,Mon,11:30:00,8,8,7.0
NOM,3393,84925731,2026-08-03 12:00:00,Mon,12:00:00,8,8,7.0
NOM,3393,84925732,2026-08-03 12:30:00,Mon,12:30:00,9,9,8.0
NOM,3393,84925733,2026-08-03 13:00:00,Mon,13:00:00,11,11,10.0
NOM,3393,84925734,2026-08-03 13:30:00,Mon,13:30:00,13,13,12.0
NOM,3393,84925735,2026-08-03 14:00:00,Mon,14:00:00,14,14,14.0
NOM,3393,84925736,2026-08-03 14:30:00,Mon,14:30:00,14,14,14.0
NOM,3393,84925737,2026-08-03 15:00:00,Mon,15:00:00,14,14,13.0
NOM,3393,84925738,2026-08-03 15:30:00,Mon,15:30:00,13,13,12.0
NOM,3393,84925739,2026-08-03 16:00:00,Mon,16:00:00,10,10,10.0
NOM,3393,84925740,2026-08-03 16:30:00,Mon,16:30:00,8,8,8.0
NOM,3393,84925741,2026-08-03 17:00:00,Mon,17:00:00,7,7,7.0
NOM,3393,84925742,2026-08-03 17:30:00,Mon,17:30:00,7,7,7.0
NOM,3393,84925743,2026-08-03 18:00:00,Mon,18:00:00,8,8,7.0
NOM,3393,84925744,2026-08-03 18:30:00,Mon,18:30:00,8,8,7.0
NOM,3393,84925745,2026-08-03 19:00:00,Mon,19:00:00,8,8,8.0
NOM,3393,84925746,2026-08-03 19:30:00,Mon,19:30:00,10,10,9.0
NOM,3393,84925747,2026-08-03 20:00:00,Mon,20:00:00,12,12,12.0
NOM,3393,84925748,2026-08-03 20:30:00,Mon,20:30:00,16,16,15.0
NOM,3393,84925749,2026-08-03 21:00:00,Mon,21:00:00,17,17,17.0
NOM,3393,84925750,2026-08-03 21:30:00,Mon,21:30:00,16,16,16.0
NOM,3393,84925751,2026-08-03 22:00:00,Mon,22:00:00,14,14,14.0
NOM,3393,84925752,2026-08-03 22:30:00,Mon,22:30:00,11,11,10.0
NOM,3393,84925753,2026-08-03 23:00:00,Mon,23:00:00,7,7,7.0
NOM,3393,84925754,2026-08-03 23:30:00,Mon,23:30:00,3,3,2.0
NOM,3393,84925755,2026-08-04 00:00:00,Tue,00:00:00,0,0,0.0
NOM,3393,84925756,2026-08-04 00:30:00,Tue,00:30:00,0,0,0.0
NOM,3393,84925757,2026-08-04 01:00:00,Tue,01:00:00,0,0,0.0
NOM,3393,84925758,2026-08-04 01:30:00,Tue,01:30:00,0,0,0.0
NOM,3393,84961759,2026-08-04 02:00:00,Tue,02:00:00,0,0,0.0
NOM,3393,84961760,2026-08-04 02:30:00,Tue,02:30:00,0,0,0.0
NOM,3393,84961761,2026-08-04 03:00:00,Tue,03:00:00,0,0,0.0
NOM,3393,84961762,2026-08-04 03:30:00,Tue,03:30:00,0,0,0.0
NOM,3393,84961763,2026-08-04 04:00:00,Tue,04:00:00,0,0,0.0
NOM,3393,84961764,2026-08-04 04:30:00,Tue,04:30:00,0,0,0.0
NOM,3393,84961765,2026-08-04 05:00:00,Tue,05:00:00,0,0,0.0
NOM,3393,84961766,2026-08-04 05:30:00,Tue,05:30:00,0,0,0.0
NOM,3393,84961767,2026-08-04 06:00:00,Tue,06:00:00,0,0,0.0
NOM,3393,84961768,2026-08-04 06:30:00,Tue,06:30:00,0,0,0.0
NOM,3393,84961769,2026-08-04 07:00:00,Tue,07:00:00,0,0,0.0
NOM,3393,84961770,2026-08-04 07:30:00,Tue,07:30:00,0,0,0.0
NOM,3393,84961771,2026-08-04 08:00:00,Tue,08:00:00,0,0,0.0
NOM,3393,84961772,2026-08-04 08:30:00,Tue,08:30:00,2,2,1.0
NOM,3393,84961773,2026-08-04 09:00:00,Tue,09:00:00,3,3,2.0
NOM,3393,84961774,2026-08-04 09:30:00,Tue,09:30:00,4,4,4.0
NOM,3393,84961775,2026-08-04 10:00:00,Tue,10:00:00,6,6,5.0
NOM,3393,84961776,2026-08-04 10:30:00,Tue,10:30:00,7,7,6.0
NOM,3393,84961777,2026-08-04 11:00:00,Tue,11:00:00,7,7,7.0
NOM,3393,84961778,2026-08-04 11:30:00,Tue,11:30:00,7,7,7.0
NOM,3393,84961779,2026-08-04 12:00:00,Tue,12:00:00,8,8,7.0
NOM,3393,84961780,2026-08-04 12:30:00,Tue,12:30:00,9,9,9.0
NOM,3393,84961781,2026-08-04 13:00:00,Tue,13:00:00,12,12,11.0
NOM,3393,84961782,2026-08-04 13:30:00,Tue,13:30:00,13,13,13.0
NOM,3393,84961783,2026-08-04 14:00:00,Tue,14:00:00,13,13,12.0
NOM,3393,84961784,2026-08-04 14:30:00,Tue,14:30:00,12,12,12.0
NOM,3393,84961785,2026-08-04 15:00:00,Tue,15:00:00,11,11,11.0
NOM,3393,84961786,2026-08-04 15:30:00,Tue,15:30:00,10,10,10.0
NOM,3393,84961787,2026-08-04 16:00:00,Tue,16:00:00,8,8,8.0
NOM,3393,84961788,2026-08-04 16:30:00,Tue,16:30:00,7,7,7.0
NOM,3393,84961789,2026-08-04 17:00:00,Tue,17:00:00,7,7,6.0
NOM,3393,84961790,2026-08-04 17:30:00,Tue,17:30:00,6,6,6.0
NOM,3393,84961791,2026-08-04 18:00:00,Tue,18:00:00,7,7,6.0
NOM,3393,84961792,2026-08-04 18:30:00,Tue,18:30:00,7,7,7.0
NOM,3393,84961793,2026-08-04 19:00:00,Tue,19:00:00,9,9,9.0
NOM,3393,84961794,2026-08-04 19:30:00,Tue,19:30:00,12,12,11.0
NOM,3393,84961795,2026-08-04 20:00:00,Tue,20:00:00,15,15,14.0
NOM,3393,84961796,2026-08-04 20:30:00,Tue,20:30:00,17,17,17.0
NOM,3393,84961797,2026-08-04 21:00:00,Tue,21:00:00,18,18,18.0
NOM,3393,84961798,2026-08-04 21:30:00,Tue,21:30:00,17,17,17.0
NOM,3393,84961799,2026-08-04 22:00:00,Tue,22:00:00,14,14,14.0
NOM,3393,84961800,2026-08-04 22:30:00,Tue,22:30:00,11,11,10.0
NOM,3393,84961801,2026-08-04 23:00:00,Tue,23:00:00,7,7,6.0
NOM,3393,84961802,2026-08-04 23:30:00,Tue,23:30:00,2,2,2.0
NOM,3393,84961803,2026-08-05 00:00:00,Wed,00:00:00,1,1,0.0
NOM,3393,84961804,2026-08-05 00:30:00,Wed,00:30:00,0,0,0.0
NOM,3393,84961805,2026-08-05 01:00:00,Wed,01:00:00,0,0,0.0
NOM,3393,84961806,2026-08-05 01:30:00,Wed,01:30:00,0,0,0.0
NOM,3393,84993391,2026-08-05 02:00:00,Wed,02:00:00,0,0,0.0
NOM,3393,84993392,2026-08-05 02:30:00,Wed,02:30:00,0,0,0.0
NOM,3393,84993393,2026-08-05 03:00:00,Wed,03:00:00,0,0,0.0
NOM,3393,84993394,2026-08-05 03:30:00,Wed,03:30:00,0,0,0.0
NOM,3393,84993395,2026-08-05 04:00:00,Wed,04:00:00,0,0,0.0
NOM,3393,84993396,2026-08-05 04:30:00,Wed,04:30:00,0,0,0.0
NOM,3393,84993397,2026-08-05 05:00:00,Wed,05:00:00,0,0,0.0
NOM,3393,84993398,2026-08-05 05:30:00,Wed,05:30:00,0,0,0.0
NOM,3393,84993399,2026-08-05 06:00:00,Wed,06:00:00,0,0,0.0
NOM,3393,84993400,2026-08-05 06:30:00,Wed,06:30:00,0,0,0.0
NOM,3393,84993401,2026-08-05 07:00:00,Wed,07:00:00,0,0,0.0
NOM,3393,84993402,2026-08-05 07:30:00,Wed,07:30:00,0,0,0.0
NOM,3393,84993403,2026-08-05 08:00:00,Wed,08:00:00,1,1,0.0
NOM,3393,84993404,2026-08-05 08:30:00,Wed,08:30:00,2,2,2.0
NOM,3393,84993405,2026-08-05 09:00:00,Wed,09:00:00,3,3,3.0
NOM,3393,84993406,2026-08-05 09:30:00,Wed,09:30:00,5,5,4.0
NOM,3393,84993407,2026-08-05 10:00:00,Wed,10:00:00,6,6,5.0
NOM,3393,84993408,2026-08-05 10:30:00,Wed,10:30:00,7,7,6.0
NOM,3393,84993409,2026-08-05 11:00:00,Wed,11:00:00,8,8,7.0
NOM,3393,84993410,2026-08-05 11:30:00,Wed,11:30:00,8,8,8.0
NOM,3393,84993411,2026-08-05 12:00:00,Wed,12:00:00,9,9,8.0
NOM,3393,84993412,2026-08-05 12:30:00,Wed,12:30:00,10,10,9.0
NOM,3393,84993413,2026-08-05 13:00:00,Wed,13:00:00,12,12,12.0
NOM,3393,84993414,2026-08-05 13:30:00,Wed,13:30:00,15,15,14.0
NOM,3393,84993415,2026-08-05 14:00:00,Wed,14:00:00,16,16,15.0
NOM,3393,84993416,2026-08-05 14:30:00,Wed,14:30:00,15,15,15.0
NOM,3393,84993417,2026-08-05 15:00:00,Wed,15:00:00,13,13,13.0
NOM,3393,84993418,2026-08-05 15:30:00,Wed,15:30:00,11,11,10.0
NOM,3393,84993419,2026-08-05 16:00:00,Wed,16:00:00,9,9,8.0
NOM,3393,84993420,2026-08-05 16:30:00,Wed,16:30:00,7,7,7.0
NOM,3393,84993421,2026-08-05 17:00:00,Wed,17:00:00,7,7,6.0
NOM,3393,84993422,2026-08-05 17:30:00,Wed,17:30:00,7,7,6.0
NOM,3393,84993423,2026-08-05 18:00:00,Wed,18:00:00,7,7,6.0
NOM,3393,84993424,2026-08-05 18:30:00,Wed,18:30:00,7,7,7.0
NOM,3393,84993425,2026-08-05 19:00:00,Wed,19:00:00,9,9,8.0
NOM,3393,84993426,2026-08-05 19:30:00,Wed,19:30:00,11,11,11.0
NOM,3393,84993427,2026-08-05 20:00:00,Wed,20:00:00,15,15,15.0
NOM,3393,84993428,2026-08-05 20:30:00,Wed,20:30:00,18,18,18.0
NOM,3393,84993429,2026-08-05 21:00:00,Wed,21:00:00,20,20,19.0
NOM,3393,84993430,2026-08-05 21:30:00,Wed,21:30:00,20,20,19.0
NOM,3393,84993431,2026-08-05 22:00:00,Wed,22:00:00,17,17,17.0
NOM,3393,84993432,2026-08-05 22:30:00,Wed,22:30:00,14,14,13.0
NOM,3393,84993433,2026-08-05 23:00:00,Wed,23:00:00,8,8,8.0
NOM,3393,84993434,2026-08-05 23:30:00,Wed,23:30:00,3,3,2.0
NOM,3393,84993435,2026-08-06 00:00:00,Thu,00:00:00,0,0,0.0
NOM,3393,84993436,2026-08-06 00:30:00,Thu,00:30:00,0,0,0.0
NOM,3393,84993437,2026-08-06 01:00:00,Thu,01:00:00,0,0,0.0
NOM,3393,84993438,2026-08-06 01:30:00,Thu,01:30:00,0,0,0.0
NOM,3393,85016431,2026-08-06 02:00:00,Thu,02:00:00,0,0,0.0
NOM,3393,85016432,2026-08-06 02:30:00,Thu,02:30:00,0,0,0.0
NOM,3393,85016433,2026-08-06 03:00:00,Thu,03:00:00,0,0,0.0
NOM,3393,85016434,2026-08-06 03:30:00,Thu,03:30:00,0,0,0.0
NOM,3393,85016435,2026-08-06 04:00:00,Thu,04:00:00,0,0,0.0
NOM,3393,85016436,2026-08-06 04:30:00,Thu,04:30:00,0,0,0.0
NOM,3393,85016437,2026-08-06 05:00:00,Thu,05:00:00,0,0,0.0
NOM,3393,85016438,2026-08-06 05:30:00,Thu,05:30:00,0,0,0.0
NOM,3393,85016439,2026-08-06 06:00:00,Thu,06:00:00,0,0,0.0
NOM,3393,85016440,2026-08-06 06:30:00,Thu,06:30:00,0,0,0.0
NOM,3393,85016441,2026-08-06 07:00:00,Thu,07:00:00,0,0,0.0
NOM,3393,85016442,2026-08-06 07:30:00,Thu,07:30:00,0,0,0.0
NOM,3393,85016443,2026-08-06 08:00:00,Thu,08:00:00,1,1,0.0
NOM,3393,85016444,2026-08-06 08:30:00,Thu,08:30:00,2,2,1.0
NOM,3393,85016445,2026-08-06 09:00:00,Thu,09:00:00,4,4,3.0
NOM,3393,85016446,2026-08-06 09:30:00,Thu,09:30:00,5,5,4.0
NOM,3393,85016447,2026-08-06 10:00:00,Thu,10:00:00,6,6,5.0
NOM,3393,85016448,2026-08-06 10:30:00,Thu,10:30:00,7,7,6.0
NOM,3393,85016449,2026-08-06 11:00:00,Thu,11:00:00,7,7,7.0
NOM,3393,85016450,2026-08-06 11:30:00,Thu,11:30:00,8,8,7.0
NOM,3393,85016451,2026-08-06 12:00:00,Thu,12:00:00,8,8,8.0
NOM,3393,85016452,2026-08-06 12:30:00,Thu,12:30:00,10,10,9.0
NOM,3393,85016453,2026-08-06 13:00:00,Thu,13:00:00,12,12,12.0
NOM,3393,85016454,2026-08-06 13:30:00,Thu,13:30:00,15,15,14.0
NOM,3393,85016455,2026-08-06 14:00:00,Thu,14:00:00,16,16,16.0
NOM,3393,85016456,2026-08-06 14:30:00,Thu,14:30:00,16,16,15.0
NOM,3393,85016457,2026-08-06 15:00:00,Thu,15:00:00,14,14,14.0
NOM,3393,85016458,2026-08-06 15:30:00,Thu,15:30:00,12,12,11.0
NOM,3393,85016459,2026-08-06 16:00:00,Thu,16:00:00,9,9,9.0
NOM,3393,85016460,2026-08-06 16:30:00,Thu,16:30:00,7,7,7.0
NOM,3393,85016461,2026-08-06 17:00:00,Thu,17:00:00,7,7,6.0
NOM,3393,85016462,2026-08-06 17:30:00,Thu,17:30:00,7,7,7.0
NOM,3393,85016463,2026-08-06 18:00:00,Thu,18:00:00,8,8,8.0
NOM,3393,85016464,2026-08-06 18:30:00,Thu,18:30:00,9,9,8.0
NOM,3393,85016465,2026-08-06 19:00:00,Thu,19:00:00,10,10,9.0
NOM,3393,85016466,2026-08-06 19:30:00,Thu,19:30:00,12,12,11.0
NOM,3393,85016467,2026-08-06 20:00:00,Thu,20:00:00,15,15,15.0
NOM,3393,85016468,2026-08-06 20:30:00,Thu,20:30:00,19,19,19.0
NOM,3393,85016469,2026-08-06 21:00:00,Thu,21:00:00,21,21,21.0
NOM,3393,85016470,2026-08-06 21:30:00,Thu,21:30:00,21,21,20.0
NOM,3393,85016471,2026-08-06 22:00:00,Thu,22:00:00,19,19,19.0
NOM,3393,85016472,2026-08-06 22:30:00,Thu,22:30:00,15,15,15.0
NOM,3393,85016473,2026-08-06 23:00:00,Thu,23:00:00,10,10,9.0
NOM,3393,85016474,2026-08-06 23:30:00,Thu,23:30:00,4,4,4.0
NOM,3393,85016475,2026-08-07 00:00:00,Fri,00:00:00,1,1,0.0
NOM,3393,85016476,2026-08-07 00:30:00,Fri,00:30:00,0,0,0.0
NOM,3393,85016477,2026-08-07 01:00:00,Fri,01:00:00,0,0,0.0
NOM,3393,85016478,2026-08-07 01:30:00,Fri,01:30:00,0,0,0.0
NOM,3393,85052623,2026-08-07 02:00:00,Fri,02:00:00,0,0,0.0
NOM,3393,85052624,2026-08-07 02:30:00,Fri,02:30:00,0,0,0.0
NOM,3393,85052625,2026-08-07 03:00:00,Fri,03:00:00,0,0,0.0
NOM,3393,85052626,2026-08-07 03:30:00,Fri,03:30:00,0,0,0.0
NOM,3393,85052627,2026-08-07 04:00:00,Fri,04:00:00,0,0,0.0
NOM,3393,85052628,2026-08-07 04:30:00,Fri,04:30:00,0,0,0.0
NOM,3393,85052629,2026-08-07 05:00:00,Fri,05:00:00,0,0,0.0
NOM,3393,85052630,2026-08-07 05:30:00,Fri,05:30:00,0,0,0.0
NOM,3393,85052631,2026-08-07 06:00:00,Fri,06:00:00,0,0,0.0
NOM,3393,85052632,2026-08-07 06:30:00,Fri,06:30:00,0,0,0.0
NOM,3393,85052633,2026-08-07 07:00:00,Fri,07:00:00,0,0,0.0
NOM,3393,85052634,2026-08-07 07:30:00,Fri,07:30:00,0,0,0.0
NOM,3393,85052635,2026-08-07 08:00:00,Fri,08:00:00,0,0,0.0
NOM,3393,85052636,2026-08-07 08:30:00,Fri,08:30:00,2,2,2.0
NOM,3393,85052637,2026-08-07 09:00:00,Fri,09:00:00,4,4,4.0
NOM,3393,85052638,2026-08-07 09:30:00,Fri,09:30:00,6,6,5.0
NOM,3393,85052639,2026-08-07 10:00:00,Fri,10:00:00,7,7,6.0
NOM,3393,85052640,2026-08-07 10:30:00,Fri,10:30:00,7,7,7.0
NOM,3393,85052641,2026-08-07 11:00:00,Fri,11:00:00,8,8,7.0
NOM,3393,85052642,2026-08-07 11:30:00,Fri,11:30:00,8,8,8.0
NOM,3393,85052643,2026-08-07 12:00:00,Fri,12:00:00,9,9,9.0
NOM,3393,85052644,2026-08-07 12:30:00,Fri,12:30:00,11,11,10.0
NOM,3393,85052645,2026-08-07 13:00:00,Fri,13:00:00,15,15,14.0
NOM,3393,85052646,2026-08-07 13:30:00,Fri,13:30:00,19,19,18.0
NOM,3393,85052647,2026-08-07 14:00:00,Fri,14:00:00,21,21,20.0
NOM,3393,85052648,2026-08-07 14:30:00,Fri,14:30:00,20,20,20.0
NOM,3393,85052649,2026-08-07 15:00:00,Fri,15:00:00,18,18,17.0
NOM,3393,85052650,2026-08-07 15:30:00,Fri,15:30:00,15,15,14.0
NOM,3393,85052651,2026-08-07 16:00:00,Fri,16:00:00,11,11,11.0
NOM,3393,85052652,2026-08-07 16:30:00,Fri,16:30:00,9,9,8.0
NOM,3393,85052653,2026-08-07 17:00:00,Fri,17:00:00,8,8,8.0
NOM,3393,85052654,2026-08-07 17:30:00,Fri,17:30:00,9,9,8.0
NOM,3393,85052655,2026-08-07 18:00:00,Fri,18:00:00,9,9,9.0
NOM,3393,85052656,2026-08-07 18:30:00,Fri,18:30:00,10,10,10.0
NOM,3393,85052657,2026-08-07 19:00:00,Fri,19:00:00,11,11,10.0
NOM,3393,85052658,2026-08-07 19:30:00,Fri,19:30:00,14,14,13.0
NOM,3393,85052659,2026-08-07 20:00:00,Fri,20:00:00,20,20,19.0
NOM,3393,85052660,2026-08-07 20:30:00,Fri,20:30:00,27,27,27.0
NOM,3393,85052661,2026-08-07 21:00:00,Fri,21:00:00,34,34,33.0
NOM,3393,85052662,2026-08-07 21:30:00,Fri,21:30:00,35,35,35.0
NOM,3393,85052663,2026-08-07 22:00:00,Fri,22:00:00,30,30,30.0
NOM,3393,85052664,2026-08-07 22:30:00,Fri,22:30:00,21,21,20.0
NOM,3393,85052665,2026-08-07 23:00:00,Fri,23:00:00,12,12,12.0
NOM,3393,85052666,2026-08-07 23:30:00,Fri,23:30:00,5,5,5.0
NOM,3393,85052667,2026-08-08 00:00:00,Sat,00:00:00,0,0,0.0
NOM,3393,85052668,2026-08-08 00:30:00,Sat,00:30:00,0,0,0.0
NOM,3393,85052669,2026-08-08 01:00:00,Sat,01:00:00,0,0,0.0
NOM,3393,85052670,2026-08-08 01:30:00,Sat,01:30:00,0,0,0.0
NOM,3393,85077487,2026-08-08 02:00:00,Sat,02:00:00,0,0,0.0
NOM,3393,85077488,2026-08-08 02:30:00,Sat,02:30:00,0,0,0.0
NOM,3393,85077489,2026-08-08 03:00:00,Sat,03:00:00,0,0,0.0
NOM,3393,85077490,2026-08-08 03:30:00,Sat,03:30:00,0,0,0.0
NOM,3393,85077491,2026-08-08 04:00:00,Sat,04:00:00,0,0,0.0
NOM,3393,85077492,2026-08-08 04:30:00,Sat,04:30:00,0,0,0.0
NOM,3393,85077493,2026-08-08 05:00:00,Sat,05:00:00,0,0,0.0
NOM,3393,85077494,2026-08-08 05:30:00,Sat,05:30:00,0,0,0.0
NOM,3393,85077495,2026-08-08 06:00:00,Sat,06:00:00,0,0,0.0
NOM,3393,85077496,2026-08-08 06:30:00,Sat,06:30:00,0,0,0.0
NOM,3393,85077497,2026-08-08 07:00:00,Sat,07:00:00,0,0,0.0
NOM,3393,85077498,2026-08-08 07:30:00,Sat,07:30:00,0,0,0.0
NOM,3393,85077499,2026-08-08 08:00:00,Sat,08:00:00,0,0,0.0
NOM,3393,85077500,2026-08-08 08:30:00,Sat,08:30:00,2,2,2.0
NOM,3393,85077501,2026-08-08 09:00:00,Sat,09:00:00,4,4,4.0
NOM,3393,85077502,2026-08-08 09:30:00,Sat,09:30:00,5,5,5.0
NOM,3393,85077503,2026-08-08 10:00:00,Sat,10:00:00,6,6,6.0
NOM,3393,85077504,2026-08-08 10:30:00,Sat,10:30:00,7,7,7.0
NOM,3393,85077505,2026-08-08 11:00:00,Sat,11:00:00,8,8,7.0
NOM,3393,85077506,2026-08-08 11:30:00,Sat,11:30:00,9,9,8.0
NOM,3393,85077507,2026-08-08 12:00:00,Sat,12:00:00,9,9,9.0
NOM,3393,85077508,2026-08-08 12:30:00,Sat,12:30:00,11,11,10.0
NOM,3393,85077509,2026-08-08 13:00:00,Sat,13:00:00,14,14,13.0
NOM,3393,85077510,2026-08-08 13:30:00,Sat,13:30:00,18,18,17.0
NOM,3393,85077511,2026-08-08 14:00:00,Sat,14:00:00,21,21,20.0
NOM,3393,85077512,2026-08-08 14:30:00,Sat,14:30:00,20,20,19.0
NOM,3393,85077513,2026-08-08 15:00:00,Sat,15:00:00,17,17,17.0
NOM,3393,85077514,2026-08-08 15:30:00,Sat,15:30:00,14,14,13.0
NOM,3393,85077515,2026-08-08 16:00:00,Sat,16:00:00,11,11,11.0
NOM,3393,85077516,2026-08-08 16:30:00,Sat,16:30:00,10,10,9.0
NOM,3393,85077517,2026-08-08 17:00:00,Sat,17:00:00,9,9,8.0
NOM,3393,85077518,2026-08-08 17:30:00,Sat,17:30:00,9,9,8.0
NOM,3393,85077519,2026-08-08 18:00:00,Sat,18:00:00,9,9,8.0
NOM,3393,85077520,2026-08-08 18:30:00,Sat,18:30:00,10,10,9.0
NOM,3393,85077521,2026-08-08 19:00:00,Sat,19:00:00,11,11,10.0
NOM,3393,85077522,2026-08-08 19:30:00,Sat,19:30:00,13,13,12.0
NOM,3393,85077523,2026-08-08 20:00:00,Sat,20:00:00,18,18,17.0
NOM,3393,85077524,2026-08-08 20:30:00,Sat,20:30:00,26,26,25.0
NOM,3393,85077525,2026-08-08 21:00:00,Sat,21:00:00,31,31,30.0
NOM,3393,85077526,2026-08-08 21:30:00,Sat,21:30:00,30,30,30.0
NOM,3393,85077527,2026-08-08 22:00:00,Sat,22:00:00,26,26,25.0
NOM,3393,85077528,2026-08-08 22:30:00,Sat,22:30:00,20,20,19.0
NOM,3393,85077529,2026-08-08 23:00:00,Sat,23:00:00,14,14,13.0
NOM,3393,85077530,2026-08-08 23:30:00,Sat,23:30:00,6,6,6.0
NOM,3393,85077531,2026-08-09 00:00:00,Sun,00:00:00,1,1,1.0
NOM,3393,85077532,2026-08-09 00:30:00,Sun,00:30:00,1,1,0.0
NOM,3393,85077533,2026-08-09 01:00:00,Sun,01:00:00,0,0,0.0
NOM,3393,85077534,2026-08-09 01:30:00,Sun,01:30:00,0,0,0.0
NOM,3393,85122463,2026-08-09 02:00:00,Sun,02:00:00,0,0,0.0
NOM,3393,85122464,2026-08-09 02:30:00,Sun,02:30:00,0,0,0.0
NOM,3393,85122465,2026-08-09 03:00:00,Sun,03:00:00,0,0,0.0
NOM,3393,85122466,2026-08-09 03:30:00,Sun,03:30:00,0,0,0.0
NOM,3393,85122467,2026-08-09 04:00:00,Sun,04:00:00,0,0,0.0
NOM,3393,85122468,2026-08-09 04:30:00,Sun,04:30:00,0,0,0.0
NOM,3393,85122469,2026-08-09 05:00:00,Sun,05:00:00,0,0,0.0
NOM,3393,85122470,2026-08-09 05:30:00,Sun,05:30:00,0,0,0.0
NOM,3393,85122471,2026-08-09 06:00:00,Sun,06:00:00,0,0,0.0
NOM,3393,85122472,2026-08-09 06:30:00,Sun,06:30:00,0,0,0.0
NOM,3393,85122473,2026-08-09 07:00:00,Sun,07:00:00,0,0,0.0
NOM,3393,85122474,2026-08-09 07:30:00,Sun,07:30:00,0,0,0.0
NOM,3393,85122475,2026-08-09 08:00:00,Sun,08:00:00,1,1,0.0
NOM,3393,85122476,2026-08-09 08:30:00,Sun,08:30:00,2,2,2.0
NOM,3393,85122477,2026-08-09 09:00:00,Sun,09:00:00,4,4,4.0
NOM,3393,85122478,2026-08-09 09:30:00,Sun,09:30:00,5,5,5.0
NOM,3393,85122479,2026-08-09 10:00:00,Sun,10:00:00,7,7,6.0
NOM,3393,85122480,2026-08-09 10:30:00,Sun,10:30:00,8,8,7.0
NOM,3393,85122481,2026-08-09 11:00:00,Sun,11:00:00,9,9,8.0
NOM,3393,85122482,2026-08-09 11:30:00,Sun,11:30:00,9,9,9.0
NOM,3393,85122483,2026-08-09 12:00:00,Sun,12:00:00,10,10,10.0
NOM,3393,85122484,2026-08-09 12:30:00,Sun,12:30:00,12,12,12.0
NOM,3393,85122485,2026-08-09 13:00:00,Sun,13:00:00,16,16,15.0
NOM,3393,85122486,2026-08-09 13:30:00,Sun,13:30:00,20,20,20.0
NOM,3393,85122487,2026-08-09 14:00:00,Sun,14:00:00,24,24,23.0
NOM,3393,85122488,2026-08-09 14:30:00,Sun,14:30:00,23,23,22.0
NOM,3393,85122489,2026-08-09 15:00:00,Sun,15:00:00,19,19,19.0
NOM,3393,85122490,2026-08-09 15:30:00,Sun,15:30:00,16,16,16.0
NOM,3393,85122491,2026-08-09 16:00:00,Sun,16:00:00,14,14,13.0
NOM,3393,85122492,2026-08-09 16:30:00,Sun,16:30:00,12,12,11.0
NOM,3393,85122493,2026-08-09 17:00:00,Sun,17:00:00,10,10,9.0
NOM,3393,85122494,2026-08-09 17:30:00,Sun,17:30:00,10,10,10.0
NOM,3393,85122495,2026-08-09 18:00:00,Sun,18:00:00,11,11,10.0
NOM,3393,85122496,2026-08-09 18:30:00,Sun,18:30:00,11,11,11.0
NOM,3393,85122497,2026-08-09 19:00:00,Sun,19:00:00,12,12,12.0
NOM,3393,85122498,2026-08-09 19:30:00,Sun,19:30:00,14,14,14.0
NOM,3393,85122499,2026-08-09 20:00:00,Sun,20:00:00,20,20,19.0
NOM,3393,85122500,2026-08-09 20:30:00,Sun,20:30:00,26,26,25.0
NOM,3393,85122501,2026-08-09 21:00:00,Sun,21:00:00,29,29,28.0
NOM,3393,85122502,2026-08-09 21:30:00,Sun,21:30:00,27,27,26.0
NOM,3393,85122503,2026-08-09 22:00:00,Sun,22:00:00,22,22,21.0
NOM,3393,85122504,2026-08-09 22:30:00,Sun,22:30:00,16,16,15.0
NOM,3393,85122505,2026-08-09 23:00:00,Sun,23:00:00,9,9,9.0
NOM,3393,85122506,2026-08-09 23:30:00,Sun,23:30:00,3,3,3.0
SAB,3393,84891003,2026-08-03 00:00:00,Mon,00:00:00,0,0,0.0
SAB,3393,84891004,2026-08-03 00:30:00,Mon,00:30:00,0,0,0.0
SAB,3393,84891005,2026-08-03 01:00:00,Mon,01:00:00,0,0,0.0
SAB,3393,84891006,2026-08-03 01:30:00,Mon,01:30:00,0,0,0.0
SAB,3393,84923167,2026-08-03 02:00:00,Mon,02:00:00,0,0,0.0
SAB,3393,84923168,2026-08-03 02:30:00,Mon,02:30:00,0,0,0.0
SAB,3393,84923169,2026-08-03 03:00:00,Mon,03:00:00,0,0,0.0
SAB,3393,84923170,2026-08-03 03:30:00,Mon,03:30:00,0,0,0.0
SAB,3393,84923171,2026-08-03 04:00:00,Mon,04:00:00,0,0,0.0
SAB,3393,84923172,2026-08-03 04:30:00,Mon,04:30:00,0,0,0.0
SAB,3393,84923173,2026-08-03 05:00:00,Mon,05:00:00,0,0,0.0
SAB,3393,84923174,2026-08-03 05:30:00,Mon,05:30:00,0,0,0.0
SAB,3393,84923175,2026-08-03 06:00:00,Mon,06:00:00,0,0,0.0
SAB,3393,84923176,2026-08-03 06:30:00,Mon,06:30:00,0,0,0.0
SAB,3393,84923177,2026-08-03 07:00:00,Mon,07:00:00,0,0,0.0
SAB,3393,84923178,2026-08-03 07:30:00,Mon,07:30:00,0,0,0.0
SAB,3393,84923179,2026-08-03 08:00:00,Mon,08:00:00,0,0,0.0
SAB,3393,84923180,2026-08-03 08:30:00,Mon,08:30:00,0,0,0.0
SAB,3393,84923181,2026-08-03 09:00:00,Mon,09:00:00,0,0,0.0
SAB,3393,84923182,2026-08-03 09:30:00,Mon,09:30:00,0,0,0.0
SAB,3393,84923183,2026-08-03 10:00:00,Mon,10:00:00,0,0,0.0
SAB,3393,84923184,2026-08-03 10:30:00,Mon,10:30:00,0,0,0.0
SAB,3393,84923185,2026-08-03 11:00:00,Mon,11:00:00,0,0,0.0
SAB,3393,84923186,2026-08-03 11:30:00,Mon,11:30:00,0,0,0.0
SAB,3393,84923187,2026-08-03 12:00:00,Mon,12:00:00,3,3,3.0
SAB,3393,84923188,2026-08-03 12:30:00,Mon,12:30:00,5,5,5.0
SAB,3393,84923189,2026-08-03 13:00:00,Mon,13:00:00,8,8,7.0
SAB,3393,84923190,2026-08-03 13:30:00,Mon,13:30:00,9,9,8.0
SAB,3393,84923191,2026-08-03 14:00:00,Mon,14:00:00,9,9,8.0
SAB,3393,84923192,2026-08-03 14:30:00,Mon,14:30:00,9,9,8.0
SAB,3393,84923193,2026-08-03 15:00:00,Mon,15:00:00,8,8,7.0
SAB,3393,84923194,2026-08-03 15:30:00,Mon,15:30:00,5,5,5.0
SAB,3393,84923195,2026-08-03 16:00:00,Mon,16:00:00,3,3,3.0
SAB,3393,84923196,2026-08-03 16:30:00,Mon,16:30:00,3,3,3.0
SAB,3393,84923197,2026-08-03 17:00:00,Mon,17:00:00,3,3,3.0
SAB,3393,84923198,2026-08-03 17:30:00,Mon,17:30:00,3,3,3.0
SAB,3393,84923199,2026-08-03 18:00:00,Mon,18:00:00,3,3,3.0
SAB,3393,84923200,2026-08-03 18:30:00,Mon,18:30:00,3,3,3.0
SAB,3393,84923201,2026-08-03 19:00:00,Mon,19:00:00,5,5,5.0
SAB,3393,84923202,2026-08-03 19:30:00,Mon,19:30:00,8,8,7.0
SAB,3393,84923203,2026-08-03 20:00:00,Mon,20:00:00,12,12,11.0
SAB,3393,84923204,2026-08-03 20:30:00,Mon,20:30:00,13,13,12.0
SAB,3393,84923205,2026-08-03 21:00:00,Mon,21:00:00,13,13,12.0
SAB,3393,84923206,2026-08-03 21:30:00,Mon,21:30:00,12,12,11.0
SAB,3393,84923207,2026-08-03 22:00:00,Mon,22:00:00,10,10,9.0
SAB,3393,84923208,2026-08-03 22:30:00,Mon,22:30:00,8,8,7.0
SAB,3393,84923209,2026-08-03 23:00:00,Mon,23:00:00,5,5,5.0
SAB,3393,84923210,2026-08-03 23:30:00,Mon,23:30:00,3,3,3.0
SAB,3393,84923211,2026-08-04 00:00:00,Tue,00:00:00,0,0,0.0
SAB,3393,84923212,2026-08-04 00:30:00,Tue,00:30:00,0,0,0.0
SAB,3393,84923213,2026-08-04 01:00:00,Tue,01:00:00,0,0,0.0
SAB,3393,84923214,2026-08-04 01:30:00,Tue,01:30:00,0,0,0.0
SAB,3393,84956863,2026-08-04 02:00:00,Tue,02:00:00,0,0,0.0
SAB,3393,84956864,2026-08-04 02:30:00,Tue,02:30:00,0,0,0.0
SAB,3393,84956865,2026-08-04 03:00:00,Tue,03:00:00,0,0,0.0
SAB,3393,84956866,2026-08-04 03:30:00,Tue,03:30:00,0,0,0.0
SAB,3393,84956867,2026-08-04 04:00:00,Tue,04:00:00,0,0,0.0
SAB,3393,84956868,2026-08-04 04:30:00,Tue,04:30:00,0,0,0.0
SAB,3393,84956869,2026-08-04 05:00:00,Tue,05:00:00,0,0,0.0
SAB,3393,84956870,2026-08-04 05:30:00,Tue,05:30:00,0,0,0.0
SAB,3393,84956871,2026-08-04 06:00:00,Tue,06:00:00,0,0,0.0
SAB,3393,84956872,2026-08-04 06:30:00,Tue,06:30:00,0,0,0.0
SAB,3393,84956873,2026-08-04 07:00:00,Tue,07:00:00,0,0,0.0
SAB,3393,84956874,2026-08-04 07:30:00,Tue,07:30:00,0,0,0.0
SAB,3393,84956875,2026-08-04 08:00:00,Tue,08:00:00,0,0,0.0
SAB,3393,84956876,2026-08-04 08:30:00,Tue,08:30:00,0,0,0.0
SAB,3393,84956877,2026-08-04 09:00:00,Tue,09:00:00,0,0,0.0
SAB,3393,84956878,2026-08-04 09:30:00,Tue,09:30:00,0,0,0.0
SAB,3393,84956879,2026-08-04 10:00:00,Tue,10:00:00,0,0,0.0
SAB,3393,84956880,2026-08-04 10:30:00,Tue,10:30:00,0,0,0.0
SAB,3393,84956881,2026-08-04 11:00:00,Tue,11:00:00,0,0,0.0
SAB,3393,84956882,2026-08-04 11:30:00,Tue,11:30:00,0,0,0.0
SAB,3393,84956883,2026-08-04 12:00:00,Tue,12:00:00,3,3,3.0
SAB,3393,84956884,2026-08-04 12:30:00,Tue,12:30:00,5,5,5.0
SAB,3393,84956885,2026-08-04 13:00:00,Tue,13:00:00,7,7,6.0
SAB,3393,84956886,2026-08-04 13:30:00,Tue,13:30:00,8,8,7.0
SAB,3393,84956887,2026-08-04 14:00:00,Tue,14:00:00,8,8,7.0
SAB,3393,84956888,2026-08-04 14:30:00,Tue,14:30:00,8,8,7.0
SAB,3393,84956889,2026-08-04 15:00:00,Tue,15:00:00,8,8,7.0
SAB,3393,84956890,2026-08-04 15:30:00,Tue,15:30:00,5,5,5.0
SAB,3393,84956891,2026-08-04 16:00:00,Tue,16:00:00,3,3,3.0
SAB,3393,84956892,2026-08-04 16:30:00,Tue,16:30:00,3,3,3.0
SAB,3393,84956893,2026-08-04 17:00:00,Tue,17:00:00,3,3,3.0
SAB,3393,84956894,2026-08-04 17:30:00,Tue,17:30:00,3,3,3.0
SAB,3393,84956895,2026-08-04 18:00:00,Tue,18:00:00,3,3,3.0
SAB,3393,84956896,2026-08-04 18:30:00,Tue,18:30:00,3,3,3.0
SAB,3393,84956897,2026-08-04 19:00:00,Tue,19:00:00,5,5,5.0
SAB,3393,84956898,2026-08-04 19:30:00,Tue,19:30:00,9,9,8.0
SAB,3393,84956899,2026-08-04 20:00:00,Tue,20:00:00,12,12,11.0
SAB,3393,84956900,2026-08-04 20:30:00,Tue,20:30:00,15,15,14.0
SAB,3393,84956901,2026-08-04 21:00:00,Tue,21:00:00,17,17,16.0
SAB,3393,84956902,2026-08-04 21:30:00,Tue,21:30:00,15,15,14.0
SAB,3393,84956903,2026-08-04 22:00:00,Tue,22:00:00,11,11,10.0
SAB,3393,84956904,2026-08-04 22:30:00,Tue,22:30:00,8,8,7.0
SAB,3393,84956905,2026-08-04 23:00:00,Tue,23:00:00,5,5,5.0
SAB,3393,84956906,2026-08-04 23:30:00,Tue,23:30:00,3,3,3.0
SAB,3393,84956907,2026-08-05 00:00:00,Wed,00:00:00,0,0,0.0
SAB,3393,84956908,2026-08-05 00:30:00,Wed,00:30:00,0,0,0.0
SAB,3393,84956909,2026-08-05 01:00:00,Wed,01:00:00,0,0,0.0
SAB,3393,84956910,2026-08-05 01:30:00,Wed,01:30:00,0,0,0.0
SAB,3393,84989551,2026-08-05 02:00:00,Wed,02:00:00,0,0,0.0
SAB,3393,84989552,2026-08-05 02:30:00,Wed,02:30:00,0,0,0.0
SAB,3393,84989553,2026-08-05 03:00:00,Wed,03:00:00,0,0,0.0
SAB,3393,84989554,2026-08-05 03:30:00,Wed,03:30:00,0,0,0.0
SAB,3393,84989555,2026-08-05 04:00:00,Wed,04:00:00,0,0,0.0
SAB,3393,84989556,2026-08-05 04:30:00,Wed,04:30:00,0,0,0.0
SAB,3393,84989557,2026-08-05 05:00:00,Wed,05:00:00,0,0,0.0
SAB,3393,84989558,2026-08-05 05:30:00,Wed,05:30:00,0,0,0.0
SAB,3393,84989559,2026-08-05 06:00:00,Wed,06:00:00,0,0,0.0
SAB,3393,84989560,2026-08-05 06:30:00,Wed,06:30:00,0,0,0.0
SAB,3393,84989561,2026-08-05 07:00:00,Wed,07:00:00,0,0,0.0
SAB,3393,84989562,2026-08-05 07:30:00,Wed,07:30:00,0,0,0.0
SAB,3393,84989563,2026-08-05 08:00:00,Wed,08:00:00,0,0,0.0
SAB,3393,84989564,2026-08-05 08:30:00,Wed,08:30:00,0,0,0.0
SAB,3393,84989565,2026-08-05 09:00:00,Wed,09:00:00,0,0,0.0
SAB,3393,84989566,2026-08-05 09:30:00,Wed,09:30:00,0,0,0.0
SAB,3393,84989567,2026-08-05 10:00:00,Wed,10:00:00,0,0,0.0
SAB,3393,84989568,2026-08-05 10:30:00,Wed,10:30:00,0,0,0.0
SAB,3393,84989569,2026-08-05 11:00:00,Wed,11:00:00,0,0,0.0
SAB,3393,84989570,2026-08-05 11:30:00,Wed,11:30:00,0,0,0.0
SAB,3393,84989571,2026-08-05 12:00:00,Wed,12:00:00,3,3,3.0
SAB,3393,84989572,2026-08-05 12:30:00,Wed,12:30:00,5,5,5.0
SAB,3393,84989573,2026-08-05 13:00:00,Wed,13:00:00,8,8,7.0
SAB,3393,84989574,2026-08-05 13:30:00,Wed,13:30:00,9,9,8.0
SAB,3393,84989575,2026-08-05 14:00:00,Wed,14:00:00,9,9,8.0
SAB,3393,84989576,2026-08-05 14:30:00,Wed,14:30:00,8,8,7.0
SAB,3393,84989577,2026-08-05 15:00:00,Wed,15:00:00,7,7,6.0
SAB,3393,84989578,2026-08-05 15:30:00,Wed,15:30:00,5,5,5.0
SAB,3393,84989579,2026-08-05 16:00:00,Wed,16:00:00,3,3,3.0
SAB,3393,84989580,2026-08-05 16:30:00,Wed,16:30:00,3,3,3.0
SAB,3393,84989581,2026-08-05 17:00:00,Wed,17:00:00,3,3,3.0
SAB,3393,84989582,2026-08-05 17:30:00,Wed,17:30:00,3,3,3.0
SAB,3393,84989583,2026-08-05 18:00:00,Wed,18:00:00,3,3,3.0
SAB,3393,84989584,2026-08-05 18:30:00,Wed,18:30:00,3,3,3.0
SAB,3393,84989585,2026-08-05 19:00:00,Wed,19:00:00,5,5,5.0
SAB,3393,84989586,2026-08-05 19:30:00,Wed,19:30:00,9,9,8.0
SAB,3393,84989587,2026-08-05 20:00:00,Wed,20:00:00,13,13,12.0
SAB,3393,84989588,2026-08-05 20:30:00,Wed,20:30:00,18,18,17.0
SAB,3393,84989589,2026-08-05 21:00:00,Wed,21:00:00,21,21,19.0
SAB,3393,84989590,2026-08-05 21:30:00,Wed,21:30:00,18,18,17.0
SAB,3393,84989591,2026-08-05 22:00:00,Wed,22:00:00,13,13,12.0
SAB,3393,84989592,2026-08-05 22:30:00,Wed,22:30:00,9,9,8.0
SAB,3393,84989593,2026-08-05 23:00:00,Wed,23:00:00,5,5,5.0
SAB,3393,84989594,2026-08-05 23:30:00,Wed,23:30:00,3,3,3.0
SAB,3393,84989595,2026-08-06 00:00:00,Thu,00:00:00,0,0,0.0
SAB,3393,84989596,2026-08-06 00:30:00,Thu,00:30:00,0,0,0.0
SAB,3393,84989597,2026-08-06 01:00:00,Thu,01:00:00,0,0,0.0
SAB,3393,84989598,2026-08-06 01:30:00,Thu,01:30:00,0,0,0.0
SAB,3393,85020895,2026-08-06 02:00:00,Thu,02:00:00,0,0,0.0
SAB,3393,85020896,2026-08-06 02:30:00,Thu,02:30:00,0,0,0.0
SAB,3393,85020897,2026-08-06 03:00:00,Thu,03:00:00,0,0,0.0
SAB,3393,85020898,2026-08-06 03:30:00,Thu,03:30:00,0,0,0.0
SAB,3393,85020899,2026-08-06 04:00:00,Thu,04:00:00,0,0,0.0
SAB,3393,85020900,2026-08-06 04:30:00,Thu,04:30:00,0,0,0.0
SAB,3393,85020901,2026-08-06 05:00:00,Thu,05:00:00,0,0,0.0
SAB,3393,85020902,2026-08-06 05:30:00,Thu,05:30:00,0,0,0.0
SAB,3393,85020903,2026-08-06 06:00:00,Thu,06:00:00,0,0,0.0
SAB,3393,85020904,2026-08-06 06:30:00,Thu,06:30:00,0,0,0.0
SAB,3393,85020905,2026-08-06 07:00:00,Thu,07:00:00,0,0,0.0
SAB,3393,85020906,2026-08-06 07:30:00,Thu,07:30:00,0,0,0.0
SAB,3393,85020907,2026-08-06 08:00:00,Thu,08:00:00,0,0,0.0
SAB,3393,85020908,2026-08-06 08:30:00,Thu,08:30:00,0,0,0.0
SAB,3393,85020909,2026-08-06 09:00:00,Thu,09:00:00,0,0,0.0
SAB,3393,85020910,2026-08-06 09:30:00,Thu,09:30:00,0,0,0.0
SAB,3393,85020911,2026-08-06 10:00:00,Thu,10:00:00,0,0,0.0
SAB,3393,85020912,2026-08-06 10:30:00,Thu,10:30:00,0,0,0.0
SAB,3393,85020913,2026-08-06 11:00:00,Thu,11:00:00,0,0,0.0
SAB,3393,85020914,2026-08-06 11:30:00,Thu,11:30:00,0,0,0.0
SAB,3393,85020915,2026-08-06 12:00:00,Thu,12:00:00,3,3,3.0
SAB,3393,85020916,2026-08-06 12:30:00,Thu,12:30:00,5,5,5.0
SAB,3393,85020917,2026-08-06 13:00:00,Thu,13:00:00,7,7,6.0
SAB,3393,85020918,2026-08-06 13:30:00,Thu,13:30:00,9,9,8.0
SAB,3393,85020919,2026-08-06 14:00:00,Thu,14:00:00,10,10,9.0
SAB,3393,85020920,2026-08-06 14:30:00,Thu,14:30:00,9,9,8.0
SAB,3393,85020921,2026-08-06 15:00:00,Thu,15:00:00,7,7,6.0
SAB,3393,85020922,2026-08-06 15:30:00,Thu,15:30:00,5,5,5.0
SAB,3393,85020923,2026-08-06 16:00:00,Thu,16:00:00,3,3,3.0
SAB,3393,85020924,2026-08-06 16:30:00,Thu,16:30:00,3,3,3.0
SAB,3393,85020925,2026-08-06 17:00:00,Thu,17:00:00,3,3,3.0
SAB,3393,85020926,2026-08-06 17:30:00,Thu,17:30:00,3,3,3.0
SAB,3393,85020927,2026-08-06 18:00:00,Thu,18:00:00,3,3,3.0
SAB,3393,85020928,2026-08-06 18:30:00,Thu,18:30:00,3,3,3.0
SAB,3393,85020929,2026-08-06 19:00:00,Thu,19:00:00,5,5,5.0
SAB,3393,85020930,2026-08-06 19:30:00,Thu,19:30:00,9,9,8.0
SAB,3393,85020931,2026-08-06 20:00:00,Thu,20:00:00,13,13,12.0
SAB,3393,85020932,2026-08-06 20:30:00,Thu,20:30:00,18,18,17.0
SAB,3393,85020933,2026-08-06 21:00:00,Thu,21:00:00,21,21,19.0
SAB,3393,85020934,2026-08-06 21:30:00,Thu,21:30:00,18,18,17.0
SAB,3393,85020935,2026-08-06 22:00:00,Thu,22:00:00,12,12,11.0
SAB,3393,85020936,2026-08-06 22:30:00,Thu,22:30:00,8,8,7.0
SAB,3393,85020937,2026-08-06 23:00:00,Thu,23:00:00,5,5,5.0
SAB,3393,85020938,2026-08-06 23:30:00,Thu,23:30:00,3,3,3.0
SAB,3393,85020939,2026-08-07 00:00:00,Fri,00:00:00,0,0,0.0
SAB,3393,85020940,2026-08-07 00:30:00,Fri,00:30:00,0,0,0.0
SAB,3393,85020941,2026-08-07 01:00:00,Fri,01:00:00,0,0,0.0
SAB,3393,85020942,2026-08-07 01:30:00,Fri,01:30:00,0,0,0.0
SAB,3393,85046287,2026-08-07 02:00:00,Fri,02:00:00,0,0,0.0
SAB,3393,85046288,2026-08-07 02:30:00,Fri,02:30:00,0,0,0.0
SAB,3393,85046289,2026-08-07 03:00:00,Fri,03:00:00,0,0,0.0
SAB,3393,85046290,2026-08-07 03:30:00,Fri,03:30:00,0,0,0.0
SAB,3393,85046291,2026-08-07 04:00:00,Fri,04:00:00,0,0,0.0
SAB,3393,85046292,2026-08-07 04:30:00,Fri,04:30:00,0,0,0.0
SAB,3393,85046293,2026-08-07 05:00:00,Fri,05:00:00,0,0,0.0
SAB,3393,85046294,2026-08-07 05:30:00,Fri,05:30:00,0,0,0.0
SAB,3393,85046295,2026-08-07 06:00:00,Fri,06:00:00,0,0,0.0
SAB,3393,85046296,2026-08-07 06:30:00,Fri,06:30:00,0,0,0.0
SAB,3393,85046297,2026-08-07 07:00:00,Fri,07:00:00,0,0,0.0
SAB,3393,85046298,2026-08-07 07:30:00,Fri,07:30:00,0,0,0.0
SAB,3393,85046299,2026-08-07 08:00:00,Fri,08:00:00,0,0,0.0
SAB,3393,85046300,2026-08-07 08:30:00,Fri,08:30:00,0,0,0.0
SAB,3393,85046301,2026-08-07 09:00:00,Fri,09:00:00,0,0,0.0
SAB,3393,85046302,2026-08-07 09:30:00,Fri,09:30:00,0,0,0.0
SAB,3393,85046303,2026-08-07 10:00:00,Fri,10:00:00,0,0,0.0
SAB,3393,85046304,2026-08-07 10:30:00,Fri,10:30:00,0,0,0.0
SAB,3393,85046305,2026-08-07 11:00:00,Fri,11:00:00,0,0,0.0
SAB,3393,85046306,2026-08-07 11:30:00,Fri,11:30:00,0,0,0.0
SAB,3393,85046307,2026-08-07 12:00:00,Fri,12:00:00,3,3,3.0
SAB,3393,85046308,2026-08-07 12:30:00,Fri,12:30:00,5,5,5.0
SAB,3393,85046309,2026-08-07 13:00:00,Fri,13:00:00,8,8,7.0
SAB,3393,85046310,2026-08-07 13:30:00,Fri,13:30:00,10,10,9.0
SAB,3393,85046311,2026-08-07 14:00:00,Fri,14:00:00,12,12,11.0
SAB,3393,85046312,2026-08-07 14:30:00,Fri,14:30:00,10,10,9.0
SAB,3393,85046313,2026-08-07 15:00:00,Fri,15:00:00,8,8,7.0
SAB,3393,85046314,2026-08-07 15:30:00,Fri,15:30:00,7,7,6.0
SAB,3393,85046315,2026-08-07 16:00:00,Fri,16:00:00,5,5,5.0
SAB,3393,85046316,2026-08-07 16:30:00,Fri,16:30:00,3,3,3.0
SAB,3393,85046317,2026-08-07 17:00:00,Fri,17:00:00,3,3,3.0
SAB,3393,85046318,2026-08-07 17:30:00,Fri,17:30:00,3,3,3.0
SAB,3393,85046319,2026-08-07 18:00:00,Fri,18:00:00,5,5,5.0
SAB,3393,85046320,2026-08-07 18:30:00,Fri,18:30:00,5,5,5.0
SAB,3393,85046321,2026-08-07 19:00:00,Fri,19:00:00,8,8,7.0
SAB,3393,85046322,2026-08-07 19:30:00,Fri,19:30:00,13,13,12.0
SAB,3393,85046323,2026-08-07 20:00:00,Fri,20:00:00,22,22,20.0
SAB,3393,85046324,2026-08-07 20:30:00,Fri,20:30:00,30,30,28.0
SAB,3393,85046325,2026-08-07 21:00:00,Fri,21:00:00,35,35,32.0
SAB,3393,85046326,2026-08-07 21:30:00,Fri,21:30:00,32,32,29.0
SAB,3393,85046327,2026-08-07 22:00:00,Fri,22:00:00,26,26,24.0
SAB,3393,85046328,2026-08-07 22:30:00,Fri,22:30:00,18,18,17.0
SAB,3393,85046329,2026-08-07 23:00:00,Fri,23:00:00,10,10,9.0
SAB,3393,85046330,2026-08-07 23:30:00,Fri,23:30:00,3,3,3.0
SAB,3393,85046331,2026-08-08 00:00:00,Sat,00:00:00,0,0,0.0
SAB,3393,85046332,2026-08-08 00:30:00,Sat,00:30:00,0,0,0.0
SAB,3393,85046333,2026-08-08 01:00:00,Sat,01:00:00,0,0,0.0
SAB,3393,85046334,2026-08-08 01:30:00,Sat,01:30:00,0,0,0.0
SAB,3393,85084975,2026-08-08 02:00:00,Sat,02:00:00,0,0,0.0
SAB,3393,85084976,2026-08-08 02:30:00,Sat,02:30:00,0,0,0.0
SAB,3393,85084977,2026-08-08 03:00:00,Sat,03:00:00,0,0,0.0
SAB,3393,85084978,2026-08-08 03:30:00,Sat,03:30:00,0,0,0.0
SAB,3393,85084979,2026-08-08 04:00:00,Sat,04:00:00,0,0,0.0
SAB,3393,85084980,2026-08-08 04:30:00,Sat,04:30:00,0,0,0.0
SAB,3393,85084981,2026-08-08 05:00:00,Sat,05:00:00,0,0,0.0
SAB,3393,85084982,2026-08-08 05:30:00,Sat,05:30:00,0,0,0.0
SAB,3393,85084983,2026-08-08 06:00:00,Sat,06:00:00,0,0,0.0
SAB,3393,85084984,2026-08-08 06:30:00,Sat,06:30:00,0,0,0.0
SAB,3393,85084985,2026-08-08 07:00:00,Sat,07:00:00,0,0,0.0
SAB,3393,85084986,2026-08-08 07:30:00,Sat,07:30:00,0,0,0.0
SAB,3393,85084987,2026-08-08 08:00:00,Sat,08:00:00,0,0,0.0
SAB,3393,85084988,2026-08-08 08:30:00,Sat,08:30:00,0,0,0.0
SAB,3393,85084989,2026-08-08 09:00:00,Sat,09:00:00,0,0,0.0
SAB,3393,85084990,2026-08-08 09:30:00,Sat,09:30:00,0,0,0.0
SAB,3393,85084991,2026-08-08 10:00:00,Sat,10:00:00,0,0,0.0
SAB,3393,85084992,2026-08-08 10:30:00,Sat,10:30:00,0,0,0.0
SAB,3393,85084993,2026-08-08 11:00:00,Sat,11:00:00,0,0,0.0
SAB,3393,85084994,2026-08-08 11:30:00,Sat,11:30:00,0,0,0.0
SAB,3393,85084995,2026-08-08 12:00:00,Sat,12:00:00,3,3,3.0
SAB,3393,85084996,2026-08-08 12:30:00,Sat,12:30:00,8,8,7.0
SAB,3393,85084997,2026-08-08 13:00:00,Sat,13:00:00,12,12,11.0
SAB,3393,85084998,2026-08-08 13:30:00,Sat,13:30:00,15,15,14.0
SAB,3393,85084999,2026-08-08 14:00:00,Sat,14:00:00,15,15,14.0
SAB,3393,85085000,2026-08-08 14:30:00,Sat,14:30:00,13,13,12.0
SAB,3393,85085001,2026-08-08 15:00:00,Sat,15:00:00,11,11,10.0
SAB,3393,85085002,2026-08-08 15:30:00,Sat,15:30:00,8,8,7.0
SAB,3393,85085003,2026-08-08 16:00:00,Sat,16:00:00,5,5,5.0
SAB,3393,85085004,2026-08-08 16:30:00,Sat,16:30:00,5,5,5.0
SAB,3393,85085005,2026-08-08 17:00:00,Sat,17:00:00,3,3,3.0
SAB,3393,85085006,2026-08-08 17:30:00,Sat,17:30:00,3,3,3.0
SAB,3393,85085007,2026-08-08 18:00:00,Sat,18:00:00,3,3,3.0
SAB,3393,85085008,2026-08-08 18:30:00,Sat,18:30:00,5,5,5.0
SAB,3393,85085009,2026-08-08 19:00:00,Sat,19:00:00,8,8,7.0
SAB,3393,85085010,2026-08-08 19:30:00,Sat,19:30:00,12,12,11.0
SAB,3393,85085011,2026-08-08 20:00:00,Sat,20:00:00,22,22,20.0
SAB,3393,85085012,2026-08-08 20:30:00,Sat,20:30:00,32,32,29.0
SAB,3393,85085013,2026-08-08 21:00:00,Sat,21:00:00,37,37,34.0
SAB,3393,85085014,2026-08-08 21:30:00,Sat,21:30:00,35,35,32.0
SAB,3393,85085015,2026-08-08 22:00:00,Sat,22:00:00,27,27,25.0
SAB,3393,85085016,2026-08-08 22:30:00,Sat,22:30:00,18,18,17.0
SAB,3393,85085017,2026-08-08 23:00:00,Sat,23:00:00,10,10,9.0
SAB,3393,85085018,2026-08-08 23:30:00,Sat,23:30:00,3,3,3.0
SAB,3393,85085019,2026-08-09 00:00:00,Sun,00:00:00,0,0,0.0
SAB,3393,85085020,2026-08-09 00:30:00,Sun,00:30:00,0,0,0.0
SAB,3393,85085021,2026-08-09 01:00:00,Sun,01:00:00,0,0,0.0
SAB,3393,85085022,2026-08-09 01:30:00,Sun,01:30:00,0,0,0.0
SAB,3393,85115983,2026-08-09 02:00:00,Sun,02:00:00,0,0,0.0
SAB,3393,85115984,2026-08-09 02:30:00,Sun,02:30:00,0,0,0.0
SAB,3393,85115985,2026-08-09 03:00:00,Sun,03:00:00,0,0,0.0
SAB,3393,85115986,2026-08-09 03:30:00,Sun,03:30:00,0,0,0.0
SAB,3393,85115987,2026-08-09 04:00:00,Sun,04:00:00,0,0,0.0
SAB,3393,85115988,2026-08-09 04:30:00,Sun,04:30:00,0,0,0.0
SAB,3393,85115989,2026-08-09 05:00:00,Sun,05:00:00,0,0,0.0
SAB,3393,85115990,2026-08-09 05:30:00,Sun,05:30:00,0,0,0.0
SAB,3393,85115991,2026-08-09 06:00:00,Sun,06:00:00,0,0,0.0
SAB,3393,85115992,2026-08-09 06:30:00,Sun,06:30:00,0,0,0.0
SAB,3393,85115993,2026-08-09 07:00:00,Sun,07:00:00,0,0,0.0
SAB,3393,85115994,2026-08-09 07:30:00,Sun,07:30:00,0,0,0.0
SAB,3393,85115995,2026-08-09 08:00:00,Sun,08:00:00,0,0,0.0
SAB,3393,85115996,2026-08-09 08:30:00,Sun,08:30:00,0,0,0.0
SAB,3393,85115997,2026-08-09 09:00:00,Sun,09:00:00,0,0,0.0
SAB,3393,85115998,2026-08-09 09:30:00,Sun,09:30:00,0,0,0.0
SAB,3393,85115999,2026-08-09 10:00:00,Sun,10:00:00,0,0,0.0
SAB,3393,85116000,2026-08-09 10:30:00,Sun,10:30:00,0,0,0.0
SAB,3393,85116001,2026-08-09 11:00:00,Sun,11:00:00,0,0,0.0
SAB,3393,85116002,2026-08-09 11:30:00,Sun,11:30:00,0,0,0.0
SAB,3393,85116003,2026-08-09 12:00:00,Sun,12:00:00,3,3,3.0
SAB,3393,85116004,2026-08-09 12:30:00,Sun,12:30:00,9,9,8.0
SAB,3393,85116005,2026-08-09 13:00:00,Sun,13:00:00,13,13,12.0
SAB,3393,85116006,2026-08-09 13:30:00,Sun,13:30:00,17,17,16.0
SAB,3393,85116007,2026-08-09 14:00:00,Sun,14:00:00,17,17,16.0
SAB,3393,85116008,2026-08-09 14:30:00,Sun,14:30:00,15,15,14.0
SAB,3393,85116009,2026-08-09 15:00:00,Sun,15:00:00,12,12,11.0
SAB,3393,85116010,2026-08-09 15:30:00,Sun,15:30:00,9,9,8.0
SAB,3393,85116011,2026-08-09 16:00:00,Sun,16:00:00,8,8,7.0
SAB,3393,85116012,2026-08-09 16:30:00,Sun,16:30:00,7,7,6.0
SAB,3393,85116013,2026-08-09 17:00:00,Sun,17:00:00,5,5,5.0
SAB,3393,85116014,2026-08-09 17:30:00,Sun,17:30:00,5,5,5.0
SAB,3393,85116015,2026-08-09 18:00:00,Sun,18:00:00,7,7,6.0
SAB,3393,85116016,2026-08-09 18:30:00,Sun,18:30:00,8,8,7.0
SAB,3393,85116017,2026-08-09 19:00:00,Sun,19:00:00,10,10,9.0
SAB,3393,85116018,2026-08-09 19:30:00,Sun,19:30:00,17,17,16.0
SAB,3393,85116019,2026-08-09 20:00:00,Sun,20:00:00,27,27,25.0
SAB,3393,85116020,2026-08-09 20:30:00,Sun,20:30:00,35,35,32.0
SAB,3393,85116021,2026-08-09 21:00:00,Sun,21:00:00,35,35,32.0
SAB,3393,85116022,2026-08-09 21:30:00,Sun,21:30:00,30,30,28.0
SAB,3393,85116023,2026-08-09 22:00:00,Sun,22:00:00,23,23,21.0
SAB,3393,85116024,2026-08-09 22:30:00,Sun,22:30:00,15,15,14.0
SAB,3393,85116025,2026-08-09 23:00:00,Sun,23:00:00,9,9,8.0
SAB,3393,85116026,2026-08-09 23:30:00,Sun,23:30:00,3,3,3.0
