city_code,c3pl_id,slot_id,slot_started_local_at,day_of_week,time,max_couriers_pilot,available_capacity,zone_name,final_order_forecast
MAD,3393,86508123,2026-09-21 00:00:00,Mon,00:00:00,0,0,NEM,0
SAB,3393,86497851,2026-09-21 00:00:00,Mon,00:00:00,0,0,SAB,0
GRA,3393,86507979,2026-09-21 00:00:00,Mon,00:00:00,1,-1,GRA,1
NOM,3393,86495931,2026-09-21 00:00:00,Mon,00:00:00,0,0,NOM,0
ALC,3393,86502267,2026-09-21 00:00:00,Mon,00:00:00,1,-1,ALC,2
SAB,3393,86497852,2026-09-21 00:30:00,Mon,00:30:00,0,0,SAB,0
ALC,3393,86502268,2026-09-21 00:30:00,Mon,00:30:00,1,0,ALC,2
GRA,3393,86507980,2026-09-21 00:30:00,Mon,00:30:00,1,0,GRA,2
NOM,3393,86495932,2026-09-21 00:30:00,Mon,00:30:00,0,0,NOM,0
MAD,3393,86508124,2026-09-21 00:30:00,Mon,00:30:00,0,0,NEM,0
SAB,3393,86497853,2026-09-21 01:00:00,Mon,01:00:00,0,0,SAB,0
MAD,3393,86508125,2026-09-21 01:00:00,Mon,01:00:00,0,0,NEM,0
NOM,3393,86495933,2026-09-21 01:00:00,Mon,01:00:00,0,0,NOM,0
GRA,3393,86507981,2026-09-21 01:00:00,Mon,01:00:00,0,0,GRA,0
ALC,3393,86502269,2026-09-21 01:00:00,Mon,01:00:00,0,0,ALC,0
ALC,3393,86502270,2026-09-21 01:30:00,Mon,01:30:00,0,0,ALC,0
GRA,3393,86507982,2026-09-21 01:30:00,Mon,01:30:00,0,0,GRA,0
SAB,3393,86497854,2026-09-21 01:30:00,Mon,01:30:00,0,0,SAB,0
MAD,3393,86508126,2026-09-21 01:30:00,Mon,01:30:00,0,0,NEM,0
NOM,3393,86495934,2026-09-21 01:30:00,Mon,01:30:00,0,0,NOM,0
ALC,3393,86536879,2026-09-21 02:00:00,Mon,02:00:00,0,0,ALC,0
SAB,3393,86539759,2026-09-21 02:00:00,Mon,02:00:00,0,0,SAB,0
MAD,3393,86541679,2026-09-21 02:00:00,Mon,02:00:00,0,0,NEM,0
NOM,3393,86531071,2026-09-21 02:00:00,Mon,02:00:00,0,0,NOM,0
GRA,3393,86541775,2026-09-21 02:00:00,Mon,02:00:00,0,0,GRA,0
ALC,3393,86536880,2026-09-21 02:30:00,Mon,02:30:00,0,0,ALC,0
SAB,3393,86539760,2026-09-21 02:30:00,Mon,02:30:00,0,0,SAB,0
NOM,3393,86531072,2026-09-21 02:30:00,Mon,02:30:00,0,0,NOM,0
MAD,3393,86541680,2026-09-21 02:30:00,Mon,02:30:00,0,0,NEM,0
GRA,3393,86541776,2026-09-21 02:30:00,Mon,02:30:00,0,0,GRA,0
MAD,3393,86541681,2026-09-21 03:00:00,Mon,03:00:00,0,0,NEM,0
SAB,3393,86539761,2026-09-21 03:00:00,Mon,03:00:00,0,0,SAB,0
ALC,3393,86536881,2026-09-21 03:00:00,Mon,03:00:00,0,0,ALC,0
GRA,3393,86541777,2026-09-21 03:00:00,Mon,03:00:00,0,0,GRA,0
NOM,3393,86531073,2026-09-21 03:00:00,Mon,03:00:00,0,0,NOM,0
GRA,3393,86541778,2026-09-21 03:30:00,Mon,03:30:00,0,0,GRA,0
MAD,3393,86541682,2026-09-21 03:30:00,Mon,03:30:00,0,0,NEM,0
SAB,3393,86539762,2026-09-21 03:30:00,Mon,03:30:00,0,0,SAB,0
ALC,3393,86536882,2026-09-21 03:30:00,Mon,03:30:00,0,0,ALC,0
NOM,3393,86531074,2026-09-21 03:30:00,Mon,03:30:00,0,0,NOM,0
GRA,3393,86541779,2026-09-21 04:00:00,Mon,04:00:00,0,0,GRA,0
SAB,3393,86539763,2026-09-21 04:00:00,Mon,04:00:00,0,0,SAB,0
NOM,3393,86531075,2026-09-21 04:00:00,Mon,04:00:00,0,0,NOM,0
MAD,3393,86541683,2026-09-21 04:00:00,Mon,04:00:00,0,0,NEM,0
ALC,3393,86536883,2026-09-21 04:00:00,Mon,04:00:00,0,0,ALC,0
NOM,3393,86531076,2026-09-21 04:30:00,Mon,04:30:00,0,0,NOM,0
ALC,3393,86536884,2026-09-21 04:30:00,Mon,04:30:00,0,0,ALC,0
GRA,3393,86541780,2026-09-21 04:30:00,Mon,04:30:00,0,0,GRA,0
MAD,3393,86541684,2026-09-21 04:30:00,Mon,04:30:00,0,0,NEM,0
SAB,3393,86539764,2026-09-21 04:30:00,Mon,04:30:00,0,0,SAB,0
GRA,3393,86541781,2026-09-21 05:00:00,Mon,05:00:00,0,0,GRA,0
MAD,3393,86541685,2026-09-21 05:00:00,Mon,05:00:00,0,0,NEM,0
NOM,3393,86531077,2026-09-21 05:00:00,Mon,05:00:00,0,0,NOM,0
ALC,3393,86536885,2026-09-21 05:00:00,Mon,05:00:00,0,0,ALC,0
SAB,3393,86539765,2026-09-21 05:00:00,Mon,05:00:00,0,0,SAB,0
ALC,3393,86536886,2026-09-21 05:30:00,Mon,05:30:00,0,0,ALC,0
GRA,3393,86541782,2026-09-21 05:30:00,Mon,05:30:00,0,0,GRA,0
SAB,3393,86539766,2026-09-21 05:30:00,Mon,05:30:00,0,0,SAB,0
NOM,3393,86531078,2026-09-21 05:30:00,Mon,05:30:00,0,0,NOM,0
MAD,3393,86541686,2026-09-21 05:30:00,Mon,05:30:00,0,0,NEM,0
SAB,3393,86539767,2026-09-21 06:00:00,Mon,06:00:00,0,0,SAB,0
MAD,3393,86541687,2026-09-21 06:00:00,Mon,06:00:00,0,0,NEM,0
GRA,3393,86541783,2026-09-21 06:00:00,Mon,06:00:00,0,0,GRA,0
NOM,3393,86531079,2026-09-21 06:00:00,Mon,06:00:00,0,0,NOM,0
ALC,3393,86536887,2026-09-21 06:00:00,Mon,06:00:00,0,0,ALC,0
MAD,3393,86541688,2026-09-21 06:30:00,Mon,06:30:00,0,0,NEM,0
SAB,3393,86539768,2026-09-21 06:30:00,Mon,06:30:00,0,0,SAB,0
NOM,3393,86531080,2026-09-21 06:30:00,Mon,06:30:00,0,0,NOM,0
ALC,3393,86536888,2026-09-21 06:30:00,Mon,06:30:00,0,0,ALC,0
GRA,3393,86541784,2026-09-21 06:30:00,Mon,06:30:00,0,0,GRA,0
SAB,3393,86539769,2026-09-21 07:00:00,Mon,07:00:00,0,0,SAB,0
GRA,3393,86541785,2026-09-21 07:00:00,Mon,07:00:00,0,0,GRA,0
ALC,3393,86536889,2026-09-21 07:00:00,Mon,07:00:00,0,0,ALC,0
MAD,3393,86541689,2026-09-21 07:00:00,Mon,07:00:00,0,0,NEM,0
NOM,3393,86531081,2026-09-21 07:00:00,Mon,07:00:00,0,0,NOM,0
NOM,3393,86531082,2026-09-21 07:30:00,Mon,07:30:00,0,0,NOM,0
GRA,3393,86541786,2026-09-21 07:30:00,Mon,07:30:00,0,0,GRA,0
ALC,3393,86536890,2026-09-21 07:30:00,Mon,07:30:00,0,0,ALC,0
SAB,3393,86539770,2026-09-21 07:30:00,Mon,07:30:00,0,0,SAB,0
MAD,3393,86541690,2026-09-21 07:30:00,Mon,07:30:00,0,0,NEM,0
SAB,3393,86539771,2026-09-21 08:00:00,Mon,08:00:00,0,0,SAB,0
GRA,3393,86541787,2026-09-21 08:00:00,Mon,08:00:00,0,0,GRA,0
ALC,3393,86536891,2026-09-21 08:00:00,Mon,08:00:00,0,0,ALC,0
NOM,3393,86531083,2026-09-21 08:00:00,Mon,08:00:00,0,0,NOM,0
MAD,3393,86541691,2026-09-21 08:00:00,Mon,08:00:00,0,0,NEM,0
NOM,3393,86531084,2026-09-21 08:30:00,Mon,08:30:00,2,0,NOM,1
GRA,3393,86541788,2026-09-21 08:30:00,Mon,08:30:00,1,0,GRA,0
ALC,3393,86536892,2026-09-21 08:30:00,Mon,08:30:00,1,0,ALC,1
MAD,3393,86541692,2026-09-21 08:30:00,Mon,08:30:00,1,1,NEM,1
SAB,3393,86539772,2026-09-21 08:30:00,Mon,08:30:00,0,0,SAB,0
SAB,3393,86539773,2026-09-21 09:00:00,Mon,09:00:00,0,0,SAB,0
MAD,3393,86541693,2026-09-21 09:00:00,Mon,09:00:00,2,0,NEM,2
NOM,3393,86531085,2026-09-21 09:00:00,Mon,09:00:00,4,0,NOM,3
ALC,3393,86536893,2026-09-21 09:00:00,Mon,09:00:00,2,0,ALC,2
GRA,3393,86541789,2026-09-21 09:00:00,Mon,09:00:00,1,0,GRA,1
NOM,3393,86531086,2026-09-21 09:30:00,Mon,09:30:00,5,1,NOM,4
ALC,3393,86536894,2026-09-21 09:30:00,Mon,09:30:00,3,0,ALC,3
MAD,3393,86541694,2026-09-21 09:30:00,Mon,09:30:00,2,0,NEM,2
GRA,3393,86541790,2026-09-21 09:30:00,Mon,09:30:00,1,0,GRA,1
SAB,3393,86539774,2026-09-21 09:30:00,Mon,09:30:00,0,0,SAB,0
SAB,3393,86539775,2026-09-21 10:00:00,Mon,10:00:00,0,0,SAB,0
ALC,3393,86536895,2026-09-21 10:00:00,Mon,10:00:00,5,0,ALC,5
NOM,3393,86531087,2026-09-21 10:00:00,Mon,10:00:00,6,1,NOM,5
GRA,3393,86541791,2026-09-21 10:00:00,Mon,10:00:00,2,0,GRA,2
MAD,3393,86541695,2026-09-21 10:00:00,Mon,10:00:00,3,1,NEM,3
SAB,3393,86539776,2026-09-21 10:30:00,Mon,10:30:00,0,0,SAB,0
ALC,3393,86536896,2026-09-21 10:30:00,Mon,10:30:00,6,-1,ALC,6
GRA,3393,86541792,2026-09-21 10:30:00,Mon,10:30:00,3,0,GRA,2
NOM,3393,86531088,2026-09-21 10:30:00,Mon,10:30:00,6,0,NOM,5
MAD,3393,86541696,2026-09-21 10:30:00,Mon,10:30:00,3,1,NEM,3
SAB,3393,86539777,2026-09-21 11:00:00,Mon,11:00:00,0,0,SAB,0
ALC,3393,86536897,2026-09-21 11:00:00,Mon,11:00:00,6,-1,ALC,6
MAD,3393,86541697,2026-09-21 11:00:00,Mon,11:00:00,2,-1,NEM,2
NOM,3393,86531089,2026-09-21 11:00:00,Mon,11:00:00,6,0,NOM,5
GRA,3393,86541793,2026-09-21 11:00:00,Mon,11:00:00,3,0,GRA,2
SAB,3393,86539778,2026-09-21 11:30:00,Mon,11:30:00,0,0,SAB,0
ALC,3393,86536898,2026-09-21 11:30:00,Mon,11:30:00,7,0,ALC,8
MAD,3393,86541698,2026-09-21 11:30:00,Mon,11:30:00,3,0,NEM,3
GRA,3393,86541794,2026-09-21 11:30:00,Mon,11:30:00,3,0,GRA,3
NOM,3393,86531090,2026-09-21 11:30:00,Mon,11:30:00,7,0,NOM,6
MAD,3393,86541699,2026-09-21 12:00:00,Mon,12:00:00,4,-1,NEM,4
ALC,3393,86536899,2026-09-21 12:00:00,Mon,12:00:00,7,0,ALC,8
GRA,3393,86541795,2026-09-21 12:00:00,Mon,12:00:00,4,0,GRA,4
NOM,3393,86531091,2026-09-21 12:00:00,Mon,12:00:00,9,0,NOM,7
SAB,3393,86539779,2026-09-21 12:00:00,Mon,12:00:00,2,0,SAB,2
GRA,3393,86541796,2026-09-21 12:30:00,Mon,12:30:00,5,0,GRA,4
MAD,3393,86541700,2026-09-21 12:30:00,Mon,12:30:00,5,-2,NEM,6
SAB,3393,86539780,2026-09-21 12:30:00,Mon,12:30:00,3,0,SAB,3
NOM,3393,86531092,2026-09-21 12:30:00,Mon,12:30:00,9,-2,NOM,9
ALC,3393,86536900,2026-09-21 12:30:00,Mon,12:30:00,7,0,ALC,10
SAB,3393,86539781,2026-09-21 13:00:00,Mon,13:00:00,5,0,SAB,5
ALC,3393,86536901,2026-09-21 13:00:00,Mon,13:00:00,11,0,ALC,17
GRA,3393,86541797,2026-09-21 13:00:00,Mon,13:00:00,6,0,GRA,7
MAD,3393,86541701,2026-09-21 13:00:00,Mon,13:00:00,6,0,NEM,8
NOM,3393,86531093,2026-09-21 13:00:00,Mon,13:00:00,12,0,NOM,13
MAD,3393,86541702,2026-09-21 13:30:00,Mon,13:30:00,7,1,NEM,9
NOM,3393,86531094,2026-09-21 13:30:00,Mon,13:30:00,13,-1,NOM,15
GRA,3393,86541798,2026-09-21 13:30:00,Mon,13:30:00,10,1,GRA,11
ALC,3393,86536902,2026-09-21 13:30:00,Mon,13:30:00,14,0,ALC,21
SAB,3393,86539782,2026-09-21 13:30:00,Mon,13:30:00,7,0,SAB,7
SAB,3393,86539783,2026-09-21 14:00:00,Mon,14:00:00,6,-1,SAB,6
GRA,3393,86541799,2026-09-21 14:00:00,Mon,14:00:00,11,1,GRA,13
ALC,3393,86536903,2026-09-21 14:00:00,Mon,14:00:00,17,0,ALC,26
MAD,3393,86541703,2026-09-21 14:00:00,Mon,14:00:00,7,1,NEM,9
NOM,3393,86531095,2026-09-21 14:00:00,Mon,14:00:00,12,-1,NOM,14
ALC,3393,86536904,2026-09-21 14:30:00,Mon,14:30:00,17,0,ALC,27
NOM,3393,86531096,2026-09-21 14:30:00,Mon,14:30:00,12,0,NOM,13
GRA,3393,86541800,2026-09-21 14:30:00,Mon,14:30:00,12,1,GRA,14
MAD,3393,86541704,2026-09-21 14:30:00,Mon,14:30:00,5,0,NEM,7
SAB,3393,86539784,2026-09-21 14:30:00,Mon,14:30:00,7,0,SAB,7
GRA,3393,86541801,2026-09-21 15:00:00,Mon,15:00:00,11,0,GRA,12
ALC,3393,86536905,2026-09-21 15:00:00,Mon,15:00:00,15,0,ALC,22
MAD,3393,86541705,2026-09-21 15:00:00,Mon,15:00:00,4,0,NEM,5
NOM,3393,86531097,2026-09-21 15:00:00,Mon,15:00:00,10,0,NOM,11
SAB,3393,86539785,2026-09-21 15:00:00,Mon,15:00:00,6,0,SAB,6
ALC,3393,86536906,2026-09-21 15:30:00,Mon,15:30:00,11,-2,ALC,15
NOM,3393,86531098,2026-09-21 15:30:00,Mon,15:30:00,8,0,NOM,8
SAB,3393,86539786,2026-09-21 15:30:00,Mon,15:30:00,3,0,SAB,3
GRA,3393,86541802,2026-09-21 15:30:00,Mon,15:30:00,8,0,GRA,9
MAD,3393,86541706,2026-09-21 15:30:00,Mon,15:30:00,3,0,NEM,4
NOM,3393,86531099,2026-09-21 16:00:00,Mon,16:00:00,6,0,NOM,6
SAB,3393,86539787,2026-09-21 16:00:00,Mon,16:00:00,3,0,SAB,3
GRA,3393,86541803,2026-09-21 16:00:00,Mon,16:00:00,6,0,GRA,5
ALC,3393,86536907,2026-09-21 16:00:00,Mon,16:00:00,9,0,ALC,10
MAD,3393,86541707,2026-09-21 16:00:00,Mon,16:00:00,3,0,NEM,3
MAD,3393,86541708,2026-09-21 16:30:00,Mon,16:30:00,2,0,NEM,3
GRA,3393,86541804,2026-09-21 16:30:00,Mon,16:30:00,6,0,GRA,5
SAB,3393,86539788,2026-09-21 16:30:00,Mon,16:30:00,3,0,SAB,3
ALC,3393,86536908,2026-09-21 16:30:00,Mon,16:30:00,7,0,ALC,8
NOM,3393,86531100,2026-09-21 16:30:00,Mon,16:30:00,6,0,NOM,5
NOM,3393,86531101,2026-09-21 17:00:00,Mon,17:00:00,6,0,NOM,5
MAD,3393,86541709,2026-09-21 17:00:00,Mon,17:00:00,2,1,NEM,3
GRA,3393,86541805,2026-09-21 17:00:00,Mon,17:00:00,5,0,GRA,5
SAB,3393,86539789,2026-09-21 17:00:00,Mon,17:00:00,3,0,SAB,3
ALC,3393,86536909,2026-09-21 17:00:00,Mon,17:00:00,7,0,ALC,9
GRA,3393,86541806,2026-09-21 17:30:00,Mon,17:30:00,5,0,GRA,5
MAD,3393,86541710,2026-09-21 17:30:00,Mon,17:30:00,3,1,NEM,3
SAB,3393,86539790,2026-09-21 17:30:00,Mon,17:30:00,5,0,SAB,5
NOM,3393,86531102,2026-09-21 17:30:00,Mon,17:30:00,6,0,NOM,5
ALC,3393,86536910,2026-09-21 17:30:00,Mon,17:30:00,8,2,ALC,9
MAD,3393,86541711,2026-09-21 18:00:00,Mon,18:00:00,3,0,NEM,3
NOM,3393,86531103,2026-09-21 18:00:00,Mon,18:00:00,7,0,NOM,7
SAB,3393,86539791,2026-09-21 18:00:00,Mon,18:00:00,5,0,SAB,5
ALC,3393,86536911,2026-09-21 18:00:00,Mon,18:00:00,8,0,ALC,11
GRA,3393,86541807,2026-09-21 18:00:00,Mon,18:00:00,6,0,GRA,6
GRA,3393,86541808,2026-09-21 18:30:00,Mon,18:30:00,5,0,GRA,5
NOM,3393,86531104,2026-09-21 18:30:00,Mon,18:30:00,8,0,NOM,7
MAD,3393,86541712,2026-09-21 18:30:00,Mon,18:30:00,3,0,NEM,4
ALC,3393,86536912,2026-09-21 18:30:00,Mon,18:30:00,8,-1,ALC,10
SAB,3393,86539792,2026-09-21 18:30:00,Mon,18:30:00,3,-2,SAB,3
GRA,3393,86541809,2026-09-21 19:00:00,Mon,19:00:00,5,0,GRA,5
NOM,3393,86531105,2026-09-21 19:00:00,Mon,19:00:00,8,0,NOM,9
MAD,3393,86541713,2026-09-21 19:00:00,Mon,19:00:00,3,-1,NEM,4
SAB,3393,86539793,2026-09-21 19:00:00,Mon,19:00:00,3,-2,SAB,3
ALC,3393,86536913,2026-09-21 19:00:00,Mon,19:00:00,8,0,ALC,11
ALC,3393,86536914,2026-09-21 19:30:00,Mon,19:30:00,12,0,ALC,17
GRA,3393,86541810,2026-09-21 19:30:00,Mon,19:30:00,5,0,GRA,6
NOM,3393,86531106,2026-09-21 19:30:00,Mon,19:30:00,9,0,NOM,10
MAD,3393,86541714,2026-09-21 19:30:00,Mon,19:30:00,4,-2,NEM,5
SAB,3393,86539794,2026-09-21 19:30:00,Mon,19:30:00,5,0,SAB,5
SAB,3393,86539795,2026-09-21 20:00:00,Mon,20:00:00,8,0,SAB,8
MAD,3393,86541715,2026-09-21 20:00:00,Mon,20:00:00,6,-1,NEM,7
NOM,3393,86531107,2026-09-21 20:00:00,Mon,20:00:00,11,-1,NOM,13
GRA,3393,86541811,2026-09-21 20:00:00,Mon,20:00:00,7,0,GRA,10
ALC,3393,86536915,2026-09-21 20:00:00,Mon,20:00:00,17,0,ALC,25
GRA,3393,86541812,2026-09-21 20:30:00,Mon,20:30:00,12,0,GRA,15
MAD,3393,86541716,2026-09-21 20:30:00,Mon,20:30:00,7,0,NEM,8
NOM,3393,86531108,2026-09-21 20:30:00,Mon,20:30:00,13,0,NOM,14
SAB,3393,86539796,2026-09-21 20:30:00,Mon,20:30:00,10,1,SAB,10
ALC,3393,86536916,2026-09-21 20:30:00,Mon,20:30:00,22,-1,ALC,31
SAB,3393,86539797,2026-09-21 21:00:00,Mon,21:00:00,13,1,SAB,13
ALC,3393,86536917,2026-09-21 21:00:00,Mon,21:00:00,25,0,ALC,36
GRA,3393,86541813,2026-09-21 21:00:00,Mon,21:00:00,18,1,GRA,23
MAD,3393,86541717,2026-09-21 21:00:00,Mon,21:00:00,7,-1,NEM,9
NOM,3393,86531109,2026-09-21 21:00:00,Mon,21:00:00,13,0,NOM,15
ALC,3393,86536918,2026-09-21 21:30:00,Mon,21:30:00,25,0,ALC,36
GRA,3393,86541814,2026-09-21 21:30:00,Mon,21:30:00,20,1,GRA,25
NOM,3393,86531110,2026-09-21 21:30:00,Mon,21:30:00,12,0,NOM,14
MAD,3393,86541718,2026-09-21 21:30:00,Mon,21:30:00,7,-1,NEM,8
SAB,3393,86539798,2026-09-21 21:30:00,Mon,21:30:00,9,0,SAB,9
GRA,3393,86541815,2026-09-21 22:00:00,Mon,22:00:00,17,1,GRA,22
MAD,3393,86541719,2026-09-21 22:00:00,Mon,22:00:00,4,-4,NEM,5
NOM,3393,86531111,2026-09-21 22:00:00,Mon,22:00:00,9,0,NOM,10
SAB,3393,86539799,2026-09-21 22:00:00,Mon,22:00:00,7,0,SAB,7
ALC,3393,86536919,2026-09-21 22:00:00,Mon,22:00:00,21,0,ALC,30
NOM,3393,86531112,2026-09-21 22:30:00,Mon,22:30:00,6,0,NOM,6
GRA,3393,86541816,2026-09-21 22:30:00,Mon,22:30:00,14,1,GRA,16
ALC,3393,86536920,2026-09-21 22:30:00,Mon,22:30:00,14,0,ALC,19
SAB,3393,86539800,2026-09-21 22:30:00,Mon,22:30:00,6,0,SAB,6
MAD,3393,86541720,2026-09-21 22:30:00,Mon,22:30:00,4,-4,NEM,4
ALC,3393,86536921,2026-09-21 23:00:00,Mon,23:00:00,9,0,ALC,10
SAB,3393,86539801,2026-09-21 23:00:00,Mon,23:00:00,3,0,SAB,3
MAD,3393,86541721,2026-09-21 23:00:00,Mon,23:00:00,2,-1,NEM,2
GRA,3393,86541817,2026-09-21 23:00:00,Mon,23:00:00,10,0,GRA,10
NOM,3393,86531113,2026-09-21 23:00:00,Mon,23:00:00,4,1,NOM,3
GRA,3393,86541818,2026-09-21 23:30:00,Mon,23:30:00,5,-1,GRA,5
MAD,3393,86541722,2026-09-21 23:30:00,Mon,23:30:00,1,0,NEM,1
NOM,3393,86531114,2026-09-21 23:30:00,Mon,23:30:00,2,0,NOM,1
ALC,3393,86536922,2026-09-21 23:30:00,Mon,23:30:00,4,0,ALC,5
SAB,3393,86539802,2026-09-21 23:30:00,Mon,23:30:00,2,0,SAB,2
MAD,3393,86541723,2026-09-22 00:00:00,Tue,00:00:00,0,0,NEM,0
SAB,3393,86539803,2026-09-22 00:00:00,Tue,00:00:00,0,0,SAB,0
GRA,3393,86541819,2026-09-22 00:00:00,Tue,00:00:00,2,0,GRA,2
NOM,3393,86531115,2026-09-22 00:00:00,Tue,00:00:00,0,0,NOM,0
ALC,3393,86536923,2026-09-22 00:00:00,Tue,00:00:00,2,0,ALC,2
GRA,3393,86541820,2026-09-22 00:30:00,Tue,00:30:00,2,0,GRA,1
SAB,3393,86539804,2026-09-22 00:30:00,Tue,00:30:00,0,0,SAB,0
MAD,3393,86541724,2026-09-22 00:30:00,Tue,00:30:00,0,0,NEM,0
NOM,3393,86531116,2026-09-22 00:30:00,Tue,00:30:00,0,0,NOM,0
ALC,3393,86536924,2026-09-22 00:30:00,Tue,00:30:00,1,0,ALC,1
NOM,3393,86531117,2026-09-22 01:00:00,Tue,01:00:00,0,0,NOM,0
MAD,3393,86541725,2026-09-22 01:00:00,Tue,01:00:00,0,0,NEM,0
SAB,3393,86539805,2026-09-22 01:00:00,Tue,01:00:00,0,0,SAB,0
ALC,3393,86536925,2026-09-22 01:00:00,Tue,01:00:00,0,0,ALC,0
GRA,3393,86541821,2026-09-22 01:00:00,Tue,01:00:00,0,0,GRA,0
GRA,3393,86541822,2026-09-22 01:30:00,Tue,01:30:00,0,0,GRA,0
MAD,3393,86541726,2026-09-22 01:30:00,Tue,01:30:00,0,0,NEM,0
NOM,3393,86531118,2026-09-22 01:30:00,Tue,01:30:00,0,0,NOM,0
SAB,3393,86539806,2026-09-22 01:30:00,Tue,01:30:00,0,0,SAB,0
ALC,3393,86536926,2026-09-22 01:30:00,Tue,01:30:00,0,0,ALC,0
MAD,3393,86576431,2026-09-22 02:00:00,Tue,02:00:00,0,0,NEM,0
NOM,3393,86561647,2026-09-22 02:00:00,Tue,02:00:00,0,0,NOM,0
GRA,3393,86576527,2026-09-22 02:00:00,Tue,02:00:00,0,0,GRA,0
SAB,3393,86565871,2026-09-22 02:00:00,Tue,02:00:00,0,0,SAB,0
ALC,3393,86563519,2026-09-22 02:00:00,Tue,02:00:00,0,0,ALC,0
SAB,3393,86565872,2026-09-22 02:30:00,Tue,02:30:00,0,0,SAB,0
GRA,3393,86576528,2026-09-22 02:30:00,Tue,02:30:00,0,0,GRA,0
NOM,3393,86561648,2026-09-22 02:30:00,Tue,02:30:00,0,0,NOM,0
ALC,3393,86563520,2026-09-22 02:30:00,Tue,02:30:00,0,0,ALC,0
MAD,3393,86576432,2026-09-22 02:30:00,Tue,02:30:00,0,0,NEM,0
GRA,3393,86576529,2026-09-22 03:00:00,Tue,03:00:00,0,0,GRA,0
NOM,3393,86561649,2026-09-22 03:00:00,Tue,03:00:00,0,0,NOM,0
SAB,3393,86565873,2026-09-22 03:00:00,Tue,03:00:00,0,0,SAB,0
MAD,3393,86576433,2026-09-22 03:00:00,Tue,03:00:00,0,0,NEM,0
ALC,3393,86563521,2026-09-22 03:00:00,Tue,03:00:00,0,0,ALC,0
NOM,3393,86561650,2026-09-22 03:30:00,Tue,03:30:00,0,0,NOM,0
MAD,3393,86576434,2026-09-22 03:30:00,Tue,03:30:00,0,0,NEM,0
ALC,3393,86563522,2026-09-22 03:30:00,Tue,03:30:00,0,0,ALC,0
GRA,3393,86576530,2026-09-22 03:30:00,Tue,03:30:00,0,0,GRA,0
SAB,3393,86565874,2026-09-22 03:30:00,Tue,03:30:00,0,0,SAB,0
GRA,3393,86576531,2026-09-22 04:00:00,Tue,04:00:00,0,0,GRA,0
NOM,3393,86561651,2026-09-22 04:00:00,Tue,04:00:00,0,0,NOM,0
ALC,3393,86563523,2026-09-22 04:00:00,Tue,04:00:00,0,0,ALC,0
SAB,3393,86565875,2026-09-22 04:00:00,Tue,04:00:00,0,0,SAB,0
MAD,3393,86576435,2026-09-22 04:00:00,Tue,04:00:00,0,0,NEM,0
NOM,3393,86561652,2026-09-22 04:30:00,Tue,04:30:00,0,0,NOM,0
GRA,3393,86576532,2026-09-22 04:30:00,Tue,04:30:00,0,0,GRA,0
ALC,3393,86563524,2026-09-22 04:30:00,Tue,04:30:00,0,0,ALC,0
MAD,3393,86576436,2026-09-22 04:30:00,Tue,04:30:00,0,0,NEM,0
SAB,3393,86565876,2026-09-22 04:30:00,Tue,04:30:00,0,0,SAB,0
MAD,3393,86576437,2026-09-22 05:00:00,Tue,05:00:00,0,0,NEM,0
NOM,3393,86561653,2026-09-22 05:00:00,Tue,05:00:00,0,0,NOM,0
ALC,3393,86563525,2026-09-22 05:00:00,Tue,05:00:00,0,0,ALC,0
GRA,3393,86576533,2026-09-22 05:00:00,Tue,05:00:00,0,0,GRA,0
SAB,3393,86565877,2026-09-22 05:00:00,Tue,05:00:00,0,0,SAB,0
GRA,3393,86576534,2026-09-22 05:30:00,Tue,05:30:00,0,0,GRA,0
SAB,3393,86565878,2026-09-22 05:30:00,Tue,05:30:00,0,0,SAB,0
NOM,3393,86561654,2026-09-22 05:30:00,Tue,05:30:00,0,0,NOM,0
ALC,3393,86563526,2026-09-22 05:30:00,Tue,05:30:00,0,0,ALC,0
MAD,3393,86576438,2026-09-22 05:30:00,Tue,05:30:00,0,0,NEM,0
ALC,3393,86563527,2026-09-22 06:00:00,Tue,06:00:00,0,0,ALC,0
GRA,3393,86576535,2026-09-22 06:00:00,Tue,06:00:00,0,0,GRA,0
MAD,3393,86576439,2026-09-22 06:00:00,Tue,06:00:00,0,0,NEM,0
SAB,3393,86565879,2026-09-22 06:00:00,Tue,06:00:00,0,0,SAB,0
NOM,3393,86561655,2026-09-22 06:00:00,Tue,06:00:00,0,0,NOM,0
NOM,3393,86561656,2026-09-22 06:30:00,Tue,06:30:00,0,0,NOM,0
GRA,3393,86576536,2026-09-22 06:30:00,Tue,06:30:00,0,0,GRA,0
ALC,3393,86563528,2026-09-22 06:30:00,Tue,06:30:00,0,0,ALC,0
SAB,3393,86565880,2026-09-22 06:30:00,Tue,06:30:00,0,0,SAB,0
MAD,3393,86576440,2026-09-22 06:30:00,Tue,06:30:00,0,0,NEM,0
MAD,3393,86576441,2026-09-22 07:00:00,Tue,07:00:00,0,0,NEM,0
GRA,3393,86576537,2026-09-22 07:00:00,Tue,07:00:00,0,0,GRA,0
NOM,3393,86561657,2026-09-22 07:00:00,Tue,07:00:00,0,0,NOM,0
SAB,3393,86565881,2026-09-22 07:00:00,Tue,07:00:00,0,0,SAB,0
ALC,3393,86563529,2026-09-22 07:00:00,Tue,07:00:00,0,0,ALC,0
GRA,3393,86576538,2026-09-22 07:30:00,Tue,07:30:00,0,0,GRA,0
MAD,3393,86576442,2026-09-22 07:30:00,Tue,07:30:00,0,0,NEM,0
NOM,3393,86561658,2026-09-22 07:30:00,Tue,07:30:00,0,0,NOM,0
ALC,3393,86563530,2026-09-22 07:30:00,Tue,07:30:00,0,0,ALC,0
SAB,3393,86565882,2026-09-22 07:30:00,Tue,07:30:00,0,0,SAB,0
NOM,3393,86561659,2026-09-22 08:00:00,Tue,08:00:00,0,0,NOM,0
MAD,3393,86576443,2026-09-22 08:00:00,Tue,08:00:00,0,-1,NEM,0
SAB,3393,86565883,2026-09-22 08:00:00,Tue,08:00:00,0,0,SAB,0
GRA,3393,86576539,2026-09-22 08:00:00,Tue,08:00:00,0,0,GRA,0
ALC,3393,86563531,2026-09-22 08:00:00,Tue,08:00:00,0,0,ALC,0
ALC,3393,86563532,2026-09-22 08:30:00,Tue,08:30:00,1,0,ALC,1
GRA,3393,86576540,2026-09-22 08:30:00,Tue,08:30:00,1,0,GRA,0
MAD,3393,86576444,2026-09-22 08:30:00,Tue,08:30:00,1,-1,NEM,1
NOM,3393,86561660,2026-09-22 08:30:00,Tue,08:30:00,2,0,NOM,1
SAB,3393,86565884,2026-09-22 08:30:00,Tue,08:30:00,0,0,SAB,0
MAD,3393,86576445,2026-09-22 09:00:00,Tue,09:00:00,2,0,NEM,2
NOM,3393,86561661,2026-09-22 09:00:00,Tue,09:00:00,4,0,NOM,3
SAB,3393,86565885,2026-09-22 09:00:00,Tue,09:00:00,0,0,SAB,0
GRA,3393,86576541,2026-09-22 09:00:00,Tue,09:00:00,1,0,GRA,1
ALC,3393,86563533,2026-09-22 09:00:00,Tue,09:00:00,2,0,ALC,2
ALC,3393,86563534,2026-09-22 09:30:00,Tue,09:30:00,4,0,ALC,4
GRA,3393,86576542,2026-09-22 09:30:00,Tue,09:30:00,1,0,GRA,1
MAD,3393,86576446,2026-09-22 09:30:00,Tue,09:30:00,3,0,NEM,2
SAB,3393,86565886,2026-09-22 09:30:00,Tue,09:30:00,0,0,SAB,0
NOM,3393,86561662,2026-09-22 09:30:00,Tue,09:30:00,5,0,NOM,4
ALC,3393,86563535,2026-09-22 10:00:00,Tue,10:00:00,4,0,ALC,5
GRA,3393,86576543,2026-09-22 10:00:00,Tue,10:00:00,2,0,GRA,2
SAB,3393,86565887,2026-09-22 10:00:00,Tue,10:00:00,0,0,SAB,0
NOM,3393,86561663,2026-09-22 10:00:00,Tue,10:00:00,6,1,NOM,5
MAD,3393,86576447,2026-09-22 10:00:00,Tue,10:00:00,3,0,NEM,3
GRA,3393,86576544,2026-09-22 10:30:00,Tue,10:30:00,2,0,GRA,2
MAD,3393,86576448,2026-09-22 10:30:00,Tue,10:30:00,3,0,NEM,3
ALC,3393,86563536,2026-09-22 10:30:00,Tue,10:30:00,5,0,ALC,5
SAB,3393,86565888,2026-09-22 10:30:00,Tue,10:30:00,0,0,SAB,0
NOM,3393,86561664,2026-09-22 10:30:00,Tue,10:30:00,6,0,NOM,5
GRA,3393,86576545,2026-09-22 11:00:00,Tue,11:00:00,3,0,GRA,3
MAD,3393,86576449,2026-09-22 11:00:00,Tue,11:00:00,3,0,NEM,3
ALC,3393,86563537,2026-09-22 11:00:00,Tue,11:00:00,5,0,ALC,5
NOM,3393,86561665,2026-09-22 11:00:00,Tue,11:00:00,7,0,NOM,6
SAB,3393,86565889,2026-09-22 11:00:00,Tue,11:00:00,0,0,SAB,0
SAB,3393,86565890,2026-09-22 11:30:00,Tue,11:30:00,0,0,SAB,0
ALC,3393,86563538,2026-09-22 11:30:00,Tue,11:30:00,5,0,ALC,6
MAD,3393,86576450,2026-09-22 11:30:00,Tue,11:30:00,3,0,NEM,3
NOM,3393,86561666,2026-09-22 11:30:00,Tue,11:30:00,7,0,NOM,6
GRA,3393,86576546,2026-09-22 11:30:00,Tue,11:30:00,3,0,GRA,3
ALC,3393,86563539,2026-09-22 12:00:00,Tue,12:00:00,7,0,ALC,8
GRA,3393,86576547,2026-09-22 12:00:00,Tue,12:00:00,3,0,GRA,4
SAB,3393,86565891,2026-09-22 12:00:00,Tue,12:00:00,2,0,SAB,2
NOM,3393,86561667,2026-09-22 12:00:00,Tue,12:00:00,8,-1,NOM,7
MAD,3393,86576451,2026-09-22 12:00:00,Tue,12:00:00,4,0,NEM,4
SAB,3393,86565892,2026-09-22 12:30:00,Tue,12:30:00,3,0,SAB,3
ALC,3393,86563540,2026-09-22 12:30:00,Tue,12:30:00,7,0,ALC,10
GRA,3393,86576548,2026-09-22 12:30:00,Tue,12:30:00,4,0,GRA,4
MAD,3393,86576452,2026-09-22 12:30:00,Tue,12:30:00,5,0,NEM,6
NOM,3393,86561668,2026-09-22 12:30:00,Tue,12:30:00,8,-1,NOM,9
NOM,3393,86561669,2026-09-22 13:00:00,Tue,13:00:00,12,-1,NOM,13
GRA,3393,86576549,2026-09-22 13:00:00,Tue,13:00:00,6,0,GRA,7
MAD,3393,86576453,2026-09-22 13:00:00,Tue,13:00:00,6,0,NEM,8
SAB,3393,86565893,2026-09-22 13:00:00,Tue,13:00:00,5,0,SAB,5
ALC,3393,86563541,2026-09-22 13:00:00,Tue,13:00:00,10,-1,ALC,15
ALC,3393,86563542,2026-09-22 13:30:00,Tue,13:30:00,14,0,ALC,21
NOM,3393,86561670,2026-09-22 13:30:00,Tue,13:30:00,14,0,NOM,15
SAB,3393,86565894,2026-09-22 13:30:00,Tue,13:30:00,7,0,SAB,7
GRA,3393,86576550,2026-09-22 13:30:00,Tue,13:30:00,9,0,GRA,10
MAD,3393,86576454,2026-09-22 13:30:00,Tue,13:30:00,7,1,NEM,9
GRA,3393,86576551,2026-09-22 14:00:00,Tue,14:00:00,11,0,GRA,13
MAD,3393,86576455,2026-09-22 14:00:00,Tue,14:00:00,7,0,NEM,9
ALC,3393,86563543,2026-09-22 14:00:00,Tue,14:00:00,16,-1,ALC,24
NOM,3393,86561671,2026-09-22 14:00:00,Tue,14:00:00,13,0,NOM,14
SAB,3393,86565895,2026-09-22 14:00:00,Tue,14:00:00,7,0,SAB,7
GRA,3393,86576552,2026-09-22 14:30:00,Tue,14:30:00,11,0,GRA,12
SAB,3393,86565896,2026-09-22 14:30:00,Tue,14:30:00,7,0,SAB,7
NOM,3393,86561672,2026-09-22 14:30:00,Tue,14:30:00,12,0,NOM,13
MAD,3393,86576456,2026-09-22 14:30:00,Tue,14:30:00,6,0,NEM,7
ALC,3393,86563544,2026-09-22 14:30:00,Tue,14:30:00,16,-1,ALC,25
GRA,3393,86576553,2026-09-22 15:00:00,Tue,15:00:00,10,0,GRA,11
SAB,3393,86565897,2026-09-22 15:00:00,Tue,15:00:00,6,0,SAB,6
NOM,3393,86561673,2026-09-22 15:00:00,Tue,15:00:00,9,-1,NOM,10
ALC,3393,86563545,2026-09-22 15:00:00,Tue,15:00:00,14,-1,ALC,21
MAD,3393,86576457,2026-09-22 15:00:00,Tue,15:00:00,4,0,NEM,5
GRA,3393,86576554,2026-09-22 15:30:00,Tue,15:30:00,7,0,GRA,9
ALC,3393,86563546,2026-09-22 15:30:00,Tue,15:30:00,11,0,ALC,15
MAD,3393,86576458,2026-09-22 15:30:00,Tue,15:30:00,4,0,NEM,4
SAB,3393,86565898,2026-09-22 15:30:00,Tue,15:30:00,3,-2,SAB,3
NOM,3393,86561674,2026-09-22 15:30:00,Tue,15:30:00,8,0,NOM,9
SAB,3393,86565899,2026-09-22 16:00:00,Tue,16:00:00,5,0,SAB,5
NOM,3393,86561675,2026-09-22 16:00:00,Tue,16:00:00,7,0,NOM,6
GRA,3393,86576555,2026-09-22 16:00:00,Tue,16:00:00,6,0,GRA,5
ALC,3393,86563547,2026-09-22 16:00:00,Tue,16:00:00,9,0,ALC,11
MAD,3393,86576459,2026-09-22 16:00:00,Tue,16:00:00,3,0,NEM,3
GRA,3393,86576556,2026-09-22 16:30:00,Tue,16:30:00,6,0,GRA,6
ALC,3393,86563548,2026-09-22 16:30:00,Tue,16:30:00,7,0,ALC,8
SAB,3393,86565900,2026-09-22 16:30:00,Tue,16:30:00,3,0,SAB,3
MAD,3393,86576460,2026-09-22 16:30:00,Tue,16:30:00,2,0,NEM,3
NOM,3393,86561676,2026-09-22 16:30:00,Tue,16:30:00,6,0,NOM,5
MAD,3393,86576461,2026-09-22 17:00:00,Tue,17:00:00,2,0,NEM,3
ALC,3393,86563549,2026-09-22 17:00:00,Tue,17:00:00,7,1,ALC,8
NOM,3393,86561677,2026-09-22 17:00:00,Tue,17:00:00,6,1,NOM,5
SAB,3393,86565901,2026-09-22 17:00:00,Tue,17:00:00,3,0,SAB,3
GRA,3393,86576557,2026-09-22 17:00:00,Tue,17:00:00,5,0,GRA,4
GRA,3393,86576558,2026-09-22 17:30:00,Tue,17:30:00,4,-1,GRA,4
SAB,3393,86565902,2026-09-22 17:30:00,Tue,17:30:00,5,0,SAB,5
NOM,3393,86561678,2026-09-22 17:30:00,Tue,17:30:00,6,1,NOM,5
ALC,3393,86563550,2026-09-22 17:30:00,Tue,17:30:00,7,1,ALC,9
MAD,3393,86576462,2026-09-22 17:30:00,Tue,17:30:00,2,0,NEM,3
MAD,3393,86576463,2026-09-22 18:00:00,Tue,18:00:00,3,0,NEM,3
SAB,3393,86565903,2026-09-22 18:00:00,Tue,18:00:00,5,0,SAB,5
GRA,3393,86576559,2026-09-22 18:00:00,Tue,18:00:00,5,0,GRA,5
NOM,3393,86561679,2026-09-22 18:00:00,Tue,18:00:00,7,0,NOM,7
ALC,3393,86563551,2026-09-22 18:00:00,Tue,18:00:00,8,0,ALC,10
NOM,3393,86561680,2026-09-22 18:30:00,Tue,18:30:00,7,0,NOM,7
GRA,3393,86576560,2026-09-22 18:30:00,Tue,18:30:00,5,0,GRA,5
ALC,3393,86563552,2026-09-22 18:30:00,Tue,18:30:00,8,0,ALC,10
SAB,3393,86565904,2026-09-22 18:30:00,Tue,18:30:00,5,0,SAB,5
MAD,3393,86576464,2026-09-22 18:30:00,Tue,18:30:00,3,-1,NEM,3
NOM,3393,86561681,2026-09-22 19:00:00,Tue,19:00:00,8,-1,NOM,8
GRA,3393,86576561,2026-09-22 19:00:00,Tue,19:00:00,5,0,GRA,6
ALC,3393,86563553,2026-09-22 19:00:00,Tue,19:00:00,8,-1,ALC,11
SAB,3393,86565905,2026-09-22 19:00:00,Tue,19:00:00,5,0,SAB,5
MAD,3393,86576465,2026-09-22 19:00:00,Tue,19:00:00,4,0,NEM,4
NOM,3393,86561682,2026-09-22 19:30:00,Tue,19:30:00,9,0,NOM,10
MAD,3393,86576466,2026-09-22 19:30:00,Tue,19:30:00,5,-1,NEM,6
ALC,3393,86563554,2026-09-22 19:30:00,Tue,19:30:00,11,-1,ALC,16
GRA,3393,86576562,2026-09-22 19:30:00,Tue,19:30:00,6,0,GRA,7
SAB,3393,86565906,2026-09-22 19:30:00,Tue,19:30:00,7,0,SAB,7
GRA,3393,86576563,2026-09-22 20:00:00,Tue,20:00:00,8,0,GRA,11
MAD,3393,86576467,2026-09-22 20:00:00,Tue,20:00:00,6,-2,NEM,7
NOM,3393,86561683,2026-09-22 20:00:00,Tue,20:00:00,13,0,NOM,14
ALC,3393,86563555,2026-09-22 20:00:00,Tue,20:00:00,16,0,ALC,23
SAB,3393,86565907,2026-09-22 20:00:00,Tue,20:00:00,9,0,SAB,9
SAB,3393,86565908,2026-09-22 20:30:00,Tue,20:30:00,13,2,SAB,13
ALC,3393,86563556,2026-09-22 20:30:00,Tue,20:30:00,22,-2,ALC,31
MAD,3393,86576468,2026-09-22 20:30:00,Tue,20:30:00,8,0,NEM,9
GRA,3393,86576564,2026-09-22 20:30:00,Tue,20:30:00,12,-1,GRA,15
NOM,3393,86561684,2026-09-22 20:30:00,Tue,20:30:00,15,0,NOM,17
NOM,3393,86561685,2026-09-22 21:00:00,Tue,21:00:00,16,1,NOM,17
SAB,3393,86565909,2026-09-22 21:00:00,Tue,21:00:00,13,0,SAB,13
GRA,3393,86576565,2026-09-22 21:00:00,Tue,21:00:00,17,0,GRA,22
MAD,3393,86576469,2026-09-22 21:00:00,Tue,21:00:00,8,0,NEM,9
ALC,3393,86563557,2026-09-22 21:00:00,Tue,21:00:00,25,-1,ALC,35
SAB,3393,86565910,2026-09-22 21:30:00,Tue,21:30:00,9,0,SAB,9
ALC,3393,86563558,2026-09-22 21:30:00,Tue,21:30:00,24,-1,ALC,34
NOM,3393,86561686,2026-09-22 21:30:00,Tue,21:30:00,13,1,NOM,15
GRA,3393,86576566,2026-09-22 21:30:00,Tue,21:30:00,19,0,GRA,24
MAD,3393,86576470,2026-09-22 21:30:00,Tue,21:30:00,7,-1,NEM,9
SAB,3393,86565911,2026-09-22 22:00:00,Tue,22:00:00,10,1,SAB,10
ALC,3393,86563559,2026-09-22 22:00:00,Tue,22:00:00,19,-1,ALC,27
MAD,3393,86576471,2026-09-22 22:00:00,Tue,22:00:00,6,-1,NEM,7
GRA,3393,86576567,2026-09-22 22:00:00,Tue,22:00:00,17,0,GRA,22
NOM,3393,86561687,2026-09-22 22:00:00,Tue,22:00:00,9,3,NOM,10
NOM,3393,86561688,2026-09-22 22:30:00,Tue,22:30:00,7,2,NOM,7
MAD,3393,86576472,2026-09-22 22:30:00,Tue,22:30:00,4,0,NEM,5
GRA,3393,86576568,2026-09-22 22:30:00,Tue,22:30:00,15,0,GRA,17
SAB,3393,86565912,2026-09-22 22:30:00,Tue,22:30:00,6,0,SAB,6
ALC,3393,86563560,2026-09-22 22:30:00,Tue,22:30:00,14,-1,ALC,19
SAB,3393,86565913,2026-09-22 23:00:00,Tue,23:00:00,3,0,SAB,3
MAD,3393,86576473,2026-09-22 23:00:00,Tue,23:00:00,2,0,NEM,2
ALC,3393,86563561,2026-09-22 23:00:00,Tue,23:00:00,9,-1,ALC,10
GRA,3393,86576569,2026-09-22 23:00:00,Tue,23:00:00,11,0,GRA,10
NOM,3393,86561689,2026-09-22 23:00:00,Tue,23:00:00,3,1,NOM,3
MAD,3393,86576474,2026-09-22 23:30:00,Tue,23:30:00,1,-1,NEM,1
ALC,3393,86563562,2026-09-22 23:30:00,Tue,23:30:00,4,0,ALC,5
GRA,3393,86576570,2026-09-22 23:30:00,Tue,23:30:00,6,0,GRA,6
NOM,3393,86561690,2026-09-22 23:30:00,Tue,23:30:00,1,0,NOM,1
SAB,3393,86565914,2026-09-22 23:30:00,Tue,23:30:00,2,0,SAB,2
MAD,3393,86576475,2026-09-23 00:00:00,Wed,00:00:00,1,-1,NEM,0
ALC,3393,86563563,2026-09-23 00:00:00,Wed,00:00:00,2,0,ALC,2
SAB,3393,86565915,2026-09-23 00:00:00,Wed,00:00:00,0,0,SAB,0
NOM,3393,86561691,2026-09-23 00:00:00,Wed,00:00:00,0,0,NOM,0
GRA,3393,86576571,2026-09-23 00:00:00,Wed,00:00:00,3,0,GRA,3
GRA,3393,86576572,2026-09-23 00:30:00,Wed,00:30:00,2,0,GRA,1
ALC,3393,86563564,2026-09-23 00:30:00,Wed,00:30:00,1,0,ALC,1
SAB,3393,86565916,2026-09-23 00:30:00,Wed,00:30:00,0,0,SAB,0
MAD,3393,86576476,2026-09-23 00:30:00,Wed,00:30:00,0,0,NEM,0
NOM,3393,86561692,2026-09-23 00:30:00,Wed,00:30:00,0,0,NOM,0
ALC,3393,86563565,2026-09-23 01:00:00,Wed,01:00:00,0,0,ALC,0
SAB,3393,86565917,2026-09-23 01:00:00,Wed,01:00:00,0,0,SAB,0
MAD,3393,86576477,2026-09-23 01:00:00,Wed,01:00:00,0,0,NEM,0
NOM,3393,86561693,2026-09-23 01:00:00,Wed,01:00:00,0,0,NOM,0
GRA,3393,86576573,2026-09-23 01:00:00,Wed,01:00:00,0,0,GRA,0
SAB,3393,86565918,2026-09-23 01:30:00,Wed,01:30:00,0,0,SAB,0
GRA,3393,86576574,2026-09-23 01:30:00,Wed,01:30:00,0,0,GRA,0
MAD,3393,86576478,2026-09-23 01:30:00,Wed,01:30:00,0,0,NEM,0
ALC,3393,86563566,2026-09-23 01:30:00,Wed,01:30:00,0,0,ALC,0
NOM,3393,86561694,2026-09-23 01:30:00,Wed,01:30:00,0,0,NOM,0
SAB,3393,86599663,2026-09-23 02:00:00,Wed,02:00:00,0,0,SAB,0
NOM,3393,86609263,2026-09-23 02:00:00,Wed,02:00:00,0,0,NOM,0
ALC,3393,86596687,2026-09-23 02:00:00,Wed,02:00:00,0,0,ALC,0
GRA,3393,86609839,2026-09-23 02:00:00,Wed,02:00:00,0,0,GRA,0
MAD,3393,86609743,2026-09-23 02:00:00,Wed,02:00:00,0,0,NEM,0
SAB,3393,86599664,2026-09-23 02:30:00,Wed,02:30:00,0,0,SAB,0
MAD,3393,86609744,2026-09-23 02:30:00,Wed,02:30:00,0,0,NEM,0
NOM,3393,86609264,2026-09-23 02:30:00,Wed,02:30:00,0,0,NOM,0
GRA,3393,86609840,2026-09-23 02:30:00,Wed,02:30:00,0,0,GRA,0
ALC,3393,86596688,2026-09-23 02:30:00,Wed,02:30:00,0,0,ALC,0
MAD,3393,86609745,2026-09-23 03:00:00,Wed,03:00:00,0,0,NEM,0
GRA,3393,86609841,2026-09-23 03:00:00,Wed,03:00:00,0,0,GRA,0
SAB,3393,86599665,2026-09-23 03:00:00,Wed,03:00:00,0,0,SAB,0
NOM,3393,86609265,2026-09-23 03:00:00,Wed,03:00:00,0,0,NOM,0
ALC,3393,86596689,2026-09-23 03:00:00,Wed,03:00:00,0,0,ALC,0
MAD,3393,86609746,2026-09-23 03:30:00,Wed,03:30:00,0,0,NEM,0
NOM,3393,86609266,2026-09-23 03:30:00,Wed,03:30:00,0,0,NOM,0
SAB,3393,86599666,2026-09-23 03:30:00,Wed,03:30:00,0,0,SAB,0
ALC,3393,86596690,2026-09-23 03:30:00,Wed,03:30:00,0,0,ALC,0
GRA,3393,86609842,2026-09-23 03:30:00,Wed,03:30:00,0,0,GRA,0
NOM,3393,86609267,2026-09-23 04:00:00,Wed,04:00:00,0,0,NOM,0
ALC,3393,86596691,2026-09-23 04:00:00,Wed,04:00:00,0,0,ALC,0
MAD,3393,86609747,2026-09-23 04:00:00,Wed,04:00:00,0,0,NEM,0
SAB,3393,86599667,2026-09-23 04:00:00,Wed,04:00:00,0,0,SAB,0
GRA,3393,86609843,2026-09-23 04:00:00,Wed,04:00:00,0,0,GRA,0
ALC,3393,86596692,2026-09-23 04:30:00,Wed,04:30:00,0,0,ALC,0
NOM,3393,86609268,2026-09-23 04:30:00,Wed,04:30:00,0,0,NOM,0
GRA,3393,86609844,2026-09-23 04:30:00,Wed,04:30:00,0,0,GRA,0
SAB,3393,86599668,2026-09-23 04:30:00,Wed,04:30:00,0,0,SAB,0
MAD,3393,86609748,2026-09-23 04:30:00,Wed,04:30:00,0,0,NEM,0
NOM,3393,86609269,2026-09-23 05:00:00,Wed,05:00:00,0,0,NOM,0
SAB,3393,86599669,2026-09-23 05:00:00,Wed,05:00:00,0,0,SAB,0
ALC,3393,86596693,2026-09-23 05:00:00,Wed,05:00:00,0,0,ALC,0
MAD,3393,86609749,2026-09-23 05:00:00,Wed,05:00:00,0,0,NEM,0
GRA,3393,86609845,2026-09-23 05:00:00,Wed,05:00:00,0,0,GRA,0
NOM,3393,86609270,2026-09-23 05:30:00,Wed,05:30:00,0,0,NOM,0
SAB,3393,86599670,2026-09-23 05:30:00,Wed,05:30:00,0,0,SAB,0
GRA,3393,86609846,2026-09-23 05:30:00,Wed,05:30:00,0,0,GRA,0
ALC,3393,86596694,2026-09-23 05:30:00,Wed,05:30:00,0,0,ALC,0
MAD,3393,86609750,2026-09-23 05:30:00,Wed,05:30:00,0,0,NEM,0
GRA,3393,86609847,2026-09-23 06:00:00,Wed,06:00:00,0,0,GRA,0
MAD,3393,86609751,2026-09-23 06:00:00,Wed,06:00:00,0,0,NEM,0
NOM,3393,86609271,2026-09-23 06:00:00,Wed,06:00:00,0,0,NOM,0
SAB,3393,86599671,2026-09-23 06:00:00,Wed,06:00:00,0,0,SAB,0
ALC,3393,86596695,2026-09-23 06:00:00,Wed,06:00:00,0,0,ALC,0
NOM,3393,86609272,2026-09-23 06:30:00,Wed,06:30:00,0,0,NOM,0
ALC,3393,86596696,2026-09-23 06:30:00,Wed,06:30:00,0,0,ALC,0
GRA,3393,86609848,2026-09-23 06:30:00,Wed,06:30:00,0,0,GRA,0
MAD,3393,86609752,2026-09-23 06:30:00,Wed,06:30:00,0,0,NEM,0
SAB,3393,86599672,2026-09-23 06:30:00,Wed,06:30:00,0,0,SAB,0
MAD,3393,86609753,2026-09-23 07:00:00,Wed,07:00:00,0,0,NEM,0
NOM,3393,86609273,2026-09-23 07:00:00,Wed,07:00:00,0,0,NOM,0
GRA,3393,86609849,2026-09-23 07:00:00,Wed,07:00:00,0,0,GRA,0
ALC,3393,86596697,2026-09-23 07:00:00,Wed,07:00:00,0,0,ALC,0
SAB,3393,86599673,2026-09-23 07:00:00,Wed,07:00:00,0,0,SAB,0
MAD,3393,86609754,2026-09-23 07:30:00,Wed,07:30:00,0,0,NEM,0
NOM,3393,86609274,2026-09-23 07:30:00,Wed,07:30:00,0,0,NOM,0
GRA,3393,86609850,2026-09-23 07:30:00,Wed,07:30:00,0,0,GRA,0
SAB,3393,86599674,2026-09-23 07:30:00,Wed,07:30:00,0,0,SAB,0
ALC,3393,86596698,2026-09-23 07:30:00,Wed,07:30:00,0,0,ALC,0
GRA,3393,86609851,2026-09-23 08:00:00,Wed,08:00:00,0,0,GRA,0
MAD,3393,86609755,2026-09-23 08:00:00,Wed,08:00:00,1,1,NEM,0
ALC,3393,86596699,2026-09-23 08:00:00,Wed,08:00:00,0,0,ALC,0
SAB,3393,86599675,2026-09-23 08:00:00,Wed,08:00:00,0,0,SAB,0
NOM,3393,86609275,2026-09-23 08:00:00,Wed,08:00:00,0,0,NOM,0
ALC,3393,86596700,2026-09-23 08:30:00,Wed,08:30:00,1,0,ALC,1
GRA,3393,86609852,2026-09-23 08:30:00,Wed,08:30:00,1,0,GRA,0
MAD,3393,86609756,2026-09-23 08:30:00,Wed,08:30:00,1,-1,NEM,1
SAB,3393,86599676,2026-09-23 08:30:00,Wed,08:30:00,0,0,SAB,0
NOM,3393,86609276,2026-09-23 08:30:00,Wed,08:30:00,2,0,NOM,2
ALC,3393,86596701,2026-09-23 09:00:00,Wed,09:00:00,1,0,ALC,2
NOM,3393,86609277,2026-09-23 09:00:00,Wed,09:00:00,4,0,NOM,3
SAB,3393,86599677,2026-09-23 09:00:00,Wed,09:00:00,0,0,SAB,0
GRA,3393,86609853,2026-09-23 09:00:00,Wed,09:00:00,1,0,GRA,1
MAD,3393,86609757,2026-09-23 09:00:00,Wed,09:00:00,2,-1,NEM,2
SAB,3393,86599678,2026-09-23 09:30:00,Wed,09:30:00,0,0,SAB,0
MAD,3393,86609758,2026-09-23 09:30:00,Wed,09:30:00,3,0,NEM,2
ALC,3393,86596702,2026-09-23 09:30:00,Wed,09:30:00,3,0,ALC,3
GRA,3393,86609854,2026-09-23 09:30:00,Wed,09:30:00,2,0,GRA,1
NOM,3393,86609278,2026-09-23 09:30:00,Wed,09:30:00,5,0,NOM,4
MAD,3393,86609759,2026-09-23 10:00:00,Wed,10:00:00,3,0,NEM,3
GRA,3393,86609855,2026-09-23 10:00:00,Wed,10:00:00,3,0,GRA,2
ALC,3393,86596703,2026-09-23 10:00:00,Wed,10:00:00,4,1,ALC,5
NOM,3393,86609279,2026-09-23 10:00:00,Wed,10:00:00,6,1,NOM,5
SAB,3393,86599679,2026-09-23 10:00:00,Wed,10:00:00,0,0,SAB,0
ALC,3393,86596704,2026-09-23 10:30:00,Wed,10:30:00,5,1,ALC,4
SAB,3393,86599680,2026-09-23 10:30:00,Wed,10:30:00,0,0,SAB,0
MAD,3393,86609760,2026-09-23 10:30:00,Wed,10:30:00,3,0,NEM,2
NOM,3393,86609280,2026-09-23 10:30:00,Wed,10:30:00,6,0,NOM,5
GRA,3393,86609856,2026-09-23 10:30:00,Wed,10:30:00,3,0,GRA,3
GRA,3393,86609857,2026-09-23 11:00:00,Wed,11:00:00,2,-1,GRA,2
NOM,3393,86609281,2026-09-23 11:00:00,Wed,11:00:00,7,0,NOM,6
ALC,3393,86596705,2026-09-23 11:00:00,Wed,11:00:00,5,1,ALC,5
MAD,3393,86609761,2026-09-23 11:00:00,Wed,11:00:00,3,0,NEM,3
SAB,3393,86599681,2026-09-23 11:00:00,Wed,11:00:00,0,0,SAB,0
GRA,3393,86609858,2026-09-23 11:30:00,Wed,11:30:00,3,0,GRA,3
ALC,3393,86596706,2026-09-23 11:30:00,Wed,11:30:00,5,1,ALC,6
MAD,3393,86609762,2026-09-23 11:30:00,Wed,11:30:00,3,0,NEM,3
NOM,3393,86609282,2026-09-23 11:30:00,Wed,11:30:00,7,-1,NOM,6
SAB,3393,86599682,2026-09-23 11:30:00,Wed,11:30:00,0,0,SAB,0
SAB,3393,86599683,2026-09-23 12:00:00,Wed,12:00:00,2,0,SAB,2
GRA,3393,86609859,2026-09-23 12:00:00,Wed,12:00:00,4,0,GRA,3
NOM,3393,86609283,2026-09-23 12:00:00,Wed,12:00:00,8,0,NOM,7
MAD,3393,86609763,2026-09-23 12:00:00,Wed,12:00:00,4,0,NEM,4
ALC,3393,86596707,2026-09-23 12:00:00,Wed,12:00:00,7,1,ALC,8
GRA,3393,86609860,2026-09-23 12:30:00,Wed,12:30:00,4,0,GRA,4
NOM,3393,86609284,2026-09-23 12:30:00,Wed,12:30:00,9,0,NOM,9
SAB,3393,86599684,2026-09-23 12:30:00,Wed,12:30:00,3,0,SAB,3
ALC,3393,86596708,2026-09-23 12:30:00,Wed,12:30:00,7,1,ALC,9
MAD,3393,86609764,2026-09-23 12:30:00,Wed,12:30:00,6,0,NEM,6
SAB,3393,86599685,2026-09-23 13:00:00,Wed,13:00:00,6,0,SAB,6
NOM,3393,86609285,2026-09-23 13:00:00,Wed,13:00:00,12,1,NOM,13
MAD,3393,86609765,2026-09-23 13:00:00,Wed,13:00:00,7,0,NEM,9
GRA,3393,86609861,2026-09-23 13:00:00,Wed,13:00:00,5,0,GRA,6
ALC,3393,86596709,2026-09-23 13:00:00,Wed,13:00:00,9,0,ALC,14
GRA,3393,86609862,2026-09-23 13:30:00,Wed,13:30:00,10,0,GRA,11
ALC,3393,86596710,2026-09-23 13:30:00,Wed,13:30:00,14,0,ALC,20
MAD,3393,86609766,2026-09-23 13:30:00,Wed,13:30:00,9,1,NEM,11
SAB,3393,86599686,2026-09-23 13:30:00,Wed,13:30:00,7,0,SAB,7
NOM,3393,86609286,2026-09-23 13:30:00,Wed,13:30:00,15,1,NOM,16
ALC,3393,86596711,2026-09-23 14:00:00,Wed,14:00:00,17,0,ALC,26
SAB,3393,86599687,2026-09-23 14:00:00,Wed,14:00:00,6,-1,SAB,6
MAD,3393,86609767,2026-09-23 14:00:00,Wed,14:00:00,8,0,NEM,10
NOM,3393,86609287,2026-09-23 14:00:00,Wed,14:00:00,15,2,NOM,16
GRA,3393,86609863,2026-09-23 14:00:00,Wed,14:00:00,11,0,GRA,12
GRA,3393,86609864,2026-09-23 14:30:00,Wed,14:30:00,11,0,GRA,14
ALC,3393,86596712,2026-09-23 14:30:00,Wed,14:30:00,17,0,ALC,25
MAD,3393,86609768,2026-09-23 14:30:00,Wed,14:30:00,7,-1,NEM,8
SAB,3393,86599688,2026-09-23 14:30:00,Wed,14:30:00,7,0,SAB,7
NOM,3393,86609288,2026-09-23 14:30:00,Wed,14:30:00,13,3,NOM,14
ALC,3393,86596713,2026-09-23 15:00:00,Wed,15:00:00,14,0,ALC,21
MAD,3393,86609769,2026-09-23 15:00:00,Wed,15:00:00,4,-1,NEM,6
GRA,3393,86609865,2026-09-23 15:00:00,Wed,15:00:00,10,2,GRA,11
SAB,3393,86599689,2026-09-23 15:00:00,Wed,15:00:00,6,0,SAB,6
NOM,3393,86609289,2026-09-23 15:00:00,Wed,15:00:00,9,2,NOM,10
SAB,3393,86599690,2026-09-23 15:30:00,Wed,15:30:00,3,0,SAB,3
ALC,3393,86596714,2026-09-23 15:30:00,Wed,15:30:00,11,0,ALC,15
GRA,3393,86609866,2026-09-23 15:30:00,Wed,15:30:00,7,2,GRA,9
NOM,3393,86609290,2026-09-23 15:30:00,Wed,15:30:00,7,1,NOM,7
MAD,3393,86609770,2026-09-23 15:30:00,Wed,15:30:00,4,-1,NEM,4
NOM,3393,86609291,2026-09-23 16:00:00,Wed,16:00:00,7,1,NOM,6
MAD,3393,86609771,2026-09-23 16:00:00,Wed,16:00:00,3,0,NEM,3
ALC,3393,86596715,2026-09-23 16:00:00,Wed,16:00:00,8,0,ALC,10
SAB,3393,86599691,2026-09-23 16:00:00,Wed,16:00:00,3,0,SAB,3
GRA,3393,86609867,2026-09-23 16:00:00,Wed,16:00:00,6,1,GRA,5
GRA,3393,86609868,2026-09-23 16:30:00,Wed,16:30:00,5,1,GRA,5
ALC,3393,86596716,2026-09-23 16:30:00,Wed,16:30:00,7,0,ALC,8
NOM,3393,86609292,2026-09-23 16:30:00,Wed,16:30:00,6,0,NOM,6
MAD,3393,86609772,2026-09-23 16:30:00,Wed,16:30:00,3,0,NEM,3
SAB,3393,86599692,2026-09-23 16:30:00,Wed,16:30:00,3,0,SAB,3
SAB,3393,86599693,2026-09-23 17:00:00,Wed,17:00:00,3,0,SAB,3
MAD,3393,86609773,2026-09-23 17:00:00,Wed,17:00:00,2,0,NEM,3
NOM,3393,86609293,2026-09-23 17:00:00,Wed,17:00:00,6,0,NOM,6
ALC,3393,86596717,2026-09-23 17:00:00,Wed,17:00:00,6,-1,ALC,8
GRA,3393,86609869,2026-09-23 17:00:00,Wed,17:00:00,4,-1,GRA,4
SAB,3393,86599694,2026-09-23 17:30:00,Wed,17:30:00,3,0,SAB,3
MAD,3393,86609774,2026-09-23 17:30:00,Wed,17:30:00,3,1,NEM,3
ALC,3393,86596718,2026-09-23 17:30:00,Wed,17:30:00,7,1,ALC,8
GRA,3393,86609870,2026-09-23 17:30:00,Wed,17:30:00,5,0,GRA,5
NOM,3393,86609294,2026-09-23 17:30:00,Wed,17:30:00,7,0,NOM,6
SAB,3393,86599695,2026-09-23 18:00:00,Wed,18:00:00,5,0,SAB,5
ALC,3393,86596719,2026-09-23 18:00:00,Wed,18:00:00,8,-1,ALC,10
NOM,3393,86609295,2026-09-23 18:00:00,Wed,18:00:00,7,0,NOM,6
MAD,3393,86609775,2026-09-23 18:00:00,Wed,18:00:00,3,0,NEM,3
GRA,3393,86609871,2026-09-23 18:00:00,Wed,18:00:00,6,0,GRA,5
MAD,3393,86609776,2026-09-23 18:30:00,Wed,18:30:00,3,0,NEM,4
ALC,3393,86596720,2026-09-23 18:30:00,Wed,18:30:00,9,0,ALC,10
GRA,3393,86609872,2026-09-23 18:30:00,Wed,18:30:00,5,-1,GRA,5
NOM,3393,86609296,2026-09-23 18:30:00,Wed,18:30:00,9,0,NOM,8
SAB,3393,86599696,2026-09-23 18:30:00,Wed,18:30:00,5,0,SAB,5
MAD,3393,86609777,2026-09-23 19:00:00,Wed,19:00:00,4,-1,NEM,5
SAB,3393,86599697,2026-09-23 19:00:00,Wed,19:00:00,5,0,SAB,5
ALC,3393,86596721,2026-09-23 19:00:00,Wed,19:00:00,9,-1,ALC,12
NOM,3393,86609297,2026-09-23 19:00:00,Wed,19:00:00,9,0,NOM,9
GRA,3393,86609873,2026-09-23 19:00:00,Wed,19:00:00,5,0,GRA,6
MAD,3393,86609778,2026-09-23 19:30:00,Wed,19:30:00,5,-1,NEM,6
NOM,3393,86609298,2026-09-23 19:30:00,Wed,19:30:00,10,0,NOM,11
ALC,3393,86596722,2026-09-23 19:30:00,Wed,19:30:00,12,0,ALC,17
GRA,3393,86609874,2026-09-23 19:30:00,Wed,19:30:00,5,0,GRA,7
SAB,3393,86599698,2026-09-23 19:30:00,Wed,19:30:00,7,0,SAB,7
SAB,3393,86599699,2026-09-23 20:00:00,Wed,20:00:00,12,2,SAB,11
GRA,3393,86609875,2026-09-23 20:00:00,Wed,20:00:00,9,0,GRA,11
MAD,3393,86609779,2026-09-23 20:00:00,Wed,20:00:00,7,0,NEM,8
ALC,3393,86596723,2026-09-23 20:00:00,Wed,20:00:00,18,0,ALC,25
NOM,3393,86609299,2026-09-23 20:00:00,Wed,20:00:00,14,-1,NOM,15
SAB,3393,86599700,2026-09-23 20:30:00,Wed,20:30:00,14,0,SAB,14
MAD,3393,86609780,2026-09-23 20:30:00,Wed,20:30:00,9,1,NEM,11
GRA,3393,86609876,2026-09-23 20:30:00,Wed,20:30:00,13,0,GRA,16
ALC,3393,86596724,2026-09-23 20:30:00,Wed,20:30:00,22,0,ALC,32
NOM,3393,86609300,2026-09-23 20:30:00,Wed,20:30:00,18,2,NOM,20
NOM,3393,86609301,2026-09-23 21:00:00,Wed,21:00:00,17,1,NOM,20
MAD,3393,86609781,2026-09-23 21:00:00,Wed,21:00:00,9,1,NEM,11
SAB,3393,86599701,2026-09-23 21:00:00,Wed,21:00:00,8,-8,SAB,8
GRA,3393,86609877,2026-09-23 21:00:00,Wed,21:00:00,20,1,GRA,25
ALC,3393,86596725,2026-09-23 21:00:00,Wed,21:00:00,27,-1,ALC,38
MAD,3393,86609782,2026-09-23 21:30:00,Wed,21:30:00,8,0,NEM,10
GRA,3393,86609878,2026-09-23 21:30:00,Wed,21:30:00,21,1,GRA,27
SAB,3393,86599702,2026-09-23 21:30:00,Wed,21:30:00,17,1,SAB,17
ALC,3393,86596726,2026-09-23 21:30:00,Wed,21:30:00,25,0,ALC,36
NOM,3393,86609302,2026-09-23 21:30:00,Wed,21:30:00,15,-1,NOM,16
SAB,3393,86599703,2026-09-23 22:00:00,Wed,22:00:00,15,0,SAB,15
NOM,3393,86609303,2026-09-23 22:00:00,Wed,22:00:00,10,1,NOM,11
MAD,3393,86609783,2026-09-23 22:00:00,Wed,22:00:00,6,0,NEM,7
GRA,3393,86609879,2026-09-23 22:00:00,Wed,22:00:00,19,1,GRA,24
ALC,3393,86596727,2026-09-23 22:00:00,Wed,22:00:00,20,0,ALC,29
GRA,3393,86609880,2026-09-23 22:30:00,Wed,22:30:00,16,1,GRA,19
SAB,3393,86599704,2026-09-23 22:30:00,Wed,22:30:00,7,0,SAB,7
NOM,3393,86609304,2026-09-23 22:30:00,Wed,22:30:00,7,1,NOM,7
MAD,3393,86609784,2026-09-23 22:30:00,Wed,22:30:00,4,-1,NEM,4
ALC,3393,86596728,2026-09-23 22:30:00,Wed,22:30:00,14,0,ALC,19
NOM,3393,86609305,2026-09-23 23:00:00,Wed,23:00:00,3,1,NOM,3
GRA,3393,86609881,2026-09-23 23:00:00,Wed,23:00:00,11,1,GRA,11
MAD,3393,86609785,2026-09-23 23:00:00,Wed,23:00:00,2,0,NEM,2
ALC,3393,86596729,2026-09-23 23:00:00,Wed,23:00:00,9,0,ALC,10
SAB,3393,86599705,2026-09-23 23:00:00,Wed,23:00:00,5,0,SAB,5
MAD,3393,86609786,2026-09-23 23:30:00,Wed,23:30:00,1,0,NEM,1
GRA,3393,86609882,2026-09-23 23:30:00,Wed,23:30:00,6,1,GRA,5
SAB,3393,86599706,2026-09-23 23:30:00,Wed,23:30:00,2,0,SAB,2
NOM,3393,86609306,2026-09-23 23:30:00,Wed,23:30:00,1,1,NOM,1
ALC,3393,86596730,2026-09-23 23:30:00,Wed,23:30:00,4,-1,ALC,5
NOM,3393,86609307,2026-09-24 00:00:00,Thu,00:00:00,0,0,NOM,0
GRA,3393,86609883,2026-09-24 00:00:00,Thu,00:00:00,3,1,GRA,2
SAB,3393,86599707,2026-09-24 00:00:00,Thu,00:00:00,0,0,SAB,0
MAD,3393,86609787,2026-09-24 00:00:00,Thu,00:00:00,1,0,NEM,1
ALC,3393,86596731,2026-09-24 00:00:00,Thu,00:00:00,2,0,ALC,2
NOM,3393,86609308,2026-09-24 00:30:00,Thu,00:30:00,0,0,NOM,0
ALC,3393,86596732,2026-09-24 00:30:00,Thu,00:30:00,1,0,ALC,1
SAB,3393,86599708,2026-09-24 00:30:00,Thu,00:30:00,0,0,SAB,0
GRA,3393,86609884,2026-09-24 00:30:00,Thu,00:30:00,1,0,GRA,1
MAD,3393,86609788,2026-09-24 00:30:00,Thu,00:30:00,0,0,NEM,0
GRA,3393,86609885,2026-09-24 01:00:00,Thu,01:00:00,0,0,GRA,0
NOM,3393,86609309,2026-09-24 01:00:00,Thu,01:00:00,0,0,NOM,0
SAB,3393,86599709,2026-09-24 01:00:00,Thu,01:00:00,0,0,SAB,0
MAD,3393,86609789,2026-09-24 01:00:00,Thu,01:00:00,0,0,NEM,0
ALC,3393,86596733,2026-09-24 01:00:00,Thu,01:00:00,0,0,ALC,0
GRA,3393,86609886,2026-09-24 01:30:00,Thu,01:30:00,0,0,GRA,0
NOM,3393,86609310,2026-09-24 01:30:00,Thu,01:30:00,0,0,NOM,0
ALC,3393,86596734,2026-09-24 01:30:00,Thu,01:30:00,0,0,ALC,0
MAD,3393,86609790,2026-09-24 01:30:00,Thu,01:30:00,0,0,NEM,0
SAB,3393,86599710,2026-09-24 01:30:00,Thu,01:30:00,0,0,SAB,0
NOM,3393,86638207,2026-09-24 02:00:00,Thu,02:00:00,0,0,NOM,0
SAB,3393,86628799,2026-09-24 02:00:00,Thu,02:00:00,0,0,SAB,0
MAD,3393,86628991,2026-09-24 02:00:00,Thu,02:00:00,0,0,NEM,0
ALC,3393,86637295,2026-09-24 02:00:00,Thu,02:00:00,0,0,ALC,0
GRA,3393,86629087,2026-09-24 02:00:00,Thu,02:00:00,0,0,GRA,0
MAD,3393,86628992,2026-09-24 02:30:00,Thu,02:30:00,0,0,NEM,0
NOM,3393,86638208,2026-09-24 02:30:00,Thu,02:30:00,0,0,NOM,0
ALC,3393,86637296,2026-09-24 02:30:00,Thu,02:30:00,0,0,ALC,0
SAB,3393,86628800,2026-09-24 02:30:00,Thu,02:30:00,0,0,SAB,0
GRA,3393,86629088,2026-09-24 02:30:00,Thu,02:30:00,0,0,GRA,0
NOM,3393,86638209,2026-09-24 03:00:00,Thu,03:00:00,0,0,NOM,0
GRA,3393,86629089,2026-09-24 03:00:00,Thu,03:00:00,0,0,GRA,0
MAD,3393,86628993,2026-09-24 03:00:00,Thu,03:00:00,0,0,NEM,0
SAB,3393,86628801,2026-09-24 03:00:00,Thu,03:00:00,0,0,SAB,0
ALC,3393,86637297,2026-09-24 03:00:00,Thu,03:00:00,0,0,ALC,0
NOM,3393,86638210,2026-09-24 03:30:00,Thu,03:30:00,0,0,NOM,0
MAD,3393,86628994,2026-09-24 03:30:00,Thu,03:30:00,0,0,NEM,0
SAB,3393,86628802,2026-09-24 03:30:00,Thu,03:30:00,0,0,SAB,0
GRA,3393,86629090,2026-09-24 03:30:00,Thu,03:30:00,0,0,GRA,0
ALC,3393,86637298,2026-09-24 03:30:00,Thu,03:30:00,0,0,ALC,0
NOM,3393,86638211,2026-09-24 04:00:00,Thu,04:00:00,0,0,NOM,0
ALC,3393,86637299,2026-09-24 04:00:00,Thu,04:00:00,0,0,ALC,0
GRA,3393,86629091,2026-09-24 04:00:00,Thu,04:00:00,0,0,GRA,0
SAB,3393,86628803,2026-09-24 04:00:00,Thu,04:00:00,0,0,SAB,0
MAD,3393,86628995,2026-09-24 04:00:00,Thu,04:00:00,0,0,NEM,0
SAB,3393,86628804,2026-09-24 04:30:00,Thu,04:30:00,0,0,SAB,0
ALC,3393,86637300,2026-09-24 04:30:00,Thu,04:30:00,0,0,ALC,0
GRA,3393,86629092,2026-09-24 04:30:00,Thu,04:30:00,0,0,GRA,0
NOM,3393,86638212,2026-09-24 04:30:00,Thu,04:30:00,0,0,NOM,0
MAD,3393,86628996,2026-09-24 04:30:00,Thu,04:30:00,0,0,NEM,0
SAB,3393,86628805,2026-09-24 05:00:00,Thu,05:00:00,0,0,SAB,0
MAD,3393,86628997,2026-09-24 05:00:00,Thu,05:00:00,0,0,NEM,0
ALC,3393,86637301,2026-09-24 05:00:00,Thu,05:00:00,0,0,ALC,0
NOM,3393,86638213,2026-09-24 05:00:00,Thu,05:00:00,0,0,NOM,0
GRA,3393,86629093,2026-09-24 05:00:00,Thu,05:00:00,0,0,GRA,0
ALC,3393,86637302,2026-09-24 05:30:00,Thu,05:30:00,0,0,ALC,0
NOM,3393,86638214,2026-09-24 05:30:00,Thu,05:30:00,0,0,NOM,0
MAD,3393,86628998,2026-09-24 05:30:00,Thu,05:30:00,0,0,NEM,0
SAB,3393,86628806,2026-09-24 05:30:00,Thu,05:30:00,0,0,SAB,0
GRA,3393,86629094,2026-09-24 05:30:00,Thu,05:30:00,0,0,GRA,0
ALC,3393,86637303,2026-09-24 06:00:00,Thu,06:00:00,0,0,ALC,0
SAB,3393,86628807,2026-09-24 06:00:00,Thu,06:00:00,0,0,SAB,0
GRA,3393,86629095,2026-09-24 06:00:00,Thu,06:00:00,0,0,GRA,0
NOM,3393,86638215,2026-09-24 06:00:00,Thu,06:00:00,0,0,NOM,0
MAD,3393,86628999,2026-09-24 06:00:00,Thu,06:00:00,0,0,NEM,0
MAD,3393,86629000,2026-09-24 06:30:00,Thu,06:30:00,0,0,NEM,0
NOM,3393,86638216,2026-09-24 06:30:00,Thu,06:30:00,0,0,NOM,0
GRA,3393,86629096,2026-09-24 06:30:00,Thu,06:30:00,0,0,GRA,0
ALC,3393,86637304,2026-09-24 06:30:00,Thu,06:30:00,0,0,ALC,0
SAB,3393,86628808,2026-09-24 06:30:00,Thu,06:30:00,0,0,SAB,0
MAD,3393,86629001,2026-09-24 07:00:00,Thu,07:00:00,0,0,NEM,0
NOM,3393,86638217,2026-09-24 07:00:00,Thu,07:00:00,0,0,NOM,0
SAB,3393,86628809,2026-09-24 07:00:00,Thu,07:00:00,0,0,SAB,0
GRA,3393,86629097,2026-09-24 07:00:00,Thu,07:00:00,0,0,GRA,0
ALC,3393,86637305,2026-09-24 07:00:00,Thu,07:00:00,0,0,ALC,0
SAB,3393,86628810,2026-09-24 07:30:00,Thu,07:30:00,0,0,SAB,0
ALC,3393,86637306,2026-09-24 07:30:00,Thu,07:30:00,0,0,ALC,0
GRA,3393,86629098,2026-09-24 07:30:00,Thu,07:30:00,0,0,GRA,0
NOM,3393,86638218,2026-09-24 07:30:00,Thu,07:30:00,0,0,NOM,0
MAD,3393,86629002,2026-09-24 07:30:00,Thu,07:30:00,0,0,NEM,0
SAB,3393,86628811,2026-09-24 08:00:00,Thu,08:00:00,0,0,SAB,0
ALC,3393,86637307,2026-09-24 08:00:00,Thu,08:00:00,0,0,ALC,0
NOM,3393,86638219,2026-09-24 08:00:00,Thu,08:00:00,0,0,NOM,0
MAD,3393,86629003,2026-09-24 08:00:00,Thu,08:00:00,0,-1,NEM,0
GRA,3393,86629099,2026-09-24 08:00:00,Thu,08:00:00,0,0,GRA,0
GRA,3393,86629100,2026-09-24 08:30:00,Thu,08:30:00,1,0,GRA,0
ALC,3393,86637308,2026-09-24 08:30:00,Thu,08:30:00,1,1,ALC,1
MAD,3393,86629004,2026-09-24 08:30:00,Thu,08:30:00,1,0,NEM,1
NOM,3393,86638220,2026-09-24 08:30:00,Thu,08:30:00,2,0,NOM,1
SAB,3393,86628812,2026-09-24 08:30:00,Thu,08:30:00,0,0,SAB,0
MAD,3393,86629005,2026-09-24 09:00:00,Thu,09:00:00,2,-1,NEM,2
ALC,3393,86637309,2026-09-24 09:00:00,Thu,09:00:00,2,1,ALC,3
SAB,3393,86628813,2026-09-24 09:00:00,Thu,09:00:00,0,0,SAB,0
GRA,3393,86629101,2026-09-24 09:00:00,Thu,09:00:00,1,0,GRA,1
NOM,3393,86638221,2026-09-24 09:00:00,Thu,09:00:00,4,1,NOM,3
ALC,3393,86637310,2026-09-24 09:30:00,Thu,09:30:00,3,1,ALC,3
SAB,3393,86628814,2026-09-24 09:30:00,Thu,09:30:00,0,0,SAB,0
GRA,3393,86629102,2026-09-24 09:30:00,Thu,09:30:00,1,0,GRA,1
MAD,3393,86629006,2026-09-24 09:30:00,Thu,09:30:00,3,0,NEM,3
NOM,3393,86638222,2026-09-24 09:30:00,Thu,09:30:00,7,2,NOM,6
SAB,3393,86628815,2026-09-24 10:00:00,Thu,10:00:00,0,0,SAB,0
NOM,3393,86638223,2026-09-24 10:00:00,Thu,10:00:00,7,2,NOM,6
GRA,3393,86629103,2026-09-24 10:00:00,Thu,10:00:00,3,0,GRA,3
ALC,3393,86637311,2026-09-24 10:00:00,Thu,10:00:00,4,-1,ALC,5
MAD,3393,86629007,2026-09-24 10:00:00,Thu,10:00:00,3,0,NEM,3
NOM,3393,86638224,2026-09-24 10:30:00,Thu,10:30:00,6,1,NOM,5
GRA,3393,86629104,2026-09-24 10:30:00,Thu,10:30:00,3,0,GRA,2
ALC,3393,86637312,2026-09-24 10:30:00,Thu,10:30:00,5,-1,ALC,5
MAD,3393,86629008,2026-09-24 10:30:00,Thu,10:30:00,3,0,NEM,3
SAB,3393,86628816,2026-09-24 10:30:00,Thu,10:30:00,0,0,SAB,0
MAD,3393,86629009,2026-09-24 11:00:00,Thu,11:00:00,3,-1,NEM,3
NOM,3393,86638225,2026-09-24 11:00:00,Thu,11:00:00,7,1,NOM,6
ALC,3393,86637313,2026-09-24 11:00:00,Thu,11:00:00,5,-2,ALC,5
SAB,3393,86628817,2026-09-24 11:00:00,Thu,11:00:00,0,0,SAB,0
GRA,3393,86629105,2026-09-24 11:00:00,Thu,11:00:00,3,0,GRA,2
SAB,3393,86628818,2026-09-24 11:30:00,Thu,11:30:00,0,0,SAB,0
NOM,3393,86638226,2026-09-24 11:30:00,Thu,11:30:00,7,0,NOM,6
MAD,3393,86629010,2026-09-24 11:30:00,Thu,11:30:00,3,-1,NEM,3
ALC,3393,86637314,2026-09-24 11:30:00,Thu,11:30:00,5,-2,ALC,6
GRA,3393,86629106,2026-09-24 11:30:00,Thu,11:30:00,3,0,GRA,2
SAB,3393,86628819,2026-09-24 12:00:00,Thu,12:00:00,2,0,SAB,2
NOM,3393,86638227,2026-09-24 12:00:00,Thu,12:00:00,9,0,NOM,8
GRA,3393,86629107,2026-09-24 12:00:00,Thu,12:00:00,3,0,GRA,3
ALC,3393,86637315,2026-09-24 12:00:00,Thu,12:00:00,7,-1,ALC,8
MAD,3393,86629011,2026-09-24 12:00:00,Thu,12:00:00,4,0,NEM,4
ALC,3393,86637316,2026-09-24 12:30:00,Thu,12:30:00,7,-1,ALC,10
SAB,3393,86628820,2026-09-24 12:30:00,Thu,12:30:00,3,0,SAB,3
GRA,3393,86629108,2026-09-24 12:30:00,Thu,12:30:00,4,0,GRA,5
NOM,3393,86638228,2026-09-24 12:30:00,Thu,12:30:00,9,-1,NOM,9
MAD,3393,86629012,2026-09-24 12:30:00,Thu,12:30:00,5,0,NEM,6
NOM,3393,86638229,2026-09-24 13:00:00,Thu,13:00:00,14,1,NOM,15
ALC,3393,86637317,2026-09-24 13:00:00,Thu,13:00:00,10,-1,ALC,15
MAD,3393,86629013,2026-09-24 13:00:00,Thu,13:00:00,8,0,NEM,10
SAB,3393,86628821,2026-09-24 13:00:00,Thu,13:00:00,5,0,SAB,5
GRA,3393,86629109,2026-09-24 13:00:00,Thu,13:00:00,7,0,GRA,7
ALC,3393,86637318,2026-09-24 13:30:00,Thu,13:30:00,14,-1,ALC,21
GRA,3393,86629110,2026-09-24 13:30:00,Thu,13:30:00,10,0,GRA,11
MAD,3393,86629014,2026-09-24 13:30:00,Thu,13:30:00,9,1,NEM,12
SAB,3393,86628822,2026-09-24 13:30:00,Thu,13:30:00,6,0,SAB,6
NOM,3393,86638230,2026-09-24 13:30:00,Thu,13:30:00,17,2,NOM,18
GRA,3393,86629111,2026-09-24 14:00:00,Thu,14:00:00,12,0,GRA,13
NOM,3393,86638231,2026-09-24 14:00:00,Thu,14:00:00,16,2,NOM,18
SAB,3393,86628823,2026-09-24 14:00:00,Thu,14:00:00,8,0,SAB,8
ALC,3393,86637319,2026-09-24 14:00:00,Thu,14:00:00,16,0,ALC,25
MAD,3393,86629015,2026-09-24 14:00:00,Thu,14:00:00,9,1,NEM,11
GRA,3393,86629112,2026-09-24 14:30:00,Thu,14:30:00,11,-1,GRA,15
MAD,3393,86629016,2026-09-24 14:30:00,Thu,14:30:00,7,-1,NEM,9
ALC,3393,86637320,2026-09-24 14:30:00,Thu,14:30:00,16,0,ALC,27
NOM,3393,86638232,2026-09-24 14:30:00,Thu,14:30:00,15,3,NOM,16
SAB,3393,86628824,2026-09-24 14:30:00,Thu,14:30:00,7,0,SAB,7
MAD,3393,86629017,2026-09-24 15:00:00,Thu,15:00:00,5,0,NEM,6
GRA,3393,86629113,2026-09-24 15:00:00,Thu,15:00:00,11,0,GRA,12
SAB,3393,86628825,2026-09-24 15:00:00,Thu,15:00:00,6,0,SAB,6
NOM,3393,86638233,2026-09-24 15:00:00,Thu,15:00:00,11,1,NOM,12
ALC,3393,86637321,2026-09-24 15:00:00,Thu,15:00:00,15,1,ALC,23
SAB,3393,86628826,2026-09-24 15:30:00,Thu,15:30:00,3,0,SAB,3
NOM,3393,86638234,2026-09-24 15:30:00,Thu,15:30:00,8,1,NOM,9
GRA,3393,86629114,2026-09-24 15:30:00,Thu,15:30:00,7,0,GRA,8
ALC,3393,86637322,2026-09-24 15:30:00,Thu,15:30:00,11,0,ALC,15
MAD,3393,86629018,2026-09-24 15:30:00,Thu,15:30:00,4,0,NEM,5
ALC,3393,86637323,2026-09-24 16:00:00,Thu,16:00:00,8,0,ALC,10
MAD,3393,86629019,2026-09-24 16:00:00,Thu,16:00:00,3,1,NEM,4
GRA,3393,86629115,2026-09-24 16:00:00,Thu,16:00:00,6,0,GRA,5
SAB,3393,86628827,2026-09-24 16:00:00,Thu,16:00:00,3,0,SAB,3
NOM,3393,86638235,2026-09-24 16:00:00,Thu,16:00:00,8,1,NOM,7
ALC,3393,86637324,2026-09-24 16:30:00,Thu,16:30:00,7,1,ALC,9
GRA,3393,86629116,2026-09-24 16:30:00,Thu,16:30:00,5,0,GRA,5
NOM,3393,86638236,2026-09-24 16:30:00,Thu,16:30:00,7,0,NOM,6
MAD,3393,86629020,2026-09-24 16:30:00,Thu,16:30:00,2,0,NEM,3
SAB,3393,86628828,2026-09-24 16:30:00,Thu,16:30:00,3,0,SAB,3
MAD,3393,86629021,2026-09-24 17:00:00,Thu,17:00:00,3,0,NEM,3
NOM,3393,86638237,2026-09-24 17:00:00,Thu,17:00:00,7,0,NOM,6
GRA,3393,86629117,2026-09-24 17:00:00,Thu,17:00:00,5,0,GRA,4
ALC,3393,86637325,2026-09-24 17:00:00,Thu,17:00:00,7,1,ALC,8
SAB,3393,86628829,2026-09-24 17:00:00,Thu,17:00:00,3,0,SAB,3
NOM,3393,86638238,2026-09-24 17:30:00,Thu,17:30:00,8,0,NOM,7
GRA,3393,86629118,2026-09-24 17:30:00,Thu,17:30:00,6,0,GRA,6
SAB,3393,86628830,2026-09-24 17:30:00,Thu,17:30:00,3,0,SAB,3
ALC,3393,86637326,2026-09-24 17:30:00,Thu,17:30:00,7,1,ALC,9
MAD,3393,86629022,2026-09-24 17:30:00,Thu,17:30:00,3,0,NEM,3
MAD,3393,86629023,2026-09-24 18:00:00,Thu,18:00:00,3,0,NEM,4
GRA,3393,86629119,2026-09-24 18:00:00,Thu,18:00:00,6,0,GRA,6
SAB,3393,86628831,2026-09-24 18:00:00,Thu,18:00:00,3,0,SAB,3
NOM,3393,86638239,2026-09-24 18:00:00,Thu,18:00:00,9,1,NOM,8
ALC,3393,86637327,2026-09-24 18:00:00,Thu,18:00:00,8,-1,ALC,9
GRA,3393,86629120,2026-09-24 18:30:00,Thu,18:30:00,6,0,GRA,5
SAB,3393,86628832,2026-09-24 18:30:00,Thu,18:30:00,2,0,SAB,2
NOM,3393,86638240,2026-09-24 18:30:00,Thu,18:30:00,9,1,NOM,8
MAD,3393,86629024,2026-09-24 18:30:00,Thu,18:30:00,4,0,NEM,4
ALC,3393,86637328,2026-09-24 18:30:00,Thu,18:30:00,9,0,ALC,10
ALC,3393,86637329,2026-09-24 19:00:00,Thu,19:00:00,8,-1,ALC,11
NOM,3393,86638241,2026-09-24 19:00:00,Thu,19:00:00,10,2,NOM,10
SAB,3393,86628833,2026-09-24 19:00:00,Thu,19:00:00,5,0,SAB,5
GRA,3393,86629121,2026-09-24 19:00:00,Thu,19:00:00,6,0,GRA,5
MAD,3393,86629025,2026-09-24 19:00:00,Thu,19:00:00,4,0,NEM,5
MAD,3393,86629026,2026-09-24 19:30:00,Thu,19:30:00,5,-1,NEM,7
ALC,3393,86637330,2026-09-24 19:30:00,Thu,19:30:00,12,0,ALC,17
NOM,3393,86638242,2026-09-24 19:30:00,Thu,19:30:00,11,2,NOM,13
SAB,3393,86628834,2026-09-24 19:30:00,Thu,19:30:00,8,0,SAB,8
GRA,3393,86629122,2026-09-24 19:30:00,Thu,19:30:00,6,0,GRA,7
MAD,3393,86629027,2026-09-24 20:00:00,Thu,20:00:00,8,0,NEM,10
NOM,3393,86638243,2026-09-24 20:00:00,Thu,20:00:00,16,1,NOM,18
ALC,3393,86637331,2026-09-24 20:00:00,Thu,20:00:00,18,1,ALC,25
GRA,3393,86629123,2026-09-24 20:00:00,Thu,20:00:00,9,1,GRA,11
SAB,3393,86628835,2026-09-24 20:00:00,Thu,20:00:00,10,0,SAB,10
MAD,3393,86629028,2026-09-24 20:30:00,Thu,20:30:00,10,0,NEM,12
ALC,3393,86637332,2026-09-24 20:30:00,Thu,20:30:00,24,-1,ALC,34
GRA,3393,86629124,2026-09-24 20:30:00,Thu,20:30:00,15,0,GRA,19
NOM,3393,86638244,2026-09-24 20:30:00,Thu,20:30:00,21,1,NOM,23
SAB,3393,86628836,2026-09-24 20:30:00,Thu,20:30:00,15,0,SAB,15
GRA,3393,86629125,2026-09-24 21:00:00,Thu,21:00:00,21,0,GRA,27
ALC,3393,86637333,2026-09-24 21:00:00,Thu,21:00:00,28,0,ALC,40
MAD,3393,86629029,2026-09-24 21:00:00,Thu,21:00:00,10,0,NEM,13
SAB,3393,86628837,2026-09-24 21:00:00,Thu,21:00:00,16,0,SAB,16
NOM,3393,86638245,2026-09-24 21:00:00,Thu,21:00:00,21,0,NOM,23
ALC,3393,86637334,2026-09-24 21:30:00,Thu,21:30:00,26,0,ALC,37
GRA,3393,86629126,2026-09-24 21:30:00,Thu,21:30:00,24,0,GRA,30
SAB,3393,86628838,2026-09-24 21:30:00,Thu,21:30:00,13,0,SAB,13
MAD,3393,86629030,2026-09-24 21:30:00,Thu,21:30:00,9,-1,NEM,11
NOM,3393,86638246,2026-09-24 21:30:00,Thu,21:30:00,19,-2,NOM,21
NOM,3393,86638247,2026-09-24 22:00:00,Thu,22:00:00,14,-2,NOM,15
GRA,3393,86629127,2026-09-24 22:00:00,Thu,22:00:00,21,0,GRA,27
MAD,3393,86629031,2026-09-24 22:00:00,Thu,22:00:00,7,0,NEM,9
SAB,3393,86628839,2026-09-24 22:00:00,Thu,22:00:00,12,0,SAB,11
ALC,3393,86637335,2026-09-24 22:00:00,Thu,22:00:00,21,0,ALC,30
ALC,3393,86637336,2026-09-24 22:30:00,Thu,22:30:00,15,0,ALC,20
MAD,3393,86629032,2026-09-24 22:30:00,Thu,22:30:00,5,0,NEM,6
SAB,3393,86628840,2026-09-24 22:30:00,Thu,22:30:00,6,0,SAB,6
NOM,3393,86638248,2026-09-24 22:30:00,Thu,22:30:00,7,-1,NOM,7
GRA,3393,86629128,2026-09-24 22:30:00,Thu,22:30:00,16,-1,GRA,19
NOM,3393,86638249,2026-09-24 23:00:00,Thu,23:00:00,4,-1,NOM,3
ALC,3393,86637337,2026-09-24 23:00:00,Thu,23:00:00,11,0,ALC,12
SAB,3393,86628841,2026-09-24 23:00:00,Thu,23:00:00,5,0,SAB,5
MAD,3393,86629033,2026-09-24 23:00:00,Thu,23:00:00,3,0,NEM,3
GRA,3393,86629129,2026-09-24 23:00:00,Thu,23:00:00,10,0,GRA,9
ALC,3393,86637338,2026-09-24 23:30:00,Thu,23:30:00,6,1,ALC,6
MAD,3393,86629034,2026-09-24 23:30:00,Thu,23:30:00,2,0,NEM,1
GRA,3393,86629130,2026-09-24 23:30:00,Thu,23:30:00,6,0,GRA,6
NOM,3393,86638250,2026-09-24 23:30:00,Thu,23:30:00,1,-1,NOM,1
SAB,3393,86628842,2026-09-24 23:30:00,Thu,23:30:00,2,0,SAB,2
SAB,3393,86628843,2026-09-25 00:00:00,Fri,00:00:00,0,0,SAB,0
GRA,3393,86629131,2026-09-25 00:00:00,Fri,00:00:00,3,0,GRA,3
ALC,3393,86637339,2026-09-25 00:00:00,Fri,00:00:00,2,1,ALC,2
NOM,3393,86638251,2026-09-25 00:00:00,Fri,00:00:00,0,0,NOM,0
MAD,3393,86629035,2026-09-25 00:00:00,Fri,00:00:00,1,-1,NEM,1
GRA,3393,86629132,2026-09-25 00:30:00,Fri,00:30:00,2,0,GRA,2
ALC,3393,86637340,2026-09-25 00:30:00,Fri,00:30:00,1,1,ALC,1
SAB,3393,86628844,2026-09-25 00:30:00,Fri,00:30:00,0,0,SAB,0
NOM,3393,86638252,2026-09-25 00:30:00,Fri,00:30:00,0,0,NOM,0
MAD,3393,86629036,2026-09-25 00:30:00,Fri,00:30:00,0,0,NEM,0
SAB,3393,86628845,2026-09-25 01:00:00,Fri,01:00:00,0,0,SAB,0
MAD,3393,86629037,2026-09-25 01:00:00,Fri,01:00:00,0,0,NEM,0
ALC,3393,86637341,2026-09-25 01:00:00,Fri,01:00:00,0,0,ALC,0
GRA,3393,86629133,2026-09-25 01:00:00,Fri,01:00:00,0,0,GRA,0
NOM,3393,86638253,2026-09-25 01:00:00,Fri,01:00:00,0,0,NOM,0
GRA,3393,86629134,2026-09-25 01:30:00,Fri,01:30:00,0,0,GRA,0
MAD,3393,86629038,2026-09-25 01:30:00,Fri,01:30:00,0,0,NEM,0
NOM,3393,86638254,2026-09-25 01:30:00,Fri,01:30:00,0,0,NOM,0
SAB,3393,86628846,2026-09-25 01:30:00,Fri,01:30:00,0,0,SAB,0
ALC,3393,86637342,2026-09-25 01:30:00,Fri,01:30:00,0,0,ALC,0
MAD,3393,86668303,2026-09-25 02:00:00,Fri,02:00:00,0,0,NEM,0
ALC,3393,86671375,2026-09-25 02:00:00,Fri,02:00:00,0,0,ALC,0
NOM,3393,86676703,2026-09-25 02:00:00,Fri,02:00:00,0,0,NOM,0
SAB,3393,86669887,2026-09-25 02:00:00,Fri,02:00:00,0,0,SAB,0
GRA,3393,86668063,2026-09-25 02:00:00,Fri,02:00:00,0,0,GRA,0
SAB,3393,86669888,2026-09-25 02:30:00,Fri,02:30:00,0,0,SAB,0
MAD,3393,86668304,2026-09-25 02:30:00,Fri,02:30:00,0,0,NEM,0
NOM,3393,86676704,2026-09-25 02:30:00,Fri,02:30:00,0,0,NOM,0
GRA,3393,86668064,2026-09-25 02:30:00,Fri,02:30:00,0,0,GRA,0
ALC,3393,86671376,2026-09-25 02:30:00,Fri,02:30:00,0,0,ALC,0
GRA,3393,86668065,2026-09-25 03:00:00,Fri,03:00:00,0,0,GRA,0
MAD,3393,86668305,2026-09-25 03:00:00,Fri,03:00:00,0,0,NEM,0
NOM,3393,86676705,2026-09-25 03:00:00,Fri,03:00:00,0,0,NOM,0
ALC,3393,86671377,2026-09-25 03:00:00,Fri,03:00:00,0,0,ALC,0
SAB,3393,86669889,2026-09-25 03:00:00,Fri,03:00:00,0,0,SAB,0
NOM,3393,86676706,2026-09-25 03:30:00,Fri,03:30:00,0,0,NOM,0
GRA,3393,86668066,2026-09-25 03:30:00,Fri,03:30:00,0,0,GRA,0
ALC,3393,86671378,2026-09-25 03:30:00,Fri,03:30:00,0,0,ALC,0
MAD,3393,86668306,2026-09-25 03:30:00,Fri,03:30:00,0,0,NEM,0
SAB,3393,86669890,2026-09-25 03:30:00,Fri,03:30:00,0,0,SAB,0
MAD,3393,86668307,2026-09-25 04:00:00,Fri,04:00:00,0,0,NEM,0
NOM,3393,86676707,2026-09-25 04:00:00,Fri,04:00:00,0,0,NOM,0
GRA,3393,86668067,2026-09-25 04:00:00,Fri,04:00:00,0,0,GRA,0
ALC,3393,86671379,2026-09-25 04:00:00,Fri,04:00:00,0,0,ALC,0
SAB,3393,86669891,2026-09-25 04:00:00,Fri,04:00:00,0,0,SAB,0
MAD,3393,86668308,2026-09-25 04:30:00,Fri,04:30:00,0,0,NEM,0
ALC,3393,86671380,2026-09-25 04:30:00,Fri,04:30:00,0,0,ALC,0
SAB,3393,86669892,2026-09-25 04:30:00,Fri,04:30:00,0,0,SAB,0
GRA,3393,86668068,2026-09-25 04:30:00,Fri,04:30:00,0,0,GRA,0
NOM,3393,86676708,2026-09-25 04:30:00,Fri,04:30:00,0,0,NOM,0
ALC,3393,86671381,2026-09-25 05:00:00,Fri,05:00:00,0,0,ALC,0
GRA,3393,86668069,2026-09-25 05:00:00,Fri,05:00:00,0,0,GRA,0
SAB,3393,86669893,2026-09-25 05:00:00,Fri,05:00:00,0,0,SAB,0
MAD,3393,86668309,2026-09-25 05:00:00,Fri,05:00:00,0,0,NEM,0
NOM,3393,86676709,2026-09-25 05:00:00,Fri,05:00:00,0,0,NOM,0
GRA,3393,86668070,2026-09-25 05:30:00,Fri,05:30:00,0,0,GRA,0
ALC,3393,86671382,2026-09-25 05:30:00,Fri,05:30:00,0,0,ALC,0
NOM,3393,86676710,2026-09-25 05:30:00,Fri,05:30:00,0,0,NOM,0
SAB,3393,86669894,2026-09-25 05:30:00,Fri,05:30:00,0,0,SAB,0
MAD,3393,86668310,2026-09-25 05:30:00,Fri,05:30:00,0,0,NEM,0
ALC,3393,86671383,2026-09-25 06:00:00,Fri,06:00:00,0,0,ALC,0
SAB,3393,86669895,2026-09-25 06:00:00,Fri,06:00:00,0,0,SAB,0
MAD,3393,86668311,2026-09-25 06:00:00,Fri,06:00:00,0,0,NEM,0
NOM,3393,86676711,2026-09-25 06:00:00,Fri,06:00:00,0,0,NOM,0
GRA,3393,86668071,2026-09-25 06:00:00,Fri,06:00:00,0,0,GRA,0
MAD,3393,86668312,2026-09-25 06:30:00,Fri,06:30:00,0,0,NEM,0
ALC,3393,86671384,2026-09-25 06:30:00,Fri,06:30:00,0,0,ALC,0
NOM,3393,86676712,2026-09-25 06:30:00,Fri,06:30:00,0,0,NOM,0
GRA,3393,86668072,2026-09-25 06:30:00,Fri,06:30:00,0,0,GRA,0
SAB,3393,86669896,2026-09-25 06:30:00,Fri,06:30:00,0,0,SAB,0
ALC,3393,86671385,2026-09-25 07:00:00,Fri,07:00:00,0,0,ALC,0
SAB,3393,86669897,2026-09-25 07:00:00,Fri,07:00:00,0,0,SAB,0
GRA,3393,86668073,2026-09-25 07:00:00,Fri,07:00:00,0,0,GRA,0
MAD,3393,86668313,2026-09-25 07:00:00,Fri,07:00:00,0,0,NEM,0
NOM,3393,86676713,2026-09-25 07:00:00,Fri,07:00:00,0,0,NOM,0
MAD,3393,86668314,2026-09-25 07:30:00,Fri,07:30:00,0,0,NEM,0
GRA,3393,86668074,2026-09-25 07:30:00,Fri,07:30:00,0,0,GRA,0
ALC,3393,86671386,2026-09-25 07:30:00,Fri,07:30:00,0,0,ALC,0
NOM,3393,86676714,2026-09-25 07:30:00,Fri,07:30:00,0,0,NOM,0
SAB,3393,86669898,2026-09-25 07:30:00,Fri,07:30:00,0,0,SAB,0
NOM,3393,86676715,2026-09-25 08:00:00,Fri,08:00:00,0,0,NOM,0
ALC,3393,86671387,2026-09-25 08:00:00,Fri,08:00:00,0,0,ALC,0
SAB,3393,86669899,2026-09-25 08:00:00,Fri,08:00:00,0,0,SAB,0
GRA,3393,86668075,2026-09-25 08:00:00,Fri,08:00:00,0,0,GRA,0
MAD,3393,86668315,2026-09-25 08:00:00,Fri,08:00:00,1,0,NEM,0
SAB,3393,86669900,2026-09-25 08:30:00,Fri,08:30:00,0,0,SAB,0
ALC,3393,86671388,2026-09-25 08:30:00,Fri,08:30:00,1,0,ALC,1
GRA,3393,86668076,2026-09-25 08:30:00,Fri,08:30:00,1,0,GRA,1
MAD,3393,86668316,2026-09-25 08:30:00,Fri,08:30:00,1,-1,NEM,1
NOM,3393,86676716,2026-09-25 08:30:00,Fri,08:30:00,2,0,NOM,2
GRA,3393,86668077,2026-09-25 09:00:00,Fri,09:00:00,2,0,GRA,1
NOM,3393,86676717,2026-09-25 09:00:00,Fri,09:00:00,3,0,NOM,3
MAD,3393,86668317,2026-09-25 09:00:00,Fri,09:00:00,2,0,NEM,2
SAB,3393,86669901,2026-09-25 09:00:00,Fri,09:00:00,0,0,SAB,0
ALC,3393,86671389,2026-09-25 09:00:00,Fri,09:00:00,2,-1,ALC,2
ALC,3393,86671390,2026-09-25 09:30:00,Fri,09:30:00,3,-1,ALC,3
SAB,3393,86669902,2026-09-25 09:30:00,Fri,09:30:00,0,0,SAB,0
GRA,3393,86668078,2026-09-25 09:30:00,Fri,09:30:00,2,0,GRA,2
NOM,3393,86676718,2026-09-25 09:30:00,Fri,09:30:00,6,0,NOM,5
MAD,3393,86668318,2026-09-25 09:30:00,Fri,09:30:00,3,1,NEM,3
ALC,3393,86671391,2026-09-25 10:00:00,Fri,10:00:00,4,-1,ALC,4
SAB,3393,86669903,2026-09-25 10:00:00,Fri,10:00:00,0,0,SAB,0
NOM,3393,86676719,2026-09-25 10:00:00,Fri,10:00:00,7,1,NOM,6
MAD,3393,86668319,2026-09-25 10:00:00,Fri,10:00:00,4,1,NEM,3
GRA,3393,86668079,2026-09-25 10:00:00,Fri,10:00:00,2,0,GRA,2
NOM,3393,86676720,2026-09-25 10:30:00,Fri,10:30:00,6,0,NOM,5
ALC,3393,86671392,2026-09-25 10:30:00,Fri,10:30:00,5,-1,ALC,5
GRA,3393,86668080,2026-09-25 10:30:00,Fri,10:30:00,3,0,GRA,3
SAB,3393,86669904,2026-09-25 10:30:00,Fri,10:30:00,0,0,SAB,0
MAD,3393,86668320,2026-09-25 10:30:00,Fri,10:30:00,3,0,NEM,3
SAB,3393,86669905,2026-09-25 11:00:00,Fri,11:00:00,0,0,SAB,0
MAD,3393,86668321,2026-09-25 11:00:00,Fri,11:00:00,3,0,NEM,3
GRA,3393,86668081,2026-09-25 11:00:00,Fri,11:00:00,3,0,GRA,2
NOM,3393,86676721,2026-09-25 11:00:00,Fri,11:00:00,6,0,NOM,5
ALC,3393,86671393,2026-09-25 11:00:00,Fri,11:00:00,5,-1,ALC,6
GRA,3393,86668082,2026-09-25 11:30:00,Fri,11:30:00,3,0,GRA,3
NOM,3393,86676722,2026-09-25 11:30:00,Fri,11:30:00,7,0,NOM,6
MAD,3393,86668322,2026-09-25 11:30:00,Fri,11:30:00,3,1,NEM,3
ALC,3393,86671394,2026-09-25 11:30:00,Fri,11:30:00,5,-1,ALC,6
SAB,3393,86669906,2026-09-25 11:30:00,Fri,11:30:00,0,0,SAB,0
NOM,3393,86676723,2026-09-25 12:00:00,Fri,12:00:00,8,0,NOM,7
GRA,3393,86668083,2026-09-25 12:00:00,Fri,12:00:00,4,0,GRA,4
SAB,3393,86669907,2026-09-25 12:00:00,Fri,12:00:00,2,-1,SAB,2
ALC,3393,86671395,2026-09-25 12:00:00,Fri,12:00:00,7,-2,ALC,8
MAD,3393,86668323,2026-09-25 12:00:00,Fri,12:00:00,5,0,NEM,4
GRA,3393,86668084,2026-09-25 12:30:00,Fri,12:30:00,4,0,GRA,5
SAB,3393,86669908,2026-09-25 12:30:00,Fri,12:30:00,3,-4,SAB,3
NOM,3393,86676724,2026-09-25 12:30:00,Fri,12:30:00,10,0,NOM,10
MAD,3393,86668324,2026-09-25 12:30:00,Fri,12:30:00,6,0,NEM,6
ALC,3393,86671396,2026-09-25 12:30:00,Fri,12:30:00,8,-2,ALC,10
MAD,3393,86668325,2026-09-25 13:00:00,Fri,13:00:00,7,-1,NEM,9
SAB,3393,86669909,2026-09-25 13:00:00,Fri,13:00:00,9,-1,SAB,9
NOM,3393,86676725,2026-09-25 13:00:00,Fri,13:00:00,13,-1,NOM,14
GRA,3393,86668085,2026-09-25 13:00:00,Fri,13:00:00,8,0,GRA,9
ALC,3393,86671397,2026-09-25 13:00:00,Fri,13:00:00,12,0,ALC,18
NOM,3393,86676726,2026-09-25 13:30:00,Fri,13:30:00,18,0,NOM,20
SAB,3393,86669910,2026-09-25 13:30:00,Fri,13:30:00,10,-3,SAB,10
MAD,3393,86668326,2026-09-25 13:30:00,Fri,13:30:00,10,1,NEM,13
ALC,3393,86671398,2026-09-25 13:30:00,Fri,13:30:00,18,-1,ALC,26
GRA,3393,86668086,2026-09-25 13:30:00,Fri,13:30:00,13,0,GRA,14
SAB,3393,86669911,2026-09-25 14:00:00,Fri,14:00:00,10,-6,SAB,10
NOM,3393,86676727,2026-09-25 14:00:00,Fri,14:00:00,20,0,NOM,22
GRA,3393,86668087,2026-09-25 14:00:00,Fri,14:00:00,15,-1,GRA,17
MAD,3393,86668327,2026-09-25 14:00:00,Fri,14:00:00,11,1,NEM,13
ALC,3393,86671399,2026-09-25 14:00:00,Fri,14:00:00,21,-1,ALC,31
NOM,3393,86676728,2026-09-25 14:30:00,Fri,14:30:00,19,0,NOM,21
SAB,3393,86669912,2026-09-25 14:30:00,Fri,14:30:00,10,-3,SAB,10
MAD,3393,86668328,2026-09-25 14:30:00,Fri,14:30:00,10,1,NEM,12
ALC,3393,86671400,2026-09-25 14:30:00,Fri,14:30:00,22,0,ALC,32
GRA,3393,86668088,2026-09-25 14:30:00,Fri,14:30:00,18,-1,GRA,20
GRA,3393,86668089,2026-09-25 15:00:00,Fri,15:00:00,16,-1,GRA,18
NOM,3393,86676729,2026-09-25 15:00:00,Fri,15:00:00,15,-1,NOM,17
MAD,3393,86668329,2026-09-25 15:00:00,Fri,15:00:00,9,1,NEM,11
SAB,3393,86669913,2026-09-25 15:00:00,Fri,15:00:00,7,-1,SAB,7
ALC,3393,86671401,2026-09-25 15:00:00,Fri,15:00:00,18,0,ALC,26
SAB,3393,86669914,2026-09-25 15:30:00,Fri,15:30:00,6,-2,SAB,6
GRA,3393,86668090,2026-09-25 15:30:00,Fri,15:30:00,11,-1,GRA,13
NOM,3393,86676730,2026-09-25 15:30:00,Fri,15:30:00,12,0,NOM,12
MAD,3393,86668330,2026-09-25 15:30:00,Fri,15:30:00,7,0,NEM,8
ALC,3393,86671402,2026-09-25 15:30:00,Fri,15:30:00,13,0,ALC,18
MAD,3393,86668331,2026-09-25 16:00:00,Fri,16:00:00,5,0,NEM,5
NOM,3393,86676731,2026-09-25 16:00:00,Fri,16:00:00,10,1,NOM,9
GRA,3393,86668091,2026-09-25 16:00:00,Fri,16:00:00,8,-1,GRA,8
SAB,3393,86669915,2026-09-25 16:00:00,Fri,16:00:00,5,-2,SAB,5
ALC,3393,86671403,2026-09-25 16:00:00,Fri,16:00:00,10,0,ALC,12
GRA,3393,86668092,2026-09-25 16:30:00,Fri,16:30:00,6,-1,GRA,6
ALC,3393,86671404,2026-09-25 16:30:00,Fri,16:30:00,8,-2,ALC,10
MAD,3393,86668332,2026-09-25 16:30:00,Fri,16:30:00,4,0,NEM,4
SAB,3393,86669916,2026-09-25 16:30:00,Fri,16:30:00,3,-4,SAB,3
NOM,3393,86676732,2026-09-25 16:30:00,Fri,16:30:00,8,1,NOM,7
MAD,3393,86668333,2026-09-25 17:00:00,Fri,17:00:00,4,0,NEM,4
GRA,3393,86668093,2026-09-25 17:00:00,Fri,17:00:00,6,0,GRA,6
SAB,3393,86669917,2026-09-25 17:00:00,Fri,17:00:00,2,-5,SAB,2
ALC,3393,86671405,2026-09-25 17:00:00,Fri,17:00:00,8,-1,ALC,9
NOM,3393,86676733,2026-09-25 17:00:00,Fri,17:00:00,7,1,NOM,7
ALC,3393,86671406,2026-09-25 17:30:00,Fri,17:30:00,8,0,ALC,10
NOM,3393,86676734,2026-09-25 17:30:00,Fri,17:30:00,9,1,NOM,8
SAB,3393,86669918,2026-09-25 17:30:00,Fri,17:30:00,2,-5,SAB,2
GRA,3393,86668094,2026-09-25 17:30:00,Fri,17:30:00,7,1,GRA,6
MAD,3393,86668334,2026-09-25 17:30:00,Fri,17:30:00,4,0,NEM,4
MAD,3393,86668335,2026-09-25 18:00:00,Fri,18:00:00,4,0,NEM,4
GRA,3393,86668095,2026-09-25 18:00:00,Fri,18:00:00,6,0,GRA,5
ALC,3393,86671407,2026-09-25 18:00:00,Fri,18:00:00,8,-1,ALC,9
SAB,3393,86669919,2026-09-25 18:00:00,Fri,18:00:00,3,-4,SAB,3
NOM,3393,86676735,2026-09-25 18:00:00,Fri,18:00:00,9,1,NOM,8
NOM,3393,86676736,2026-09-25 18:30:00,Fri,18:30:00,10,0,NOM,9
GRA,3393,86668096,2026-09-25 18:30:00,Fri,18:30:00,6,0,GRA,5
SAB,3393,86669920,2026-09-25 18:30:00,Fri,18:30:00,5,-4,SAB,5
ALC,3393,86671408,2026-09-25 18:30:00,Fri,18:30:00,10,1,ALC,12
MAD,3393,86668336,2026-09-25 18:30:00,Fri,18:30:00,4,0,NEM,5
GRA,3393,86668097,2026-09-25 19:00:00,Fri,19:00:00,6,0,GRA,6
NOM,3393,86676737,2026-09-25 19:00:00,Fri,19:00:00,11,-6,NOM,11
SAB,3393,86669921,2026-09-25 19:00:00,Fri,19:00:00,7,-3,SAB,7
MAD,3393,86668337,2026-09-25 19:00:00,Fri,19:00:00,5,0,NEM,6
ALC,3393,86671409,2026-09-25 19:00:00,Fri,19:00:00,10,1,ALC,13
GRA,3393,86668098,2026-09-25 19:30:00,Fri,19:30:00,7,0,GRA,9
ALC,3393,86671410,2026-09-25 19:30:00,Fri,19:30:00,13,0,ALC,18
MAD,3393,86668338,2026-09-25 19:30:00,Fri,19:30:00,7,-2,NEM,9
NOM,3393,86676738,2026-09-25 19:30:00,Fri,19:30:00,15,-2,NOM,17
SAB,3393,86669922,2026-09-25 19:30:00,Fri,19:30:00,9,-5,SAB,9
SAB,3393,86669923,2026-09-25 20:00:00,Fri,20:00:00,16,-4,SAB,16
ALC,3393,86671411,2026-09-25 20:00:00,Fri,20:00:00,23,0,ALC,33
MAD,3393,86668339,2026-09-25 20:00:00,Fri,20:00:00,12,0,NEM,15
GRA,3393,86668099,2026-09-25 20:00:00,Fri,20:00:00,11,0,GRA,14
NOM,3393,86676739,2026-09-25 20:00:00,Fri,20:00:00,24,0,NOM,27
ALC,3393,86671412,2026-09-25 20:30:00,Fri,20:30:00,37,0,ALC,53
NOM,3393,86676740,2026-09-25 20:30:00,Fri,20:30:00,34,4,NOM,38
GRA,3393,86668100,2026-09-25 20:30:00,Fri,20:30:00,21,0,GRA,26
MAD,3393,86668340,2026-09-25 20:30:00,Fri,20:30:00,16,-2,NEM,19
SAB,3393,86669924,2026-09-25 20:30:00,Fri,20:30:00,26,6,SAB,25
ALC,3393,86671413,2026-09-25 21:00:00,Fri,21:00:00,49,0,ALC,71
GRA,3393,86668101,2026-09-25 21:00:00,Fri,21:00:00,32,0,GRA,41
MAD,3393,86668341,2026-09-25 21:00:00,Fri,21:00:00,18,0,NEM,22
SAB,3393,86669925,2026-09-25 21:00:00,Fri,21:00:00,31,11,SAB,31
NOM,3393,86676741,2026-09-25 21:00:00,Fri,21:00:00,34,2,NOM,38
NOM,3393,86676742,2026-09-25 21:30:00,Fri,21:30:00,33,1,NOM,36
MAD,3393,86668342,2026-09-25 21:30:00,Fri,21:30:00,17,-1,NEM,21
SAB,3393,86669926,2026-09-25 21:30:00,Fri,21:30:00,23,3,SAB,23
ALC,3393,86671414,2026-09-25 21:30:00,Fri,21:30:00,52,1,ALC,74
GRA,3393,86668102,2026-09-25 21:30:00,Fri,21:30:00,35,1,GRA,45
ALC,3393,86671415,2026-09-25 22:00:00,Fri,22:00:00,43,0,ALC,62
GRA,3393,86668103,2026-09-25 22:00:00,Fri,22:00:00,33,0,GRA,41
MAD,3393,86668343,2026-09-25 22:00:00,Fri,22:00:00,15,-1,NEM,18
NOM,3393,86676743,2026-09-25 22:00:00,Fri,22:00:00,27,-2,NOM,30
SAB,3393,86669927,2026-09-25 22:00:00,Fri,22:00:00,28,10,SAB,27
MAD,3393,86668344,2026-09-25 22:30:00,Fri,22:30:00,12,-1,NEM,14
GRA,3393,86668104,2026-09-25 22:30:00,Fri,22:30:00,29,0,GRA,34
SAB,3393,86669928,2026-09-25 22:30:00,Fri,22:30:00,16,4,SAB,16
ALC,3393,86671416,2026-09-25 22:30:00,Fri,22:30:00,28,-1,ALC,38
NOM,3393,86676744,2026-09-25 22:30:00,Fri,22:30:00,18,-3,NOM,18
NOM,3393,86676745,2026-09-25 23:00:00,Fri,23:00:00,10,-1,NOM,8
SAB,3393,86669929,2026-09-25 23:00:00,Fri,23:00:00,8,1,SAB,8
GRA,3393,86668105,2026-09-25 23:00:00,Fri,23:00:00,19,0,GRA,18
MAD,3393,86668345,2026-09-25 23:00:00,Fri,23:00:00,9,0,NEM,8
ALC,3393,86671417,2026-09-25 23:00:00,Fri,23:00:00,19,0,ALC,20
NOM,3393,86676746,2026-09-25 23:30:00,Fri,23:30:00,4,0,NOM,4
ALC,3393,86671418,2026-09-25 23:30:00,Fri,23:30:00,10,1,ALC,11
SAB,3393,86669930,2026-09-25 23:30:00,Fri,23:30:00,6,3,SAB,6
MAD,3393,86668346,2026-09-25 23:30:00,Fri,23:30:00,4,0,NEM,4
GRA,3393,86668106,2026-09-25 23:30:00,Fri,23:30:00,10,0,GRA,9
ALC,3393,86671419,2026-09-26 00:00:00,Sat,00:00:00,4,1,ALC,5
SAB,3393,86669931,2026-09-26 00:00:00,Sat,00:00:00,0,0,SAB,0
MAD,3393,86668347,2026-09-26 00:00:00,Sat,00:00:00,2,0,NEM,1
NOM,3393,86676747,2026-09-26 00:00:00,Sat,00:00:00,1,1,NOM,1
GRA,3393,86668107,2026-09-26 00:00:00,Sat,00:00:00,4,0,GRA,3
NOM,3393,86676748,2026-09-26 00:30:00,Sat,00:30:00,1,1,NOM,1
ALC,3393,86671420,2026-09-26 00:30:00,Sat,00:30:00,2,0,ALC,2
SAB,3393,86669932,2026-09-26 00:30:00,Sat,00:30:00,0,0,SAB,0
MAD,3393,86668348,2026-09-26 00:30:00,Sat,00:30:00,1,0,NEM,1
GRA,3393,86668108,2026-09-26 00:30:00,Sat,00:30:00,2,0,GRA,2
NOM,3393,86676749,2026-09-26 01:00:00,Sat,01:00:00,0,0,NOM,0
SAB,3393,86669933,2026-09-26 01:00:00,Sat,01:00:00,0,0,SAB,0
ALC,3393,86671421,2026-09-26 01:00:00,Sat,01:00:00,0,0,ALC,0
MAD,3393,86668349,2026-09-26 01:00:00,Sat,01:00:00,1,0,NEM,1
GRA,3393,86668109,2026-09-26 01:00:00,Sat,01:00:00,0,0,GRA,0
GRA,3393,86668110,2026-09-26 01:30:00,Sat,01:30:00,0,0,GRA,0
NOM,3393,86676750,2026-09-26 01:30:00,Sat,01:30:00,0,0,NOM,0
ALC,3393,86671422,2026-09-26 01:30:00,Sat,01:30:00,0,0,ALC,0
MAD,3393,86668350,2026-09-26 01:30:00,Sat,01:30:00,0,0,NEM,0
SAB,3393,86669934,2026-09-26 01:30:00,Sat,01:30:00,0,0,SAB,0
SAB,3393,86698831,2026-09-26 02:00:00,Sat,02:00:00,0,0,SAB,0
ALC,3393,86703823,2026-09-26 02:00:00,Sat,02:00:00,0,0,ALC,0
NOM,3393,86708527,2026-09-26 02:00:00,Sat,02:00:00,0,0,NOM,0
GRA,3393,86696527,2026-09-26 02:00:00,Sat,02:00:00,0,0,GRA,0
MAD,3393,86696767,2026-09-26 02:00:00,Sat,02:00:00,0,0,NEM,0
NOM,3393,86708528,2026-09-26 02:30:00,Sat,02:30:00,0,0,NOM,0
SAB,3393,86698832,2026-09-26 02:30:00,Sat,02:30:00,0,0,SAB,0
GRA,3393,86696528,2026-09-26 02:30:00,Sat,02:30:00,0,0,GRA,0
MAD,3393,86696768,2026-09-26 02:30:00,Sat,02:30:00,0,0,NEM,0
ALC,3393,86703824,2026-09-26 02:30:00,Sat,02:30:00,0,0,ALC,0
ALC,3393,86703825,2026-09-26 03:00:00,Sat,03:00:00,0,0,ALC,0
NOM,3393,86708529,2026-09-26 03:00:00,Sat,03:00:00,0,0,NOM,0
GRA,3393,86696529,2026-09-26 03:00:00,Sat,03:00:00,0,0,GRA,0
MAD,3393,86696769,2026-09-26 03:00:00,Sat,03:00:00,0,0,NEM,0
SAB,3393,86698833,2026-09-26 03:00:00,Sat,03:00:00,0,0,SAB,0
NOM,3393,86708530,2026-09-26 03:30:00,Sat,03:30:00,0,0,NOM,0
GRA,3393,86696530,2026-09-26 03:30:00,Sat,03:30:00,0,0,GRA,0
MAD,3393,86696770,2026-09-26 03:30:00,Sat,03:30:00,0,0,NEM,0
ALC,3393,86703826,2026-09-26 03:30:00,Sat,03:30:00,0,0,ALC,0
SAB,3393,86698834,2026-09-26 03:30:00,Sat,03:30:00,0,0,SAB,0
NOM,3393,86708531,2026-09-26 04:00:00,Sat,04:00:00,0,0,NOM,0
SAB,3393,86698835,2026-09-26 04:00:00,Sat,04:00:00,0,0,SAB,0
MAD,3393,86696771,2026-09-26 04:00:00,Sat,04:00:00,0,0,NEM,0
ALC,3393,86703827,2026-09-26 04:00:00,Sat,04:00:00,0,0,ALC,0
GRA,3393,86696531,2026-09-26 04:00:00,Sat,04:00:00,0,0,GRA,0
SAB,3393,86698836,2026-09-26 04:30:00,Sat,04:30:00,0,0,SAB,0
NOM,3393,86708532,2026-09-26 04:30:00,Sat,04:30:00,0,0,NOM,0
MAD,3393,86696772,2026-09-26 04:30:00,Sat,04:30:00,0,0,NEM,0
ALC,3393,86703828,2026-09-26 04:30:00,Sat,04:30:00,0,0,ALC,0
GRA,3393,86696532,2026-09-26 04:30:00,Sat,04:30:00,0,0,GRA,0
NOM,3393,86708533,2026-09-26 05:00:00,Sat,05:00:00,0,0,NOM,0
MAD,3393,86696773,2026-09-26 05:00:00,Sat,05:00:00,0,0,NEM,0
ALC,3393,86703829,2026-09-26 05:00:00,Sat,05:00:00,0,0,ALC,0
GRA,3393,86696533,2026-09-26 05:00:00,Sat,05:00:00,0,0,GRA,0
SAB,3393,86698837,2026-09-26 05:00:00,Sat,05:00:00,0,0,SAB,0
SAB,3393,86698838,2026-09-26 05:30:00,Sat,05:30:00,0,0,SAB,0
GRA,3393,86696534,2026-09-26 05:30:00,Sat,05:30:00,0,0,GRA,0
ALC,3393,86703830,2026-09-26 05:30:00,Sat,05:30:00,0,0,ALC,0
NOM,3393,86708534,2026-09-26 05:30:00,Sat,05:30:00,0,0,NOM,0
MAD,3393,86696774,2026-09-26 05:30:00,Sat,05:30:00,0,0,NEM,0
ALC,3393,86703831,2026-09-26 06:00:00,Sat,06:00:00,0,0,ALC,0
MAD,3393,86696775,2026-09-26 06:00:00,Sat,06:00:00,0,0,NEM,0
NOM,3393,86708535,2026-09-26 06:00:00,Sat,06:00:00,0,0,NOM,0
SAB,3393,86698839,2026-09-26 06:00:00,Sat,06:00:00,0,0,SAB,0
GRA,3393,86696535,2026-09-26 06:00:00,Sat,06:00:00,0,0,GRA,0
SAB,3393,86698840,2026-09-26 06:30:00,Sat,06:30:00,0,0,SAB,0
MAD,3393,86696776,2026-09-26 06:30:00,Sat,06:30:00,0,0,NEM,0
ALC,3393,86703832,2026-09-26 06:30:00,Sat,06:30:00,0,0,ALC,0
NOM,3393,86708536,2026-09-26 06:30:00,Sat,06:30:00,0,0,NOM,0
GRA,3393,86696536,2026-09-26 06:30:00,Sat,06:30:00,0,0,GRA,0
ALC,3393,86703833,2026-09-26 07:00:00,Sat,07:00:00,0,0,ALC,0
MAD,3393,86696777,2026-09-26 07:00:00,Sat,07:00:00,0,0,NEM,0
GRA,3393,86696537,2026-09-26 07:00:00,Sat,07:00:00,0,0,GRA,0
SAB,3393,86698841,2026-09-26 07:00:00,Sat,07:00:00,0,0,SAB,0
NOM,3393,86708537,2026-09-26 07:00:00,Sat,07:00:00,0,0,NOM,0
ALC,3393,86703834,2026-09-26 07:30:00,Sat,07:30:00,0,0,ALC,0
NOM,3393,86708538,2026-09-26 07:30:00,Sat,07:30:00,0,0,NOM,0
SAB,3393,86698842,2026-09-26 07:30:00,Sat,07:30:00,0,0,SAB,0
GRA,3393,86696538,2026-09-26 07:30:00,Sat,07:30:00,0,0,GRA,0
MAD,3393,86696778,2026-09-26 07:30:00,Sat,07:30:00,0,0,NEM,0
MAD,3393,86696779,2026-09-26 08:00:00,Sat,08:00:00,1,0,NEM,1
ALC,3393,86703835,2026-09-26 08:00:00,Sat,08:00:00,0,-1,ALC,0
SAB,3393,86698843,2026-09-26 08:00:00,Sat,08:00:00,0,0,SAB,0
GRA,3393,86696539,2026-09-26 08:00:00,Sat,08:00:00,1,0,GRA,0
NOM,3393,86708539,2026-09-26 08:00:00,Sat,08:00:00,0,0,NOM,0
MAD,3393,86696780,2026-09-26 08:30:00,Sat,08:30:00,2,-1,NEM,1
SAB,3393,86698844,2026-09-26 08:30:00,Sat,08:30:00,0,0,SAB,0
ALC,3393,86703836,2026-09-26 08:30:00,Sat,08:30:00,1,0,ALC,1
NOM,3393,86708540,2026-09-26 08:30:00,Sat,08:30:00,2,2,NOM,2
GRA,3393,86696540,2026-09-26 08:30:00,Sat,08:30:00,1,0,GRA,1
ALC,3393,86703837,2026-09-26 09:00:00,Sat,09:00:00,4,1,ALC,4
MAD,3393,86696781,2026-09-26 09:00:00,Sat,09:00:00,3,0,NEM,3
SAB,3393,86698845,2026-09-26 09:00:00,Sat,09:00:00,0,0,SAB,0
NOM,3393,86708541,2026-09-26 09:00:00,Sat,09:00:00,5,0,NOM,4
GRA,3393,86696541,2026-09-26 09:00:00,Sat,09:00:00,2,0,GRA,2
SAB,3393,86698846,2026-09-26 09:30:00,Sat,09:30:00,0,0,SAB,0
GRA,3393,86696542,2026-09-26 09:30:00,Sat,09:30:00,4,0,GRA,4
ALC,3393,86703838,2026-09-26 09:30:00,Sat,09:30:00,4,1,ALC,4
MAD,3393,86696782,2026-09-26 09:30:00,Sat,09:30:00,4,0,NEM,3
NOM,3393,86708542,2026-09-26 09:30:00,Sat,09:30:00,5,0,NOM,5
MAD,3393,86696783,2026-09-26 10:00:00,Sat,10:00:00,4,0,NEM,3
SAB,3393,86698847,2026-09-26 10:00:00,Sat,10:00:00,0,0,SAB,0
ALC,3393,86703839,2026-09-26 10:00:00,Sat,10:00:00,5,1,ALC,5
GRA,3393,86696543,2026-09-26 10:00:00,Sat,10:00:00,4,0,GRA,4
NOM,3393,86708543,2026-09-26 10:00:00,Sat,10:00:00,7,0,NOM,7
MAD,3393,86696784,2026-09-26 10:30:00,Sat,10:30:00,3,1,NEM,3
ALC,3393,86703840,2026-09-26 10:30:00,Sat,10:30:00,6,0,ALC,7
SAB,3393,86698848,2026-09-26 10:30:00,Sat,10:30:00,0,0,SAB,0
GRA,3393,86696544,2026-09-26 10:30:00,Sat,10:30:00,4,-1,GRA,4
NOM,3393,86708544,2026-09-26 10:30:00,Sat,10:30:00,7,0,NOM,6
ALC,3393,86703841,2026-09-26 11:00:00,Sat,11:00:00,6,0,ALC,7
NOM,3393,86708545,2026-09-26 11:00:00,Sat,11:00:00,7,0,NOM,6
GRA,3393,86696545,2026-09-26 11:00:00,Sat,11:00:00,4,-2,GRA,4
MAD,3393,86696785,2026-09-26 11:00:00,Sat,11:00:00,4,0,NEM,3
SAB,3393,86698849,2026-09-26 11:00:00,Sat,11:00:00,0,0,SAB,0
GRA,3393,86696546,2026-09-26 11:30:00,Sat,11:30:00,4,-2,GRA,4
MAD,3393,86696786,2026-09-26 11:30:00,Sat,11:30:00,4,0,NEM,3
SAB,3393,86698850,2026-09-26 11:30:00,Sat,11:30:00,0,0,SAB,0
NOM,3393,86708546,2026-09-26 11:30:00,Sat,11:30:00,7,0,NOM,6
ALC,3393,86703842,2026-09-26 11:30:00,Sat,11:30:00,7,1,ALC,8
ALC,3393,86703843,2026-09-26 12:00:00,Sat,12:00:00,9,0,ALC,10
MAD,3393,86696787,2026-09-26 12:00:00,Sat,12:00:00,4,0,NEM,4
GRA,3393,86696547,2026-09-26 12:00:00,Sat,12:00:00,5,0,GRA,5
SAB,3393,86698851,2026-09-26 12:00:00,Sat,12:00:00,0,-3,SAB,0
NOM,3393,86708547,2026-09-26 12:00:00,Sat,12:00:00,9,0,NOM,8
ALC,3393,86703844,2026-09-26 12:30:00,Sat,12:30:00,10,0,ALC,13
SAB,3393,86698852,2026-09-26 12:30:00,Sat,12:30:00,6,-1,SAB,6
NOM,3393,86708548,2026-09-26 12:30:00,Sat,12:30:00,10,-1,NOM,9
MAD,3393,86696788,2026-09-26 12:30:00,Sat,12:30:00,5,0,NEM,5
GRA,3393,86696548,2026-09-26 12:30:00,Sat,12:30:00,5,0,GRA,6
GRA,3393,86696549,2026-09-26 13:00:00,Sat,13:00:00,9,0,GRA,12
MAD,3393,86696789,2026-09-26 13:00:00,Sat,13:00:00,7,0,NEM,8
ALC,3393,86703845,2026-09-26 13:00:00,Sat,13:00:00,15,-4,ALC,22
NOM,3393,86708549,2026-09-26 13:00:00,Sat,13:00:00,13,-1,NOM,15
SAB,3393,86698853,2026-09-26 13:00:00,Sat,13:00:00,9,-1,SAB,9
SAB,3393,86698854,2026-09-26 13:30:00,Sat,13:30:00,12,-1,SAB,11
ALC,3393,86703846,2026-09-26 13:30:00,Sat,13:30:00,23,-6,ALC,34
GRA,3393,86696550,2026-09-26 13:30:00,Sat,13:30:00,18,0,GRA,23
MAD,3393,86696790,2026-09-26 13:30:00,Sat,13:30:00,10,-1,NEM,12
NOM,3393,86708550,2026-09-26 13:30:00,Sat,13:30:00,17,-1,NOM,20
SAB,3393,86698855,2026-09-26 14:00:00,Sat,14:00:00,13,-3,SAB,13
NOM,3393,86708551,2026-09-26 14:00:00,Sat,14:00:00,20,1,NOM,25
GRA,3393,86696551,2026-09-26 14:00:00,Sat,14:00:00,24,0,GRA,32
MAD,3393,86696791,2026-09-26 14:00:00,Sat,14:00:00,13,1,NEM,15
ALC,3393,86703847,2026-09-26 14:00:00,Sat,14:00:00,29,-3,ALC,45
MAD,3393,86696792,2026-09-26 14:30:00,Sat,14:30:00,12,0,NEM,14
NOM,3393,86708552,2026-09-26 14:30:00,Sat,14:30:00,20,0,NOM,24
GRA,3393,86696552,2026-09-26 14:30:00,Sat,14:30:00,24,0,GRA,31
SAB,3393,86698856,2026-09-26 14:30:00,Sat,14:30:00,12,-1,SAB,11
ALC,3393,86703848,2026-09-26 14:30:00,Sat,14:30:00,29,-1,ALC,42
NOM,3393,86708553,2026-09-26 15:00:00,Sat,15:00:00,16,-1,NOM,19
SAB,3393,86698857,2026-09-26 15:00:00,Sat,15:00:00,8,0,SAB,8
MAD,3393,86696793,2026-09-26 15:00:00,Sat,15:00:00,9,-2,NEM,11
ALC,3393,86703849,2026-09-26 15:00:00,Sat,15:00:00,22,-3,ALC,32
GRA,3393,86696553,2026-09-26 15:00:00,Sat,15:00:00,19,0,GRA,24
NOM,3393,86708554,2026-09-26 15:30:00,Sat,15:30:00,13,-1,NOM,14
MAD,3393,86696794,2026-09-26 15:30:00,Sat,15:30:00,7,-1,NEM,8
GRA,3393,86696554,2026-09-26 15:30:00,Sat,15:30:00,13,0,GRA,15
ALC,3393,86703850,2026-09-26 15:30:00,Sat,15:30:00,16,-2,ALC,22
SAB,3393,86698858,2026-09-26 15:30:00,Sat,15:30:00,8,0,SAB,8
GRA,3393,86696555,2026-09-26 16:00:00,Sat,16:00:00,10,0,GRA,9
SAB,3393,86698859,2026-09-26 16:00:00,Sat,16:00:00,5,-2,SAB,5
NOM,3393,86708555,2026-09-26 16:00:00,Sat,16:00:00,11,-1,NOM,10
MAD,3393,86696795,2026-09-26 16:00:00,Sat,16:00:00,5,-1,NEM,6
ALC,3393,86703851,2026-09-26 16:00:00,Sat,16:00:00,13,-3,ALC,15
GRA,3393,86696556,2026-09-26 16:30:00,Sat,16:30:00,8,0,GRA,8
ALC,3393,86703852,2026-09-26 16:30:00,Sat,16:30:00,10,-4,ALC,12
NOM,3393,86708556,2026-09-26 16:30:00,Sat,16:30:00,9,-1,NOM,8
SAB,3393,86698860,2026-09-26 16:30:00,Sat,16:30:00,6,-1,SAB,6
MAD,3393,86696796,2026-09-26 16:30:00,Sat,16:30:00,4,-2,NEM,4
ALC,3393,86703853,2026-09-26 17:00:00,Sat,17:00:00,9,-1,ALC,11
GRA,3393,86696557,2026-09-26 17:00:00,Sat,17:00:00,7,0,GRA,7
MAD,3393,86696797,2026-09-26 17:00:00,Sat,17:00:00,4,1,NEM,4
SAB,3393,86698861,2026-09-26 17:00:00,Sat,17:00:00,5,-2,SAB,5
NOM,3393,86708557,2026-09-26 17:00:00,Sat,17:00:00,8,0,NOM,7
NOM,3393,86708558,2026-09-26 17:30:00,Sat,17:30:00,9,0,NOM,8
ALC,3393,86703854,2026-09-26 17:30:00,Sat,17:30:00,9,2,ALC,11
SAB,3393,86698862,2026-09-26 17:30:00,Sat,17:30:00,5,-2,SAB,5
GRA,3393,86696558,2026-09-26 17:30:00,Sat,17:30:00,7,0,GRA,7
MAD,3393,86696798,2026-09-26 17:30:00,Sat,17:30:00,4,0,NEM,4
GRA,3393,86696559,2026-09-26 18:00:00,Sat,18:00:00,7,-1,GRA,7
MAD,3393,86696799,2026-09-26 18:00:00,Sat,18:00:00,4,0,NEM,5
ALC,3393,86703855,2026-09-26 18:00:00,Sat,18:00:00,9,-1,ALC,11
NOM,3393,86708559,2026-09-26 18:00:00,Sat,18:00:00,10,1,NOM,9
SAB,3393,86698863,2026-09-26 18:00:00,Sat,18:00:00,5,-2,SAB,5
MAD,3393,86696800,2026-09-26 18:30:00,Sat,18:30:00,4,0,NEM,5
NOM,3393,86708560,2026-09-26 18:30:00,Sat,18:30:00,10,1,NOM,9
ALC,3393,86703856,2026-09-26 18:30:00,Sat,18:30:00,11,2,ALC,13
GRA,3393,86696560,2026-09-26 18:30:00,Sat,18:30:00,7,-1,GRA,8
SAB,3393,86698864,2026-09-26 18:30:00,Sat,18:30:00,5,-4,SAB,5
ALC,3393,86703857,2026-09-26 19:00:00,Sat,19:00:00,11,-1,ALC,15
NOM,3393,86708561,2026-09-26 19:00:00,Sat,19:00:00,10,1,NOM,11
MAD,3393,86696801,2026-09-26 19:00:00,Sat,19:00:00,5,0,NEM,6
GRA,3393,86696561,2026-09-26 19:00:00,Sat,19:00:00,7,-1,GRA,8
SAB,3393,86698865,2026-09-26 19:00:00,Sat,19:00:00,6,-4,SAB,6
SAB,3393,86698866,2026-09-26 19:30:00,Sat,19:30:00,9,-5,SAB,9
MAD,3393,86696802,2026-09-26 19:30:00,Sat,19:30:00,6,-4,NEM,8
GRA,3393,86696562,2026-09-26 19:30:00,Sat,19:30:00,7,-1,GRA,9
ALC,3393,86703858,2026-09-26 19:30:00,Sat,19:30:00,14,0,ALC,20
NOM,3393,86708562,2026-09-26 19:30:00,Sat,19:30:00,12,0,NOM,14
ALC,3393,86703859,2026-09-26 20:00:00,Sat,20:00:00,23,1,ALC,33
SAB,3393,86698867,2026-09-26 20:00:00,Sat,20:00:00,16,-4,SAB,16
GRA,3393,86696563,2026-09-26 20:00:00,Sat,20:00:00,11,-1,GRA,14
NOM,3393,86708563,2026-09-26 20:00:00,Sat,20:00:00,20,-1,NOM,24
MAD,3393,86696803,2026-09-26 20:00:00,Sat,20:00:00,11,-3,NEM,13
ALC,3393,86703860,2026-09-26 20:30:00,Sat,20:30:00,34,-2,ALC,49
MAD,3393,86696804,2026-09-26 20:30:00,Sat,20:30:00,16,0,NEM,19
NOM,3393,86708564,2026-09-26 20:30:00,Sat,20:30:00,29,0,NOM,34
SAB,3393,86698868,2026-09-26 20:30:00,Sat,20:30:00,27,7,SAB,26
GRA,3393,86696564,2026-09-26 20:30:00,Sat,20:30:00,24,-1,GRA,31
NOM,3393,86708565,2026-09-26 21:00:00,Sat,21:00:00,31,0,NOM,37
GRA,3393,86696565,2026-09-26 21:00:00,Sat,21:00:00,34,0,GRA,44
ALC,3393,86703861,2026-09-26 21:00:00,Sat,21:00:00,45,-1,ALC,65
MAD,3393,86696805,2026-09-26 21:00:00,Sat,21:00:00,18,1,NEM,21
SAB,3393,86698869,2026-09-26 21:00:00,Sat,21:00:00,32,12,SAB,32
MAD,3393,86696806,2026-09-26 21:30:00,Sat,21:30:00,16,0,NEM,20
NOM,3393,86708566,2026-09-26 21:30:00,Sat,21:30:00,29,1,NOM,34
GRA,3393,86696566,2026-09-26 21:30:00,Sat,21:30:00,34,0,GRA,44
SAB,3393,86698870,2026-09-26 21:30:00,Sat,21:30:00,26,6,SAB,25
ALC,3393,86703862,2026-09-26 21:30:00,Sat,21:30:00,49,0,ALC,71
GRA,3393,86696567,2026-09-26 22:00:00,Sat,22:00:00,29,0,GRA,37
NOM,3393,86708567,2026-09-26 22:00:00,Sat,22:00:00,24,0,NOM,28
ALC,3393,86703863,2026-09-26 22:00:00,Sat,22:00:00,46,0,ALC,65
SAB,3393,86698871,2026-09-26 22:00:00,Sat,22:00:00,17,-1,SAB,17
MAD,3393,86696807,2026-09-26 22:00:00,Sat,22:00:00,14,-1,NEM,16
ALC,3393,86703864,2026-09-26 22:30:00,Sat,22:30:00,32,-1,ALC,44
GRA,3393,86696568,2026-09-26 22:30:00,Sat,22:30:00,24,0,GRA,28
SAB,3393,86698872,2026-09-26 22:30:00,Sat,22:30:00,16,4,SAB,16
NOM,3393,86708568,2026-09-26 22:30:00,Sat,22:30:00,21,1,NOM,22
MAD,3393,86696808,2026-09-26 22:30:00,Sat,22:30:00,11,-1,NEM,13
ALC,3393,86703865,2026-09-26 23:00:00,Sat,23:00:00,21,-1,ALC,23
NOM,3393,86708569,2026-09-26 23:00:00,Sat,23:00:00,12,1,NOM,10
MAD,3393,86696809,2026-09-26 23:00:00,Sat,23:00:00,9,-3,NEM,8
GRA,3393,86696569,2026-09-26 23:00:00,Sat,23:00:00,18,0,GRA,17
SAB,3393,86698873,2026-09-26 23:00:00,Sat,23:00:00,7,0,SAB,7
ALC,3393,86703866,2026-09-26 23:30:00,Sat,23:30:00,10,-1,ALC,11
SAB,3393,86698874,2026-09-26 23:30:00,Sat,23:30:00,5,2,SAB,5
NOM,3393,86708570,2026-09-26 23:30:00,Sat,23:30:00,5,1,NOM,4
GRA,3393,86696570,2026-09-26 23:30:00,Sat,23:30:00,8,0,GRA,8
MAD,3393,86696810,2026-09-26 23:30:00,Sat,23:30:00,4,-1,NEM,4
NOM,3393,86708571,2026-09-27 00:00:00,Sun,00:00:00,2,2,NOM,1
GRA,3393,86696571,2026-09-27 00:00:00,Sun,00:00:00,4,0,GRA,4
ALC,3393,86703867,2026-09-27 00:00:00,Sun,00:00:00,5,-1,ALC,5
MAD,3393,86696811,2026-09-27 00:00:00,Sun,00:00:00,2,1,NEM,2
SAB,3393,86698875,2026-09-27 00:00:00,Sun,00:00:00,0,0,SAB,0
GRA,3393,86696572,2026-09-27 00:30:00,Sun,00:30:00,2,0,GRA,2
SAB,3393,86698876,2026-09-27 00:30:00,Sun,00:30:00,0,0,SAB,0
ALC,3393,86703868,2026-09-27 00:30:00,Sun,00:30:00,2,0,ALC,2
NOM,3393,86708572,2026-09-27 00:30:00,Sun,00:30:00,1,1,NOM,1
MAD,3393,86696812,2026-09-27 00:30:00,Sun,00:30:00,1,0,NEM,1
NOM,3393,86708573,2026-09-27 01:00:00,Sun,01:00:00,0,0,NOM,0
ALC,3393,86703869,2026-09-27 01:00:00,Sun,01:00:00,0,0,ALC,0
SAB,3393,86698877,2026-09-27 01:00:00,Sun,01:00:00,0,0,SAB,0
MAD,3393,86696813,2026-09-27 01:00:00,Sun,01:00:00,1,1,NEM,1
GRA,3393,86696573,2026-09-27 01:00:00,Sun,01:00:00,0,0,GRA,0
GRA,3393,86696574,2026-09-27 01:30:00,Sun,01:30:00,0,0,GRA,0
ALC,3393,86703870,2026-09-27 01:30:00,Sun,01:30:00,0,0,ALC,0
NOM,3393,86708574,2026-09-27 01:30:00,Sun,01:30:00,0,0,NOM,0
SAB,3393,86698878,2026-09-27 01:30:00,Sun,01:30:00,0,0,SAB,0
MAD,3393,86696814,2026-09-27 01:30:00,Sun,01:30:00,1,1,NEM,1
GRA,3393,86728831,2026-09-27 02:00:00,Sun,02:00:00,0,0,GRA,0
NOM,3393,86731567,2026-09-27 02:00:00,Sun,02:00:00,0,0,NOM,0
ALC,3393,86733727,2026-09-27 02:00:00,Sun,02:00:00,0,0,ALC,0
MAD,3393,86729071,2026-09-27 02:00:00,Sun,02:00:00,0,0,NEM,0
SAB,3393,86735071,2026-09-27 02:00:00,Sun,02:00:00,0,0,SAB,0
MAD,3393,86729072,2026-09-27 02:30:00,Sun,02:30:00,0,0,NEM,0
GRA,3393,86728832,2026-09-27 02:30:00,Sun,02:30:00,0,0,GRA,0
SAB,3393,86735072,2026-09-27 02:30:00,Sun,02:30:00,0,0,SAB,0
ALC,3393,86733728,2026-09-27 02:30:00,Sun,02:30:00,0,0,ALC,0
NOM,3393,86731568,2026-09-27 02:30:00,Sun,02:30:00,0,0,NOM,0
GRA,3393,86728833,2026-09-27 03:00:00,Sun,03:00:00,0,0,GRA,0
SAB,3393,86735073,2026-09-27 03:00:00,Sun,03:00:00,0,0,SAB,0
NOM,3393,86731569,2026-09-27 03:00:00,Sun,03:00:00,0,0,NOM,0
MAD,3393,86729073,2026-09-27 03:00:00,Sun,03:00:00,0,0,NEM,0
ALC,3393,86733729,2026-09-27 03:00:00,Sun,03:00:00,0,0,ALC,0
MAD,3393,86729074,2026-09-27 03:30:00,Sun,03:30:00,0,0,NEM,0
GRA,3393,86728834,2026-09-27 03:30:00,Sun,03:30:00,0,0,GRA,0
NOM,3393,86731570,2026-09-27 03:30:00,Sun,03:30:00,0,0,NOM,0
ALC,3393,86733730,2026-09-27 03:30:00,Sun,03:30:00,0,0,ALC,0
SAB,3393,86735074,2026-09-27 03:30:00,Sun,03:30:00,0,0,SAB,0
GRA,3393,86728835,2026-09-27 04:00:00,Sun,04:00:00,0,0,GRA,0
MAD,3393,86729075,2026-09-27 04:00:00,Sun,04:00:00,0,0,NEM,0
SAB,3393,86735075,2026-09-27 04:00:00,Sun,04:00:00,0,0,SAB,0
ALC,3393,86733731,2026-09-27 04:00:00,Sun,04:00:00,0,0,ALC,0
NOM,3393,86731571,2026-09-27 04:00:00,Sun,04:00:00,0,0,NOM,0
ALC,3393,86733732,2026-09-27 04:30:00,Sun,04:30:00,0,0,ALC,0
SAB,3393,86735076,2026-09-27 04:30:00,Sun,04:30:00,0,0,SAB,0
MAD,3393,86729076,2026-09-27 04:30:00,Sun,04:30:00,0,0,NEM,0
GRA,3393,86728836,2026-09-27 04:30:00,Sun,04:30:00,0,0,GRA,0
NOM,3393,86731572,2026-09-27 04:30:00,Sun,04:30:00,0,0,NOM,0
ALC,3393,86733733,2026-09-27 05:00:00,Sun,05:00:00,0,0,ALC,0
NOM,3393,86731573,2026-09-27 05:00:00,Sun,05:00:00,0,0,NOM,0
GRA,3393,86728837,2026-09-27 05:00:00,Sun,05:00:00,0,0,GRA,0
SAB,3393,86735077,2026-09-27 05:00:00,Sun,05:00:00,0,0,SAB,0
MAD,3393,86729077,2026-09-27 05:00:00,Sun,05:00:00,0,0,NEM,0
GRA,3393,86728838,2026-09-27 05:30:00,Sun,05:30:00,0,0,GRA,0
MAD,3393,86729078,2026-09-27 05:30:00,Sun,05:30:00,0,0,NEM,0
NOM,3393,86731574,2026-09-27 05:30:00,Sun,05:30:00,0,0,NOM,0
SAB,3393,86735078,2026-09-27 05:30:00,Sun,05:30:00,0,0,SAB,0
ALC,3393,86733734,2026-09-27 05:30:00,Sun,05:30:00,0,0,ALC,0
NOM,3393,86731575,2026-09-27 06:00:00,Sun,06:00:00,0,0,NOM,0
GRA,3393,86728839,2026-09-27 06:00:00,Sun,06:00:00,0,0,GRA,0
ALC,3393,86733735,2026-09-27 06:00:00,Sun,06:00:00,0,0,ALC,0
MAD,3393,86729079,2026-09-27 06:00:00,Sun,06:00:00,0,0,NEM,0
SAB,3393,86735079,2026-09-27 06:00:00,Sun,06:00:00,0,0,SAB,0
MAD,3393,86729080,2026-09-27 06:30:00,Sun,06:30:00,0,0,NEM,0
NOM,3393,86731576,2026-09-27 06:30:00,Sun,06:30:00,0,0,NOM,0
SAB,3393,86735080,2026-09-27 06:30:00,Sun,06:30:00,0,0,SAB,0
GRA,3393,86728840,2026-09-27 06:30:00,Sun,06:30:00,0,0,GRA,0
ALC,3393,86733736,2026-09-27 06:30:00,Sun,06:30:00,0,0,ALC,0
ALC,3393,86733737,2026-09-27 07:00:00,Sun,07:00:00,0,0,ALC,0
SAB,3393,86735081,2026-09-27 07:00:00,Sun,07:00:00,0,0,SAB,0
MAD,3393,86729081,2026-09-27 07:00:00,Sun,07:00:00,0,0,NEM,0
GRA,3393,86728841,2026-09-27 07:00:00,Sun,07:00:00,0,0,GRA,0
NOM,3393,86731577,2026-09-27 07:00:00,Sun,07:00:00,0,0,NOM,0
SAB,3393,86735082,2026-09-27 07:30:00,Sun,07:30:00,0,0,SAB,0
GRA,3393,86728842,2026-09-27 07:30:00,Sun,07:30:00,0,0,GRA,0
NOM,3393,86731578,2026-09-27 07:30:00,Sun,07:30:00,0,0,NOM,0
MAD,3393,86729082,2026-09-27 07:30:00,Sun,07:30:00,0,0,NEM,0
ALC,3393,86733738,2026-09-27 07:30:00,Sun,07:30:00,0,0,ALC,0
GRA,3393,86728843,2026-09-27 08:00:00,Sun,08:00:00,0,0,GRA,0
ALC,3393,86733739,2026-09-27 08:00:00,Sun,08:00:00,1,0,ALC,1
SAB,3393,86735083,2026-09-27 08:00:00,Sun,08:00:00,0,0,SAB,0
NOM,3393,86731579,2026-09-27 08:00:00,Sun,08:00:00,0,0,NOM,0
MAD,3393,86729083,2026-09-27 08:00:00,Sun,08:00:00,1,0,NEM,1
SAB,3393,86735084,2026-09-27 08:30:00,Sun,08:30:00,0,0,SAB,0
NOM,3393,86731580,2026-09-27 08:30:00,Sun,08:30:00,2,0,NOM,2
ALC,3393,86733740,2026-09-27 08:30:00,Sun,08:30:00,2,1,ALC,2
GRA,3393,86728844,2026-09-27 08:30:00,Sun,08:30:00,1,0,GRA,1
MAD,3393,86729084,2026-09-27 08:30:00,Sun,08:30:00,2,1,NEM,2
MAD,3393,86729085,2026-09-27 09:00:00,Sun,09:00:00,2,-1,NEM,2
SAB,3393,86735085,2026-09-27 09:00:00,Sun,09:00:00,0,0,SAB,0
GRA,3393,86728845,2026-09-27 09:00:00,Sun,09:00:00,3,0,GRA,3
NOM,3393,86731581,2026-09-27 09:00:00,Sun,09:00:00,4,0,NOM,4
ALC,3393,86733741,2026-09-27 09:00:00,Sun,09:00:00,2,0,ALC,3
NOM,3393,86731582,2026-09-27 09:30:00,Sun,09:30:00,6,0,NOM,5
ALC,3393,86733742,2026-09-27 09:30:00,Sun,09:30:00,3,-1,ALC,4
GRA,3393,86728846,2026-09-27 09:30:00,Sun,09:30:00,4,0,GRA,3
SAB,3393,86735086,2026-09-27 09:30:00,Sun,09:30:00,0,0,SAB,0
MAD,3393,86729086,2026-09-27 09:30:00,Sun,09:30:00,3,0,NEM,3
ALC,3393,86733743,2026-09-27 10:00:00,Sun,10:00:00,5,-1,ALC,5
NOM,3393,86731583,2026-09-27 10:00:00,Sun,10:00:00,7,0,NOM,6
SAB,3393,86735087,2026-09-27 10:00:00,Sun,10:00:00,0,0,SAB,0
MAD,3393,86729087,2026-09-27 10:00:00,Sun,10:00:00,4,1,NEM,3
GRA,3393,86728847,2026-09-27 10:00:00,Sun,10:00:00,5,0,GRA,4
ALC,3393,86733744,2026-09-27 10:30:00,Sun,10:30:00,6,0,ALC,6
SAB,3393,86735088,2026-09-27 10:30:00,Sun,10:30:00,0,0,SAB,0
MAD,3393,86729088,2026-09-27 10:30:00,Sun,10:30:00,4,1,NEM,3
GRA,3393,86728848,2026-09-27 10:30:00,Sun,10:30:00,5,0,GRA,5
NOM,3393,86731584,2026-09-27 10:30:00,Sun,10:30:00,8,-1,NOM,7
SAB,3393,86735089,2026-09-27 11:00:00,Sun,11:00:00,0,0,SAB,0
ALC,3393,86733745,2026-09-27 11:00:00,Sun,11:00:00,6,0,ALC,7
MAD,3393,86729089,2026-09-27 11:00:00,Sun,11:00:00,4,0,NEM,4
GRA,3393,86728849,2026-09-27 11:00:00,Sun,11:00:00,5,0,GRA,4
NOM,3393,86731585,2026-09-27 11:00:00,Sun,11:00:00,8,-1,NOM,7
ALC,3393,86733746,2026-09-27 11:30:00,Sun,11:30:00,7,0,ALC,7
SAB,3393,86735090,2026-09-27 11:30:00,Sun,11:30:00,0,0,SAB,0
MAD,3393,86729090,2026-09-27 11:30:00,Sun,11:30:00,4,0,NEM,4
NOM,3393,86731586,2026-09-27 11:30:00,Sun,11:30:00,8,-1,NOM,6
GRA,3393,86728850,2026-09-27 11:30:00,Sun,11:30:00,5,0,GRA,4
NOM,3393,86731587,2026-09-27 12:00:00,Sun,12:00:00,8,-1,NOM,7
ALC,3393,86733747,2026-09-27 12:00:00,Sun,12:00:00,9,-2,ALC,10
SAB,3393,86735091,2026-09-27 12:00:00,Sun,12:00:00,3,0,SAB,3
MAD,3393,86729091,2026-09-27 12:00:00,Sun,12:00:00,5,0,NEM,4
GRA,3393,86728851,2026-09-27 12:00:00,Sun,12:00:00,5,0,GRA,5
MAD,3393,86729092,2026-09-27 12:30:00,Sun,12:30:00,5,0,NEM,6
ALC,3393,86733748,2026-09-27 12:30:00,Sun,12:30:00,11,-1,ALC,15
GRA,3393,86728852,2026-09-27 12:30:00,Sun,12:30:00,7,0,GRA,8
SAB,3393,86735092,2026-09-27 12:30:00,Sun,12:30:00,6,-1,SAB,6
NOM,3393,86731588,2026-09-27 12:30:00,Sun,12:30:00,10,-1,NOM,10
ALC,3393,86733749,2026-09-27 13:00:00,Sun,13:00:00,20,-2,ALC,29
SAB,3393,86735093,2026-09-27 13:00:00,Sun,13:00:00,8,-2,SAB,8
MAD,3393,86729093,2026-09-27 13:00:00,Sun,13:00:00,8,-3,NEM,10
GRA,3393,86728853,2026-09-27 13:00:00,Sun,13:00:00,13,0,GRA,16
NOM,3393,86731589,2026-09-27 13:00:00,Sun,13:00:00,12,-2,NOM,14
NOM,3393,86731590,2026-09-27 13:30:00,Sun,13:30:00,20,0,NOM,23
GRA,3393,86728854,2026-09-27 13:30:00,Sun,13:30:00,25,0,GRA,32
SAB,3393,86735094,2026-09-27 13:30:00,Sun,13:30:00,15,2,SAB,15
MAD,3393,86729094,2026-09-27 13:30:00,Sun,13:30:00,12,0,NEM,14
ALC,3393,86733750,2026-09-27 13:30:00,Sun,13:30:00,33,0,ALC,48
SAB,3393,86735095,2026-09-27 14:00:00,Sun,14:00:00,16,0,SAB,16
GRA,3393,86728855,2026-09-27 14:00:00,Sun,14:00:00,33,0,GRA,43
NOM,3393,86731591,2026-09-27 14:00:00,Sun,14:00:00,24,3,NOM,28
MAD,3393,86729095,2026-09-27 14:00:00,Sun,14:00:00,14,1,NEM,16
ALC,3393,86733751,2026-09-27 14:00:00,Sun,14:00:00,40,-2,ALC,61
ALC,3393,86733752,2026-09-27 14:30:00,Sun,14:30:00,40,-2,ALC,58
GRA,3393,86728856,2026-09-27 14:30:00,Sun,14:30:00,32,0,GRA,41
NOM,3393,86731592,2026-09-27 14:30:00,Sun,14:30:00,22,1,NOM,26
MAD,3393,86729096,2026-09-27 14:30:00,Sun,14:30:00,14,1,NEM,16
SAB,3393,86735096,2026-09-27 14:30:00,Sun,14:30:00,14,1,SAB,14
SAB,3393,86735097,2026-09-27 15:00:00,Sun,15:00:00,8,0,SAB,8
ALC,3393,86733753,2026-09-27 15:00:00,Sun,15:00:00,29,-4,ALC,42
MAD,3393,86729097,2026-09-27 15:00:00,Sun,15:00:00,11,-1,NEM,13
NOM,3393,86731593,2026-09-27 15:00:00,Sun,15:00:00,17,0,NOM,20
GRA,3393,86728857,2026-09-27 15:00:00,Sun,15:00:00,26,0,GRA,33
MAD,3393,86729098,2026-09-27 15:30:00,Sun,15:30:00,8,0,NEM,10
GRA,3393,86728858,2026-09-27 15:30:00,Sun,15:30:00,18,0,GRA,21
ALC,3393,86733754,2026-09-27 15:30:00,Sun,15:30:00,20,-4,ALC,27
SAB,3393,86735098,2026-09-27 15:30:00,Sun,15:30:00,8,0,SAB,8
NOM,3393,86731594,2026-09-27 15:30:00,Sun,15:30:00,14,1,NOM,15
ALC,3393,86733755,2026-09-27 16:00:00,Sun,16:00:00,15,-2,ALC,18
GRA,3393,86728859,2026-09-27 16:00:00,Sun,16:00:00,16,0,GRA,15
NOM,3393,86731595,2026-09-27 16:00:00,Sun,16:00:00,13,1,NOM,11
SAB,3393,86735099,2026-09-27 16:00:00,Sun,16:00:00,7,0,SAB,7
MAD,3393,86729099,2026-09-27 16:00:00,Sun,16:00:00,6,-1,NEM,7
NOM,3393,86731596,2026-09-27 16:30:00,Sun,16:30:00,9,0,NOM,8
GRA,3393,86728860,2026-09-27 16:30:00,Sun,16:30:00,11,0,GRA,10
ALC,3393,86733756,2026-09-27 16:30:00,Sun,16:30:00,13,1,ALC,15
MAD,3393,86729100,2026-09-27 16:30:00,Sun,16:30:00,5,-1,NEM,5
SAB,3393,86735100,2026-09-27 16:30:00,Sun,16:30:00,7,0,SAB,7
MAD,3393,86729101,2026-09-27 17:00:00,Sun,17:00:00,5,0,NEM,5
ALC,3393,86733757,2026-09-27 17:00:00,Sun,17:00:00,12,2,ALC,14
NOM,3393,86731597,2026-09-27 17:00:00,Sun,17:00:00,8,0,NOM,8
SAB,3393,86735101,2026-09-27 17:00:00,Sun,17:00:00,7,0,SAB,7
GRA,3393,86728861,2026-09-27 17:00:00,Sun,17:00:00,11,0,GRA,10
MAD,3393,86729102,2026-09-27 17:30:00,Sun,17:30:00,5,0,NEM,5
SAB,3393,86735102,2026-09-27 17:30:00,Sun,17:30:00,7,0,SAB,7
NOM,3393,86731598,2026-09-27 17:30:00,Sun,17:30:00,10,1,NOM,9
ALC,3393,86733758,2026-09-27 17:30:00,Sun,17:30:00,12,3,ALC,14
GRA,3393,86728862,2026-09-27 17:30:00,Sun,17:30:00,11,0,GRA,10
SAB,3393,86735103,2026-09-27 18:00:00,Sun,18:00:00,6,-1,SAB,6
NOM,3393,86731599,2026-09-27 18:00:00,Sun,18:00:00,10,1,NOM,9
MAD,3393,86729103,2026-09-27 18:00:00,Sun,18:00:00,5,0,NEM,5
GRA,3393,86728863,2026-09-27 18:00:00,Sun,18:00:00,10,0,GRA,10
ALC,3393,86733759,2026-09-27 18:00:00,Sun,18:00:00,11,-2,ALC,13
SAB,3393,86735104,2026-09-27 18:30:00,Sun,18:30:00,7,-2,SAB,7
MAD,3393,86729104,2026-09-27 18:30:00,Sun,18:30:00,5,0,NEM,6
NOM,3393,86731600,2026-09-27 18:30:00,Sun,18:30:00,12,1,NOM,10
ALC,3393,86733760,2026-09-27 18:30:00,Sun,18:30:00,13,0,ALC,16
GRA,3393,86728864,2026-09-27 18:30:00,Sun,18:30:00,8,0,GRA,8
NOM,3393,86731601,2026-09-27 19:00:00,Sun,19:00:00,12,1,NOM,11
ALC,3393,86733761,2026-09-27 19:00:00,Sun,19:00:00,14,-3,ALC,20
SAB,3393,86735105,2026-09-27 19:00:00,Sun,19:00:00,7,-3,SAB,7
MAD,3393,86729105,2026-09-27 19:00:00,Sun,19:00:00,6,0,NEM,7
GRA,3393,86728865,2026-09-27 19:00:00,Sun,19:00:00,9,0,GRA,9
GRA,3393,86728866,2026-09-27 19:30:00,Sun,19:30:00,10,0,GRA,12
ALC,3393,86733762,2026-09-27 19:30:00,Sun,19:30:00,20,-1,ALC,28
SAB,3393,86735106,2026-09-27 19:30:00,Sun,19:30:00,13,-1,SAB,13
NOM,3393,86731602,2026-09-27 19:30:00,Sun,19:30:00,13,1,NOM,16
MAD,3393,86729106,2026-09-27 19:30:00,Sun,19:30:00,8,0,NEM,10
MAD,3393,86729107,2026-09-27 20:00:00,Sun,20:00:00,12,0,NEM,14
SAB,3393,86735107,2026-09-27 20:00:00,Sun,20:00:00,20,1,SAB,19
GRA,3393,86728867,2026-09-27 20:00:00,Sun,20:00:00,20,0,GRA,25
NOM,3393,86731603,2026-09-27 20:00:00,Sun,20:00:00,20,-3,NOM,23
ALC,3393,86733763,2026-09-27 20:00:00,Sun,20:00:00,36,3,ALC,51
GRA,3393,86728868,2026-09-27 20:30:00,Sun,20:30:00,32,0,GRA,41
NOM,3393,86731604,2026-09-27 20:30:00,Sun,20:30:00,28,0,NOM,33
SAB,3393,86735108,2026-09-27 20:30:00,Sun,20:30:00,31,12,SAB,31
MAD,3393,86729108,2026-09-27 20:30:00,Sun,20:30:00,15,1,NEM,18
ALC,3393,86733764,2026-09-27 20:30:00,Sun,20:30:00,50,2,ALC,71
GRA,3393,86728869,2026-09-27 21:00:00,Sun,21:00:00,40,0,GRA,53
NOM,3393,86731605,2026-09-27 21:00:00,Sun,21:00:00,27,-2,NOM,32
MAD,3393,86729109,2026-09-27 21:00:00,Sun,21:00:00,16,0,NEM,19
ALC,3393,86733765,2026-09-27 21:00:00,Sun,21:00:00,54,2,ALC,77
SAB,3393,86735109,2026-09-27 21:00:00,Sun,21:00:00,17,-2,SAB,17
GRA,3393,86728870,2026-09-27 21:30:00,Sun,21:30:00,40,0,GRA,52
MAD,3393,86729110,2026-09-27 21:30:00,Sun,21:30:00,14,-1,NEM,16
NOM,3393,86731606,2026-09-27 21:30:00,Sun,21:30:00,22,-3,NOM,26
SAB,3393,86735110,2026-09-27 21:30:00,Sun,21:30:00,31,12,SAB,31
ALC,3393,86733766,2026-09-27 21:30:00,Sun,21:30:00,49,0,ALC,70
NOM,3393,86731607,2026-09-27 22:00:00,Sun,22:00:00,17,-1,NOM,20
MAD,3393,86729111,2026-09-27 22:00:00,Sun,22:00:00,9,0,NEM,11
ALC,3393,86733767,2026-09-27 22:00:00,Sun,22:00:00,38,-2,ALC,54
GRA,3393,86728871,2026-09-27 22:00:00,Sun,22:00:00,35,0,GRA,45
SAB,3393,86735111,2026-09-27 22:00:00,Sun,22:00:00,22,5,SAB,22
ALC,3393,86733768,2026-09-27 22:30:00,Sun,22:30:00,23,-6,ALC,32
SAB,3393,86735112,2026-09-27 22:30:00,Sun,22:30:00,12,0,SAB,11
GRA,3393,86728872,2026-09-27 22:30:00,Sun,22:30:00,28,0,GRA,33
NOM,3393,86731608,2026-09-27 22:30:00,Sun,22:30:00,10,-1,NOM,11
MAD,3393,86729112,2026-09-27 22:30:00,Sun,22:30:00,7,0,NEM,8
GRA,3393,86728873,2026-09-27 23:00:00,Sun,23:00:00,16,0,GRA,15
ALC,3393,86733769,2026-09-27 23:00:00,Sun,23:00:00,15,-5,ALC,16
SAB,3393,86735113,2026-09-27 23:00:00,Sun,23:00:00,5,-2,SAB,5
NOM,3393,86731609,2026-09-27 23:00:00,Sun,23:00:00,5,-1,NOM,5
MAD,3393,86729113,2026-09-27 23:00:00,Sun,23:00:00,4,0,NEM,4
GRA,3393,86728874,2026-09-27 23:30:00,Sun,23:30:00,8,0,GRA,7
ALC,3393,86733770,2026-09-27 23:30:00,Sun,23:30:00,7,-2,ALC,8
NOM,3393,86731610,2026-09-27 23:30:00,Sun,23:30:00,1,0,NOM,1
MAD,3393,86729114,2026-09-27 23:30:00,Sun,23:30:00,2,-2,NEM,2
SAB,3393,86735114,2026-09-27 23:30:00,Sun,23:30:00,3,0,SAB,3
ALC,3393,86733771,2026-09-28 00:00:00,Mon,00:00:00,2,0,ALC,2
GRA,3393,86728875,2026-09-28 00:00:00,Mon,00:00:00,2,1,GRA,2
MAD,3393,86729115,2026-09-28 00:00:00,Mon,00:00:00,1,1,NEM,1
SAB,3393,86735115,2026-09-28 00:00:00,Mon,00:00:00,0,0,SAB,0
NOM,3393,86731611,2026-09-28 00:00:00,Mon,00:00:00,0,0,NOM,0
NOM,3393,86731612,2026-09-28 00:30:00,Mon,00:30:00,0,0,NOM,0
SAB,3393,86735116,2026-09-28 00:30:00,Mon,00:30:00,0,0,SAB,0
MAD,3393,86729116,2026-09-28 00:30:00,Mon,00:30:00,0,0,NEM,0
ALC,3393,86733772,2026-09-28 00:30:00,Mon,00:30:00,1,0,ALC,1
GRA,3393,86728876,2026-09-28 00:30:00,Mon,00:30:00,2,1,GRA,2
SAB,3393,86735117,2026-09-28 01:00:00,Mon,01:00:00,0,0,SAB,0
NOM,3393,86731613,2026-09-28 01:00:00,Mon,01:00:00,0,0,NOM,0
MAD,3393,86729117,2026-09-28 01:00:00,Mon,01:00:00,0,0,NEM,0
ALC,3393,86733773,2026-09-28 01:00:00,Mon,01:00:00,0,0,ALC,0
GRA,3393,86728877,2026-09-28 01:00:00,Mon,01:00:00,0,0,GRA,0
SAB,3393,86735118,2026-09-28 01:30:00,Mon,01:30:00,0,0,SAB,0
NOM,3393,86731614,2026-09-28 01:30:00,Mon,01:30:00,0,0,NOM,0
ALC,3393,86733774,2026-09-28 01:30:00,Mon,01:30:00,0,0,ALC,0
MAD,3393,86729118,2026-09-28 01:30:00,Mon,01:30:00,0,0,NEM,0
GRA,3393,86728878,2026-09-28 01:30:00,Mon,01:30:00,0,0,GRA,0
SAB,3393,86761663,2026-09-28 02:00:00,Mon,02:00:00,0,0,SAB,0
NOM,3393,86774191,2026-09-28 02:00:00,Mon,02:00:00,0,0,NOM,0
ALC,3393,86765071,2026-09-28 02:00:00,Mon,02:00:00,0,0,ALC,0
MAD,3393,86761135,2026-09-28 02:00:00,Mon,02:00:00,0,0,NEM,0
GRA,3393,86760895,2026-09-28 02:00:00,Mon,02:00:00,0,0,GRA,0
SAB,3393,86761664,2026-09-28 02:30:00,Mon,02:30:00,0,0,SAB,0
GRA,3393,86760896,2026-09-28 02:30:00,Mon,02:30:00,0,0,GRA,0
MAD,3393,86761136,2026-09-28 02:30:00,Mon,02:30:00,0,0,NEM,0
NOM,3393,86774192,2026-09-28 02:30:00,Mon,02:30:00,0,0,NOM,0
ALC,3393,86765072,2026-09-28 02:30:00,Mon,02:30:00,0,0,ALC,0
GRA,3393,86760897,2026-09-28 03:00:00,Mon,03:00:00,0,0,GRA,0
MAD,3393,86761137,2026-09-28 03:00:00,Mon,03:00:00,0,0,NEM,0
NOM,3393,86774193,2026-09-28 03:00:00,Mon,03:00:00,0,0,NOM,0
ALC,3393,86765073,2026-09-28 03:00:00,Mon,03:00:00,0,0,ALC,0
SAB,3393,86761665,2026-09-28 03:00:00,Mon,03:00:00,0,0,SAB,0
NOM,3393,86774194,2026-09-28 03:30:00,Mon,03:30:00,0,0,NOM,0
SAB,3393,86761666,2026-09-28 03:30:00,Mon,03:30:00,0,0,SAB,0
GRA,3393,86760898,2026-09-28 03:30:00,Mon,03:30:00,0,0,GRA,0
MAD,3393,86761138,2026-09-28 03:30:00,Mon,03:30:00,0,0,NEM,0
ALC,3393,86765074,2026-09-28 03:30:00,Mon,03:30:00,0,0,ALC,0
SAB,3393,86761667,2026-09-28 04:00:00,Mon,04:00:00,0,0,SAB,0
GRA,3393,86760899,2026-09-28 04:00:00,Mon,04:00:00,0,0,GRA,0
MAD,3393,86761139,2026-09-28 04:00:00,Mon,04:00:00,0,0,NEM,0
ALC,3393,86765075,2026-09-28 04:00:00,Mon,04:00:00,0,0,ALC,0
NOM,3393,86774195,2026-09-28 04:00:00,Mon,04:00:00,0,0,NOM,0
SAB,3393,86761668,2026-09-28 04:30:00,Mon,04:30:00,0,0,SAB,0
NOM,3393,86774196,2026-09-28 04:30:00,Mon,04:30:00,0,0,NOM,0
GRA,3393,86760900,2026-09-28 04:30:00,Mon,04:30:00,0,0,GRA,0
MAD,3393,86761140,2026-09-28 04:30:00,Mon,04:30:00,0,0,NEM,0
ALC,3393,86765076,2026-09-28 04:30:00,Mon,04:30:00,0,0,ALC,0
NOM,3393,86774197,2026-09-28 05:00:00,Mon,05:00:00,0,0,NOM,0
SAB,3393,86761669,2026-09-28 05:00:00,Mon,05:00:00,0,0,SAB,0
GRA,3393,86760901,2026-09-28 05:00:00,Mon,05:00:00,0,0,GRA,0
MAD,3393,86761141,2026-09-28 05:00:00,Mon,05:00:00,0,0,NEM,0
ALC,3393,86765077,2026-09-28 05:00:00,Mon,05:00:00,0,0,ALC,0
SAB,3393,86761670,2026-09-28 05:30:00,Mon,05:30:00,0,0,SAB,0
NOM,3393,86774198,2026-09-28 05:30:00,Mon,05:30:00,0,0,NOM,0
MAD,3393,86761142,2026-09-28 05:30:00,Mon,05:30:00,0,0,NEM,0
ALC,3393,86765078,2026-09-28 05:30:00,Mon,05:30:00,0,0,ALC,0
GRA,3393,86760902,2026-09-28 05:30:00,Mon,05:30:00,0,0,GRA,0
NOM,3393,86774199,2026-09-28 06:00:00,Mon,06:00:00,0,0,NOM,0
SAB,3393,86761671,2026-09-28 06:00:00,Mon,06:00:00,0,0,SAB,0
MAD,3393,86761143,2026-09-28 06:00:00,Mon,06:00:00,0,0,NEM,0
ALC,3393,86765079,2026-09-28 06:00:00,Mon,06:00:00,0,0,ALC,0
GRA,3393,86760903,2026-09-28 06:00:00,Mon,06:00:00,0,0,GRA,0
GRA,3393,86760904,2026-09-28 06:30:00,Mon,06:30:00,0,0,GRA,0
NOM,3393,86774200,2026-09-28 06:30:00,Mon,06:30:00,0,0,NOM,0
SAB,3393,86761672,2026-09-28 06:30:00,Mon,06:30:00,0,0,SAB,0
MAD,3393,86761144,2026-09-28 06:30:00,Mon,06:30:00,0,0,NEM,0
ALC,3393,86765080,2026-09-28 06:30:00,Mon,06:30:00,0,0,ALC,0
ALC,3393,86765081,2026-09-28 07:00:00,Mon,07:00:00,0,0,ALC,0
GRA,3393,86760905,2026-09-28 07:00:00,Mon,07:00:00,0,0,GRA,0
MAD,3393,86761145,2026-09-28 07:00:00,Mon,07:00:00,0,0,NEM,0
SAB,3393,86761673,2026-09-28 07:00:00,Mon,07:00:00,0,0,SAB,0
NOM,3393,86774201,2026-09-28 07:00:00,Mon,07:00:00,0,0,NOM,0
GRA,3393,86760906,2026-09-28 07:30:00,Mon,07:30:00,0,0,GRA,0
MAD,3393,86761146,2026-09-28 07:30:00,Mon,07:30:00,0,0,NEM,0
NOM,3393,86774202,2026-09-28 07:30:00,Mon,07:30:00,0,0,NOM,0
SAB,3393,86761674,2026-09-28 07:30:00,Mon,07:30:00,0,0,SAB,0
ALC,3393,86765082,2026-09-28 07:30:00,Mon,07:30:00,0,0,ALC,0
SAB,3393,86761675,2026-09-28 08:00:00,Mon,08:00:00,0,0,SAB,0
MAD,3393,86761147,2026-09-28 08:00:00,Mon,08:00:00,1,1,NEM,1
ALC,3393,86765083,2026-09-28 08:00:00,Mon,08:00:00,0,0,ALC,0
GRA,3393,86760907,2026-09-28 08:00:00,Mon,08:00:00,0,0,GRA,0
NOM,3393,86774203,2026-09-28 08:00:00,Mon,08:00:00,0,0,NOM,0
MAD,3393,86761148,2026-09-28 08:30:00,Mon,08:30:00,2,2,NEM,1
ALC,3393,86765084,2026-09-28 08:30:00,Mon,08:30:00,1,1,ALC,1
SAB,3393,86761676,2026-09-28 08:30:00,Mon,08:30:00,0,0,SAB,0
GRA,3393,86760908,2026-09-28 08:30:00,Mon,08:30:00,1,1,GRA,0
NOM,3393,86774204,2026-09-28 08:30:00,Mon,08:30:00,1,1,NOM,1
NOM,3393,86774205,2026-09-28 09:00:00,Mon,09:00:00,3,3,NOM,2
MAD,3393,86761149,2026-09-28 09:00:00,Mon,09:00:00,3,3,NEM,3
ALC,3393,86765085,2026-09-28 09:00:00,Mon,09:00:00,2,2,ALC,2
SAB,3393,86761677,2026-09-28 09:00:00,Mon,09:00:00,0,0,SAB,0
GRA,3393,86760909,2026-09-28 09:00:00,Mon,09:00:00,1,1,GRA,1
SAB,3393,86761678,2026-09-28 09:30:00,Mon,09:30:00,0,0,SAB,0
NOM,3393,86774206,2026-09-28 09:30:00,Mon,09:30:00,4,4,NOM,4
GRA,3393,86760910,2026-09-28 09:30:00,Mon,09:30:00,1,1,GRA,1
ALC,3393,86765086,2026-09-28 09:30:00,Mon,09:30:00,4,4,ALC,4
MAD,3393,86761150,2026-09-28 09:30:00,Mon,09:30:00,4,4,NEM,4
NOM,3393,86774207,2026-09-28 10:00:00,Mon,10:00:00,6,6,NOM,5
GRA,3393,86760911,2026-09-28 10:00:00,Mon,10:00:00,2,2,GRA,2
ALC,3393,86765087,2026-09-28 10:00:00,Mon,10:00:00,5,5,ALC,5
SAB,3393,86761679,2026-09-28 10:00:00,Mon,10:00:00,0,0,SAB,0
MAD,3393,86761151,2026-09-28 10:00:00,Mon,10:00:00,4,4,NEM,4
MAD,3393,86761152,2026-09-28 10:30:00,Mon,10:30:00,4,4,NEM,4
GRA,3393,86760912,2026-09-28 10:30:00,Mon,10:30:00,2,2,GRA,2
NOM,3393,86774208,2026-09-28 10:30:00,Mon,10:30:00,6,6,NOM,5
ALC,3393,86765088,2026-09-28 10:30:00,Mon,10:30:00,6,6,ALC,7
SAB,3393,86761680,2026-09-28 10:30:00,Mon,10:30:00,0,0,SAB,0
SAB,3393,86761681,2026-09-28 11:00:00,Mon,11:00:00,0,0,SAB,0
GRA,3393,86760913,2026-09-28 11:00:00,Mon,11:00:00,3,3,GRA,2
NOM,3393,86774209,2026-09-28 11:00:00,Mon,11:00:00,6,6,NOM,5
ALC,3393,86765089,2026-09-28 11:00:00,Mon,11:00:00,6,6,ALC,7
MAD,3393,86761153,2026-09-28 11:00:00,Mon,11:00:00,4,4,NEM,4
GRA,3393,86760914,2026-09-28 11:30:00,Mon,11:30:00,3,3,GRA,3
MAD,3393,86761154,2026-09-28 11:30:00,Mon,11:30:00,4,4,NEM,4
SAB,3393,86761682,2026-09-28 11:30:00,Mon,11:30:00,0,0,SAB,0
NOM,3393,86774210,2026-09-28 11:30:00,Mon,11:30:00,7,7,NOM,6
ALC,3393,86765090,2026-09-28 11:30:00,Mon,11:30:00,7,7,ALC,8
MAD,3393,86761155,2026-09-28 12:00:00,Mon,12:00:00,6,6,NEM,5
SAB,3393,86761683,2026-09-28 12:00:00,Mon,12:00:00,3,3,SAB,2
NOM,3393,86774211,2026-09-28 12:00:00,Mon,12:00:00,8,8,NOM,7
ALC,3393,86765091,2026-09-28 12:00:00,Mon,12:00:00,8,8,ALC,9
GRA,3393,86760915,2026-09-28 12:00:00,Mon,12:00:00,5,5,GRA,4
MAD,3393,86761156,2026-09-28 12:30:00,Mon,12:30:00,8,8,NEM,9
SAB,3393,86761684,2026-09-28 12:30:00,Mon,12:30:00,4,4,SAB,4
NOM,3393,86774212,2026-09-28 12:30:00,Mon,12:30:00,8,8,NOM,8
ALC,3393,86765092,2026-09-28 12:30:00,Mon,12:30:00,8,8,ALC,11
GRA,3393,86760916,2026-09-28 12:30:00,Mon,12:30:00,5,5,GRA,5
GRA,3393,86760917,2026-09-28 13:00:00,Mon,13:00:00,7,7,GRA,8
MAD,3393,86761157,2026-09-28 13:00:00,Mon,13:00:00,9,9,NEM,11
SAB,3393,86761685,2026-09-28 13:00:00,Mon,13:00:00,5,5,SAB,5
NOM,3393,86774213,2026-09-28 13:00:00,Mon,13:00:00,11,11,NOM,12
ALC,3393,86765093,2026-09-28 13:00:00,Mon,13:00:00,12,12,ALC,18
ALC,3393,86765094,2026-09-28 13:30:00,Mon,13:30:00,15,15,ALC,23
NOM,3393,86774214,2026-09-28 13:30:00,Mon,13:30:00,12,12,NOM,15
MAD,3393,86761158,2026-09-28 13:30:00,Mon,13:30:00,10,10,NEM,14
SAB,3393,86761686,2026-09-28 13:30:00,Mon,13:30:00,6,6,SAB,6
GRA,3393,86760918,2026-09-28 13:30:00,Mon,13:30:00,10,10,GRA,11
ALC,3393,86765095,2026-09-28 14:00:00,Mon,14:00:00,18,18,ALC,29
NOM,3393,86774215,2026-09-28 14:00:00,Mon,14:00:00,12,12,NOM,14
MAD,3393,86761159,2026-09-28 14:00:00,Mon,14:00:00,11,11,NEM,14
SAB,3393,86761687,2026-09-28 14:00:00,Mon,14:00:00,6,6,SAB,6
GRA,3393,86760919,2026-09-28 14:00:00,Mon,14:00:00,13,13,GRA,14
ALC,3393,86765096,2026-09-28 14:30:00,Mon,14:30:00,18,18,ALC,27
NOM,3393,86774216,2026-09-28 14:30:00,Mon,14:30:00,11,11,NOM,13
MAD,3393,86761160,2026-09-28 14:30:00,Mon,14:30:00,9,9,NEM,11
GRA,3393,86760920,2026-09-28 14:30:00,Mon,14:30:00,13,13,GRA,14
SAB,3393,86761688,2026-09-28 14:30:00,Mon,14:30:00,6,6,SAB,6
ALC,3393,86765097,2026-09-28 15:00:00,Mon,15:00:00,15,15,ALC,22
NOM,3393,86774217,2026-09-28 15:00:00,Mon,15:00:00,9,9,NOM,10
SAB,3393,86761689,2026-09-28 15:00:00,Mon,15:00:00,5,5,SAB,5
GRA,3393,86760921,2026-09-28 15:00:00,Mon,15:00:00,11,11,GRA,12
MAD,3393,86761161,2026-09-28 15:00:00,Mon,15:00:00,7,7,NEM,8
NOM,3393,86774218,2026-09-28 15:30:00,Mon,15:30:00,7,7,NOM,8
SAB,3393,86761690,2026-09-28 15:30:00,Mon,15:30:00,5,5,SAB,5
MAD,3393,86761162,2026-09-28 15:30:00,Mon,15:30:00,6,6,NEM,6
GRA,3393,86760922,2026-09-28 15:30:00,Mon,15:30:00,8,8,GRA,9
ALC,3393,86765098,2026-09-28 15:30:00,Mon,15:30:00,12,12,ALC,16
GRA,3393,86760923,2026-09-28 16:00:00,Mon,16:00:00,7,7,GRA,6
NOM,3393,86774219,2026-09-28 16:00:00,Mon,16:00:00,6,6,NOM,6
SAB,3393,86761691,2026-09-28 16:00:00,Mon,16:00:00,3,3,SAB,2
MAD,3393,86761163,2026-09-28 16:00:00,Mon,16:00:00,4,4,NEM,5
ALC,3393,86765099,2026-09-28 16:00:00,Mon,16:00:00,9,9,ALC,11
SAB,3393,86761692,2026-09-28 16:30:00,Mon,16:30:00,3,3,SAB,2
MAD,3393,86761164,2026-09-28 16:30:00,Mon,16:30:00,4,4,NEM,4
NOM,3393,86774220,2026-09-28 16:30:00,Mon,16:30:00,5,5,NOM,5
ALC,3393,86765100,2026-09-28 16:30:00,Mon,16:30:00,8,8,ALC,9
GRA,3393,86760924,2026-09-28 16:30:00,Mon,16:30:00,6,6,GRA,6
NOM,3393,86774221,2026-09-28 17:00:00,Mon,17:00:00,6,6,NOM,6
SAB,3393,86761693,2026-09-28 17:00:00,Mon,17:00:00,4,4,SAB,4
MAD,3393,86761165,2026-09-28 17:00:00,Mon,17:00:00,4,4,NEM,4
ALC,3393,86765101,2026-09-28 17:00:00,Mon,17:00:00,8,8,ALC,10
GRA,3393,86760925,2026-09-28 17:00:00,Mon,17:00:00,5,5,GRA,5
NOM,3393,86774222,2026-09-28 17:30:00,Mon,17:30:00,5,5,NOM,5
SAB,3393,86761694,2026-09-28 17:30:00,Mon,17:30:00,3,3,SAB,2
MAD,3393,86761166,2026-09-28 17:30:00,Mon,17:30:00,4,4,NEM,4
GRA,3393,86760926,2026-09-28 17:30:00,Mon,17:30:00,5,5,GRA,5
ALC,3393,86765102,2026-09-28 17:30:00,Mon,17:30:00,8,8,ALC,10
ALC,3393,86765103,2026-09-28 18:00:00,Mon,18:00:00,9,9,ALC,11
MAD,3393,86761167,2026-09-28 18:00:00,Mon,18:00:00,4,4,NEM,5
SAB,3393,86761695,2026-09-28 18:00:00,Mon,18:00:00,3,3,SAB,2
GRA,3393,86760927,2026-09-28 18:00:00,Mon,18:00:00,6,6,GRA,6
NOM,3393,86774223,2026-09-28 18:00:00,Mon,18:00:00,6,6,NOM,6
NOM,3393,86774224,2026-09-28 18:30:00,Mon,18:30:00,7,7,NOM,7
SAB,3393,86761696,2026-09-28 18:30:00,Mon,18:30:00,3,3,SAB,2
GRA,3393,86760928,2026-09-28 18:30:00,Mon,18:30:00,5,5,GRA,5
MAD,3393,86761168,2026-09-28 18:30:00,Mon,18:30:00,5,5,NEM,6
ALC,3393,86765104,2026-09-28 18:30:00,Mon,18:30:00,9,9,ALC,11
SAB,3393,86761697,2026-09-28 19:00:00,Mon,19:00:00,4,4,SAB,4
MAD,3393,86761169,2026-09-28 19:00:00,Mon,19:00:00,6,6,NEM,7
ALC,3393,86765105,2026-09-28 19:00:00,Mon,19:00:00,10,10,ALC,14
NOM,3393,86774225,2026-09-28 19:00:00,Mon,19:00:00,9,9,NOM,9
GRA,3393,86760929,2026-09-28 19:00:00,Mon,19:00:00,5,5,GRA,5
GRA,3393,86760930,2026-09-28 19:30:00,Mon,19:30:00,5,5,GRA,7
NOM,3393,86774226,2026-09-28 19:30:00,Mon,19:30:00,9,9,NOM,11
SAB,3393,86761698,2026-09-28 19:30:00,Mon,19:30:00,5,5,SAB,5
MAD,3393,86761170,2026-09-28 19:30:00,Mon,19:30:00,7,7,NEM,9
ALC,3393,86765106,2026-09-28 19:30:00,Mon,19:30:00,13,13,ALC,19
ALC,3393,86765107,2026-09-28 20:00:00,Mon,20:00:00,19,19,ALC,27
GRA,3393,86760931,2026-09-28 20:00:00,Mon,20:00:00,8,8,GRA,10
MAD,3393,86761171,2026-09-28 20:00:00,Mon,20:00:00,10,10,NEM,12
NOM,3393,86774227,2026-09-28 20:00:00,Mon,20:00:00,12,12,NOM,14
SAB,3393,86761699,2026-09-28 20:00:00,Mon,20:00:00,8,8,SAB,7
GRA,3393,86760932,2026-09-28 20:30:00,Mon,20:30:00,13,13,GRA,16
ALC,3393,86765108,2026-09-28 20:30:00,Mon,20:30:00,23,23,ALC,33
MAD,3393,86761172,2026-09-28 20:30:00,Mon,20:30:00,11,11,NEM,13
NOM,3393,86774228,2026-09-28 20:30:00,Mon,20:30:00,14,14,NOM,16
SAB,3393,86761700,2026-09-28 20:30:00,Mon,20:30:00,10,10,SAB,10
SAB,3393,86761701,2026-09-28 21:00:00,Mon,21:00:00,5,5,SAB,5
ALC,3393,86765109,2026-09-28 21:00:00,Mon,21:00:00,27,27,ALC,39
GRA,3393,86760933,2026-09-28 21:00:00,Mon,21:00:00,19,19,GRA,24
MAD,3393,86761173,2026-09-28 21:00:00,Mon,21:00:00,12,12,NEM,15
NOM,3393,86774229,2026-09-28 21:00:00,Mon,21:00:00,12,12,NOM,14
NOM,3393,86774230,2026-09-28 21:30:00,Mon,21:30:00,12,12,NOM,14
ALC,3393,86765110,2026-09-28 21:30:00,Mon,21:30:00,27,27,ALC,40
GRA,3393,86760934,2026-09-28 21:30:00,Mon,21:30:00,22,22,GRA,27
MAD,3393,86761174,2026-09-28 21:30:00,Mon,21:30:00,10,10,NEM,13
SAB,3393,86761702,2026-09-28 21:30:00,Mon,21:30:00,8,8,SAB,7
ALC,3393,86765111,2026-09-28 22:00:00,Mon,22:00:00,22,22,ALC,32
SAB,3393,86761703,2026-09-28 22:00:00,Mon,22:00:00,8,8,SAB,7
NOM,3393,86774231,2026-09-28 22:00:00,Mon,22:00:00,9,9,NOM,10
GRA,3393,86760935,2026-09-28 22:00:00,Mon,22:00:00,18,18,GRA,23
MAD,3393,86761175,2026-09-28 22:00:00,Mon,22:00:00,7,7,NEM,8
SAB,3393,86761704,2026-09-28 22:30:00,Mon,22:30:00,4,4,SAB,4
NOM,3393,86774232,2026-09-28 22:30:00,Mon,22:30:00,5,5,NOM,5
GRA,3393,86760936,2026-09-28 22:30:00,Mon,22:30:00,14,14,GRA,16
MAD,3393,86761176,2026-09-28 22:30:00,Mon,22:30:00,5,5,NEM,6
ALC,3393,86765112,2026-09-28 22:30:00,Mon,22:30:00,15,15,ALC,20
SAB,3393,86761705,2026-09-28 23:00:00,Mon,23:00:00,3,3,SAB,2
NOM,3393,86774233,2026-09-28 23:00:00,Mon,23:00:00,4,4,NOM,3
GRA,3393,86760937,2026-09-28 23:00:00,Mon,23:00:00,10,10,GRA,10
MAD,3393,86761177,2026-09-28 23:00:00,Mon,23:00:00,4,4,NEM,3
ALC,3393,86765113,2026-09-28 23:00:00,Mon,23:00:00,11,11,ALC,12
ALC,3393,86765114,2026-09-28 23:30:00,Mon,23:30:00,6,6,ALC,7
SAB,3393,86761706,2026-09-28 23:30:00,Mon,23:30:00,3,3,SAB,2
NOM,3393,86774234,2026-09-28 23:30:00,Mon,23:30:00,2,2,NOM,2
GRA,3393,86760938,2026-09-28 23:30:00,Mon,23:30:00,6,6,GRA,5
MAD,3393,86761178,2026-09-28 23:30:00,Mon,23:30:00,2,2,NEM,2
MAD,3393,86761179,2026-09-29 00:00:00,Tue,00:00:00,1,1,NEM,1
GRA,3393,86760939,2026-09-29 00:00:00,Tue,00:00:00,2,2,GRA,2
SAB,3393,86761707,2026-09-29 00:00:00,Tue,00:00:00,0,0,SAB,0
NOM,3393,86774235,2026-09-29 00:00:00,Tue,00:00:00,0,0,NOM,0
ALC,3393,86765115,2026-09-29 00:00:00,Tue,00:00:00,2,2,ALC,2
MAD,3393,86761180,2026-09-29 00:30:00,Tue,00:30:00,0,0,NEM,0
GRA,3393,86760940,2026-09-29 00:30:00,Tue,00:30:00,1,1,GRA,1
SAB,3393,86761708,2026-09-29 00:30:00,Tue,00:30:00,0,0,SAB,0
NOM,3393,86774236,2026-09-29 00:30:00,Tue,00:30:00,0,0,NOM,0
ALC,3393,86765116,2026-09-29 00:30:00,Tue,00:30:00,1,1,ALC,1
MAD,3393,86761181,2026-09-29 01:00:00,Tue,01:00:00,0,0,NEM,0
GRA,3393,86760941,2026-09-29 01:00:00,Tue,01:00:00,0,0,GRA,0
SAB,3393,86761709,2026-09-29 01:00:00,Tue,01:00:00,0,0,SAB,0
ALC,3393,86765117,2026-09-29 01:00:00,Tue,01:00:00,0,0,ALC,0
NOM,3393,86774237,2026-09-29 01:00:00,Tue,01:00:00,0,0,NOM,0
MAD,3393,86761182,2026-09-29 01:30:00,Tue,01:30:00,0,0,NEM,0
GRA,3393,86760942,2026-09-29 01:30:00,Tue,01:30:00,0,0,GRA,0
NOM,3393,86774238,2026-09-29 01:30:00,Tue,01:30:00,0,0,NOM,0
ALC,3393,86765118,2026-09-29 01:30:00,Tue,01:30:00,0,0,ALC,0
SAB,3393,86761710,2026-09-29 01:30:00,Tue,01:30:00,0,0,SAB,0
GRA,3393,86799583,2026-09-29 02:00:00,Tue,02:00:00,0,0,GRA,0
NOM,3393,86793391,2026-09-29 02:00:00,Tue,02:00:00,0,0,NOM,0
SAB,3393,86807359,2026-09-29 02:00:00,Tue,02:00:00,0,0,SAB,0
ALC,3393,86801023,2026-09-29 02:00:00,Tue,02:00:00,0,0,ALC,0
MAD,3393,86799823,2026-09-29 02:00:00,Tue,02:00:00,0,0,NEM,0
ALC,3393,86801024,2026-09-29 02:30:00,Tue,02:30:00,0,0,ALC,0
GRA,3393,86799584,2026-09-29 02:30:00,Tue,02:30:00,0,0,GRA,0
NOM,3393,86793392,2026-09-29 02:30:00,Tue,02:30:00,0,0,NOM,0
SAB,3393,86807360,2026-09-29 02:30:00,Tue,02:30:00,0,0,SAB,0
MAD,3393,86799824,2026-09-29 02:30:00,Tue,02:30:00,0,0,NEM,0
NOM,3393,86793393,2026-09-29 03:00:00,Tue,03:00:00,0,0,NOM,0
SAB,3393,86807361,2026-09-29 03:00:00,Tue,03:00:00,0,0,SAB,0
GRA,3393,86799585,2026-09-29 03:00:00,Tue,03:00:00,0,0,GRA,0
MAD,3393,86799825,2026-09-29 03:00:00,Tue,03:00:00,0,0,NEM,0
ALC,3393,86801025,2026-09-29 03:00:00,Tue,03:00:00,0,0,ALC,0
GRA,3393,86799586,2026-09-29 03:30:00,Tue,03:30:00,0,0,GRA,0
NOM,3393,86793394,2026-09-29 03:30:00,Tue,03:30:00,0,0,NOM,0
SAB,3393,86807362,2026-09-29 03:30:00,Tue,03:30:00,0,0,SAB,0
MAD,3393,86799826,2026-09-29 03:30:00,Tue,03:30:00,0,0,NEM,0
ALC,3393,86801026,2026-09-29 03:30:00,Tue,03:30:00,0,0,ALC,0
GRA,3393,86799587,2026-09-29 04:00:00,Tue,04:00:00,0,0,GRA,0
NOM,3393,86793395,2026-09-29 04:00:00,Tue,04:00:00,0,0,NOM,0
SAB,3393,86807363,2026-09-29 04:00:00,Tue,04:00:00,0,0,SAB,0
ALC,3393,86801027,2026-09-29 04:00:00,Tue,04:00:00,0,0,ALC,0
MAD,3393,86799827,2026-09-29 04:00:00,Tue,04:00:00,0,0,NEM,0
MAD,3393,86799828,2026-09-29 04:30:00,Tue,04:30:00,0,0,NEM,0
SAB,3393,86807364,2026-09-29 04:30:00,Tue,04:30:00,0,0,SAB,0
NOM,3393,86793396,2026-09-29 04:30:00,Tue,04:30:00,0,0,NOM,0
ALC,3393,86801028,2026-09-29 04:30:00,Tue,04:30:00,0,0,ALC,0
GRA,3393,86799588,2026-09-29 04:30:00,Tue,04:30:00,0,0,GRA,0
GRA,3393,86799589,2026-09-29 05:00:00,Tue,05:00:00,0,0,GRA,0
NOM,3393,86793397,2026-09-29 05:00:00,Tue,05:00:00,0,0,NOM,0
ALC,3393,86801029,2026-09-29 05:00:00,Tue,05:00:00,0,0,ALC,0
SAB,3393,86807365,2026-09-29 05:00:00,Tue,05:00:00,0,0,SAB,0
MAD,3393,86799829,2026-09-29 05:00:00,Tue,05:00:00,0,0,NEM,0
NOM,3393,86793398,2026-09-29 05:30:00,Tue,05:30:00,0,0,NOM,0
SAB,3393,86807366,2026-09-29 05:30:00,Tue,05:30:00,0,0,SAB,0
MAD,3393,86799830,2026-09-29 05:30:00,Tue,05:30:00,0,0,NEM,0
GRA,3393,86799590,2026-09-29 05:30:00,Tue,05:30:00,0,0,GRA,0
ALC,3393,86801030,2026-09-29 05:30:00,Tue,05:30:00,0,0,ALC,0
ALC,3393,86801031,2026-09-29 06:00:00,Tue,06:00:00,0,0,ALC,0
GRA,3393,86799591,2026-09-29 06:00:00,Tue,06:00:00,0,0,GRA,0
NOM,3393,86793399,2026-09-29 06:00:00,Tue,06:00:00,0,0,NOM,0
SAB,3393,86807367,2026-09-29 06:00:00,Tue,06:00:00,0,0,SAB,0
MAD,3393,86799831,2026-09-29 06:00:00,Tue,06:00:00,0,0,NEM,0
MAD,3393,86799832,2026-09-29 06:30:00,Tue,06:30:00,0,0,NEM,0
ALC,3393,86801032,2026-09-29 06:30:00,Tue,06:30:00,0,0,ALC,0
SAB,3393,86807368,2026-09-29 06:30:00,Tue,06:30:00,0,0,SAB,0
GRA,3393,86799592,2026-09-29 06:30:00,Tue,06:30:00,0,0,GRA,0
NOM,3393,86793400,2026-09-29 06:30:00,Tue,06:30:00,0,0,NOM,0
ALC,3393,86801033,2026-09-29 07:00:00,Tue,07:00:00,0,0,ALC,0
MAD,3393,86799833,2026-09-29 07:00:00,Tue,07:00:00,0,0,NEM,0
SAB,3393,86807369,2026-09-29 07:00:00,Tue,07:00:00,0,0,SAB,0
GRA,3393,86799593,2026-09-29 07:00:00,Tue,07:00:00,0,0,GRA,0
NOM,3393,86793401,2026-09-29 07:00:00,Tue,07:00:00,0,0,NOM,0
NOM,3393,86793402,2026-09-29 07:30:00,Tue,07:30:00,0,0,NOM,0
MAD,3393,86799834,2026-09-29 07:30:00,Tue,07:30:00,0,0,NEM,0
ALC,3393,86801034,2026-09-29 07:30:00,Tue,07:30:00,0,0,ALC,0
SAB,3393,86807370,2026-09-29 07:30:00,Tue,07:30:00,0,0,SAB,0
GRA,3393,86799594,2026-09-29 07:30:00,Tue,07:30:00,0,0,GRA,0
GRA,3393,86799595,2026-09-29 08:00:00,Tue,08:00:00,0,0,GRA,0
MAD,3393,86799835,2026-09-29 08:00:00,Tue,08:00:00,1,1,NEM,1
ALC,3393,86801035,2026-09-29 08:00:00,Tue,08:00:00,0,0,ALC,0
SAB,3393,86807371,2026-09-29 08:00:00,Tue,08:00:00,0,0,SAB,0
NOM,3393,86793403,2026-09-29 08:00:00,Tue,08:00:00,0,0,NOM,0
MAD,3393,86799836,2026-09-29 08:30:00,Tue,08:30:00,1,1,NEM,1
NOM,3393,86793404,2026-09-29 08:30:00,Tue,08:30:00,1,1,NOM,1
GRA,3393,86799596,2026-09-29 08:30:00,Tue,08:30:00,1,1,GRA,0
ALC,3393,86801036,2026-09-29 08:30:00,Tue,08:30:00,0,0,ALC,0
SAB,3393,86807372,2026-09-29 08:30:00,Tue,08:30:00,0,0,SAB,0
NOM,3393,86793405,2026-09-29 09:00:00,Tue,09:00:00,2,2,NOM,2
GRA,3393,86799597,2026-09-29 09:00:00,Tue,09:00:00,1,1,GRA,1
ALC,3393,86801037,2026-09-29 09:00:00,Tue,09:00:00,2,2,ALC,2
SAB,3393,86807373,2026-09-29 09:00:00,Tue,09:00:00,0,0,SAB,0
MAD,3393,86799837,2026-09-29 09:00:00,Tue,09:00:00,3,3,NEM,2
NOM,3393,86793406,2026-09-29 09:30:00,Tue,09:30:00,3,3,NOM,3
GRA,3393,86799598,2026-09-29 09:30:00,Tue,09:30:00,1,1,GRA,1
ALC,3393,86801038,2026-09-29 09:30:00,Tue,09:30:00,3,3,ALC,3
SAB,3393,86807374,2026-09-29 09:30:00,Tue,09:30:00,0,0,SAB,0
MAD,3393,86799838,2026-09-29 09:30:00,Tue,09:30:00,4,4,NEM,4
MAD,3393,86799839,2026-09-29 10:00:00,Tue,10:00:00,4,4,NEM,4
NOM,3393,86793407,2026-09-29 10:00:00,Tue,10:00:00,5,5,NOM,4
GRA,3393,86799599,2026-09-29 10:00:00,Tue,10:00:00,2,2,GRA,2
ALC,3393,86801039,2026-09-29 10:00:00,Tue,10:00:00,4,4,ALC,5
SAB,3393,86807375,2026-09-29 10:00:00,Tue,10:00:00,0,0,SAB,0
SAB,3393,86807376,2026-09-29 10:30:00,Tue,10:30:00,0,0,SAB,0
ALC,3393,86801040,2026-09-29 10:30:00,Tue,10:30:00,4,4,ALC,6
NOM,3393,86793408,2026-09-29 10:30:00,Tue,10:30:00,6,6,NOM,5
GRA,3393,86799600,2026-09-29 10:30:00,Tue,10:30:00,2,2,GRA,2
MAD,3393,86799840,2026-09-29 10:30:00,Tue,10:30:00,4,4,NEM,4
SAB,3393,86807377,2026-09-29 11:00:00,Tue,11:00:00,0,0,SAB,0
ALC,3393,86801041,2026-09-29 11:00:00,Tue,11:00:00,5,5,ALC,5
NOM,3393,86793409,2026-09-29 11:00:00,Tue,11:00:00,6,6,NOM,6
GRA,3393,86799601,2026-09-29 11:00:00,Tue,11:00:00,2,2,GRA,2
MAD,3393,86799841,2026-09-29 11:00:00,Tue,11:00:00,4,4,NEM,4
SAB,3393,86807378,2026-09-29 11:30:00,Tue,11:30:00,0,0,SAB,0
ALC,3393,86801042,2026-09-29 11:30:00,Tue,11:30:00,5,5,ALC,6
NOM,3393,86793410,2026-09-29 11:30:00,Tue,11:30:00,7,7,NOM,5
MAD,3393,86799842,2026-09-29 11:30:00,Tue,11:30:00,4,4,NEM,4
GRA,3393,86799602,2026-09-29 11:30:00,Tue,11:30:00,3,3,GRA,3
SAB,3393,86807379,2026-09-29 12:00:00,Tue,12:00:00,3,3,SAB,2
ALC,3393,86801043,2026-09-29 12:00:00,Tue,12:00:00,7,7,ALC,8
GRA,3393,86799603,2026-09-29 12:00:00,Tue,12:00:00,3,3,GRA,4
MAD,3393,86799843,2026-09-29 12:00:00,Tue,12:00:00,6,6,NEM,5
NOM,3393,86793411,2026-09-29 12:00:00,Tue,12:00:00,8,8,NOM,7
ALC,3393,86801044,2026-09-29 12:30:00,Tue,12:30:00,8,8,ALC,10
GRA,3393,86799604,2026-09-29 12:30:00,Tue,12:30:00,4,4,GRA,4
NOM,3393,86793412,2026-09-29 12:30:00,Tue,12:30:00,7,7,NOM,8
MAD,3393,86799844,2026-09-29 12:30:00,Tue,12:30:00,7,7,NEM,8
SAB,3393,86807380,2026-09-29 12:30:00,Tue,12:30:00,4,4,SAB,4
MAD,3393,86799845,2026-09-29 13:00:00,Tue,13:00:00,10,10,NEM,12
ALC,3393,86801045,2026-09-29 13:00:00,Tue,13:00:00,11,11,ALC,16
GRA,3393,86799605,2026-09-29 13:00:00,Tue,13:00:00,6,6,GRA,7
NOM,3393,86793413,2026-09-29 13:00:00,Tue,13:00:00,11,11,NOM,13
SAB,3393,86807381,2026-09-29 13:00:00,Tue,13:00:00,5,5,SAB,5
GRA,3393,86799606,2026-09-29 13:30:00,Tue,13:30:00,8,8,GRA,9
NOM,3393,86793414,2026-09-29 13:30:00,Tue,13:30:00,13,13,NOM,15
ALC,3393,86801046,2026-09-29 13:30:00,Tue,13:30:00,16,16,ALC,23
SAB,3393,86807382,2026-09-29 13:30:00,Tue,13:30:00,6,6,SAB,6
MAD,3393,86799846,2026-09-29 13:30:00,Tue,13:30:00,11,11,NEM,14
ALC,3393,86801047,2026-09-29 14:00:00,Tue,14:00:00,16,16,ALC,25
GRA,3393,86799607,2026-09-29 14:00:00,Tue,14:00:00,12,12,GRA,14
NOM,3393,86793415,2026-09-29 14:00:00,Tue,14:00:00,12,12,NOM,14
SAB,3393,86807383,2026-09-29 14:00:00,Tue,14:00:00,6,6,SAB,6
MAD,3393,86799847,2026-09-29 14:00:00,Tue,14:00:00,11,11,NEM,14
ALC,3393,86801048,2026-09-29 14:30:00,Tue,14:30:00,17,17,ALC,26
GRA,3393,86799608,2026-09-29 14:30:00,Tue,14:30:00,12,12,GRA,13
NOM,3393,86793416,2026-09-29 14:30:00,Tue,14:30:00,11,11,NOM,13
MAD,3393,86799848,2026-09-29 14:30:00,Tue,14:30:00,9,9,NEM,12
SAB,3393,86807384,2026-09-29 14:30:00,Tue,14:30:00,6,6,SAB,6
SAB,3393,86807385,2026-09-29 15:00:00,Tue,15:00:00,5,5,SAB,5
NOM,3393,86793417,2026-09-29 15:00:00,Tue,15:00:00,9,9,NOM,10
GRA,3393,86799609,2026-09-29 15:00:00,Tue,15:00:00,10,10,GRA,11
MAD,3393,86799849,2026-09-29 15:00:00,Tue,15:00:00,7,7,NEM,9
ALC,3393,86801049,2026-09-29 15:00:00,Tue,15:00:00,14,14,ALC,21
ALC,3393,86801050,2026-09-29 15:30:00,Tue,15:30:00,11,11,ALC,15
GRA,3393,86799610,2026-09-29 15:30:00,Tue,15:30:00,7,7,GRA,9
MAD,3393,86799850,2026-09-29 15:30:00,Tue,15:30:00,6,6,NEM,7
NOM,3393,86793418,2026-09-29 15:30:00,Tue,15:30:00,8,8,NOM,9
SAB,3393,86807386,2026-09-29 15:30:00,Tue,15:30:00,4,4,SAB,4
GRA,3393,86799611,2026-09-29 16:00:00,Tue,16:00:00,6,6,GRA,6
NOM,3393,86793419,2026-09-29 16:00:00,Tue,16:00:00,6,6,NOM,6
SAB,3393,86807387,2026-09-29 16:00:00,Tue,16:00:00,3,3,SAB,2
ALC,3393,86801051,2026-09-29 16:00:00,Tue,16:00:00,9,9,ALC,11
MAD,3393,86799851,2026-09-29 16:00:00,Tue,16:00:00,4,4,NEM,5
MAD,3393,86799852,2026-09-29 16:30:00,Tue,16:30:00,5,5,NEM,4
ALC,3393,86801052,2026-09-29 16:30:00,Tue,16:30:00,7,7,ALC,8
GRA,3393,86799612,2026-09-29 16:30:00,Tue,16:30:00,5,5,GRA,5
NOM,3393,86793420,2026-09-29 16:30:00,Tue,16:30:00,5,5,NOM,5
SAB,3393,86807388,2026-09-29 16:30:00,Tue,16:30:00,4,4,SAB,4
SAB,3393,86807389,2026-09-29 17:00:00,Tue,17:00:00,4,4,SAB,4
MAD,3393,86799853,2026-09-29 17:00:00,Tue,17:00:00,4,4,NEM,4
NOM,3393,86793421,2026-09-29 17:00:00,Tue,17:00:00,5,5,NOM,5
ALC,3393,86801053,2026-09-29 17:00:00,Tue,17:00:00,7,7,ALC,8
GRA,3393,86799613,2026-09-29 17:00:00,Tue,17:00:00,5,5,GRA,5
MAD,3393,86799854,2026-09-29 17:30:00,Tue,17:30:00,4,4,NEM,4
SAB,3393,86807390,2026-09-29 17:30:00,Tue,17:30:00,3,3,SAB,2
NOM,3393,86793422,2026-09-29 17:30:00,Tue,17:30:00,6,6,NOM,5
ALC,3393,86801054,2026-09-29 17:30:00,Tue,17:30:00,8,8,ALC,9
GRA,3393,86799614,2026-09-29 17:30:00,Tue,17:30:00,5,5,GRA,4
GRA,3393,86799615,2026-09-29 18:00:00,Tue,18:00:00,5,5,GRA,5
SAB,3393,86807391,2026-09-29 18:00:00,Tue,18:00:00,3,3,SAB,2
MAD,3393,86799855,2026-09-29 18:00:00,Tue,18:00:00,5,5,NEM,5
NOM,3393,86793423,2026-09-29 18:00:00,Tue,18:00:00,7,7,NOM,7
ALC,3393,86801055,2026-09-29 18:00:00,Tue,18:00:00,8,8,ALC,10
ALC,3393,86801056,2026-09-29 18:30:00,Tue,18:30:00,9,9,ALC,10
SAB,3393,86807392,2026-09-29 18:30:00,Tue,18:30:00,4,4,SAB,4
MAD,3393,86799856,2026-09-29 18:30:00,Tue,18:30:00,5,5,NEM,6
NOM,3393,86793424,2026-09-29 18:30:00,Tue,18:30:00,8,8,NOM,7
GRA,3393,86799616,2026-09-29 18:30:00,Tue,18:30:00,5,5,GRA,5
SAB,3393,86807393,2026-09-29 19:00:00,Tue,19:00:00,5,5,SAB,5
GRA,3393,86799617,2026-09-29 19:00:00,Tue,19:00:00,5,5,GRA,6
ALC,3393,86801057,2026-09-29 19:00:00,Tue,19:00:00,8,8,ALC,11
MAD,3393,86799857,2026-09-29 19:00:00,Tue,19:00:00,6,6,NEM,7
NOM,3393,86793425,2026-09-29 19:00:00,Tue,19:00:00,8,8,NOM,9
GRA,3393,86799618,2026-09-29 19:30:00,Tue,19:30:00,6,6,GRA,7
ALC,3393,86801058,2026-09-29 19:30:00,Tue,19:30:00,10,10,ALC,15
MAD,3393,86799858,2026-09-29 19:30:00,Tue,19:30:00,7,7,NEM,9
NOM,3393,86793426,2026-09-29 19:30:00,Tue,19:30:00,9,9,NOM,10
SAB,3393,86807394,2026-09-29 19:30:00,Tue,19:30:00,8,8,SAB,7
GRA,3393,86799619,2026-09-29 20:00:00,Tue,20:00:00,8,8,GRA,10
ALC,3393,86801059,2026-09-29 20:00:00,Tue,20:00:00,18,18,ALC,25
MAD,3393,86799859,2026-09-29 20:00:00,Tue,20:00:00,9,9,NEM,12
NOM,3393,86793427,2026-09-29 20:00:00,Tue,20:00:00,12,12,NOM,13
SAB,3393,86807395,2026-09-29 20:00:00,Tue,20:00:00,10,10,SAB,10
SAB,3393,86807396,2026-09-29 20:30:00,Tue,20:30:00,13,13,SAB,12
GRA,3393,86799620,2026-09-29 20:30:00,Tue,20:30:00,12,12,GRA,15
ALC,3393,86801060,2026-09-29 20:30:00,Tue,20:30:00,24,24,ALC,35
MAD,3393,86799860,2026-09-29 20:30:00,Tue,20:30:00,12,12,NEM,15
NOM,3393,86793428,2026-09-29 20:30:00,Tue,20:30:00,15,15,NOM,17
NOM,3393,86793429,2026-09-29 21:00:00,Tue,21:00:00,16,16,NOM,18
MAD,3393,86799861,2026-09-29 21:00:00,Tue,21:00:00,12,12,NEM,15
GRA,3393,86799621,2026-09-29 21:00:00,Tue,21:00:00,17,17,GRA,22
ALC,3393,86801061,2026-09-29 21:00:00,Tue,21:00:00,28,28,ALC,40
SAB,3393,86807397,2026-09-29 21:00:00,Tue,21:00:00,6,6,SAB,6
NOM,3393,86793430,2026-09-29 21:30:00,Tue,21:30:00,13,13,NOM,15
MAD,3393,86799862,2026-09-29 21:30:00,Tue,21:30:00,11,11,NEM,14
GRA,3393,86799622,2026-09-29 21:30:00,Tue,21:30:00,20,20,GRA,25
ALC,3393,86801062,2026-09-29 21:30:00,Tue,21:30:00,28,28,ALC,40
SAB,3393,86807398,2026-09-29 21:30:00,Tue,21:30:00,10,10,SAB,10
NOM,3393,86793431,2026-09-29 22:00:00,Tue,22:00:00,9,9,NOM,10
MAD,3393,86799863,2026-09-29 22:00:00,Tue,22:00:00,8,8,NEM,10
GRA,3393,86799623,2026-09-29 22:00:00,Tue,22:00:00,17,17,GRA,21
SAB,3393,86807399,2026-09-29 22:00:00,Tue,22:00:00,8,8,SAB,7
ALC,3393,86801063,2026-09-29 22:00:00,Tue,22:00:00,22,22,ALC,31
NOM,3393,86793432,2026-09-29 22:30:00,Tue,22:30:00,5,5,NOM,6
MAD,3393,86799864,2026-09-29 22:30:00,Tue,22:30:00,6,6,NEM,6
ALC,3393,86801064,2026-09-29 22:30:00,Tue,22:30:00,14,14,ALC,19
SAB,3393,86807400,2026-09-29 22:30:00,Tue,22:30:00,3,3,SAB,2
GRA,3393,86799624,2026-09-29 22:30:00,Tue,22:30:00,14,14,GRA,17
MAD,3393,86799865,2026-09-29 23:00:00,Tue,23:00:00,3,3,NEM,3
ALC,3393,86801065,2026-09-29 23:00:00,Tue,23:00:00,9,9,ALC,10
GRA,3393,86799625,2026-09-29 23:00:00,Tue,23:00:00,11,11,GRA,10
SAB,3393,86807401,2026-09-29 23:00:00,Tue,23:00:00,1,1,SAB,1
NOM,3393,86793433,2026-09-29 23:00:00,Tue,23:00:00,3,3,NOM,2
SAB,3393,86807402,2026-09-29 23:30:00,Tue,23:30:00,1,1,SAB,1
MAD,3393,86799866,2026-09-29 23:30:00,Tue,23:30:00,2,2,NEM,1
ALC,3393,86801066,2026-09-29 23:30:00,Tue,23:30:00,5,5,ALC,6
GRA,3393,86799626,2026-09-29 23:30:00,Tue,23:30:00,6,6,GRA,6
NOM,3393,86793434,2026-09-29 23:30:00,Tue,23:30:00,1,1,NOM,1
ALC,3393,86801067,2026-09-30 00:00:00,Wed,00:00:00,2,2,ALC,2
GRA,3393,86799627,2026-09-30 00:00:00,Wed,00:00:00,3,3,GRA,2
MAD,3393,86799867,2026-09-30 00:00:00,Wed,00:00:00,1,1,NEM,1
NOM,3393,86793435,2026-09-30 00:00:00,Wed,00:00:00,0,0,NOM,0
SAB,3393,86807403,2026-09-30 00:00:00,Wed,00:00:00,0,0,SAB,0
MAD,3393,86799868,2026-09-30 00:30:00,Wed,00:30:00,0,0,NEM,0
ALC,3393,86801068,2026-09-30 00:30:00,Wed,00:30:00,1,1,ALC,1
GRA,3393,86799628,2026-09-30 00:30:00,Wed,00:30:00,1,1,GRA,1
NOM,3393,86793436,2026-09-30 00:30:00,Wed,00:30:00,0,0,NOM,0
SAB,3393,86807404,2026-09-30 00:30:00,Wed,00:30:00,0,0,SAB,0
MAD,3393,86799869,2026-09-30 01:00:00,Wed,01:00:00,0,0,NEM,0
ALC,3393,86801069,2026-09-30 01:00:00,Wed,01:00:00,0,0,ALC,0
GRA,3393,86799629,2026-09-30 01:00:00,Wed,01:00:00,0,0,GRA,0
SAB,3393,86807405,2026-09-30 01:00:00,Wed,01:00:00,0,0,SAB,0
NOM,3393,86793437,2026-09-30 01:00:00,Wed,01:00:00,0,0,NOM,0
NOM,3393,86793438,2026-09-30 01:30:00,Wed,01:30:00,0,0,NOM,0
GRA,3393,86799630,2026-09-30 01:30:00,Wed,01:30:00,0,0,GRA,0
ALC,3393,86801070,2026-09-30 01:30:00,Wed,01:30:00,0,0,ALC,0
SAB,3393,86807406,2026-09-30 01:30:00,Wed,01:30:00,0,0,SAB,0
MAD,3393,86799870,2026-09-30 01:30:00,Wed,01:30:00,0,0,NEM,0
MAD,3393,86832511,2026-09-30 02:00:00,Wed,02:00:00,0,0,NEM,0
ALC,3393,86836351,2026-09-30 02:00:00,Wed,02:00:00,0,0,ALC,0
SAB,3393,86835247,2026-09-30 02:00:00,Wed,02:00:00,0,0,SAB,0
GRA,3393,86832271,2026-09-30 02:00:00,Wed,02:00:00,0,0,GRA,0
NOM,3393,86833759,2026-09-30 02:00:00,Wed,02:00:00,0,0,NOM,0
ALC,3393,86836352,2026-09-30 02:30:00,Wed,02:30:00,0,0,ALC,0
GRA,3393,86832272,2026-09-30 02:30:00,Wed,02:30:00,0,0,GRA,0
NOM,3393,86833760,2026-09-30 02:30:00,Wed,02:30:00,0,0,NOM,0
MAD,3393,86832512,2026-09-30 02:30:00,Wed,02:30:00,0,0,NEM,0
SAB,3393,86835248,2026-09-30 02:30:00,Wed,02:30:00,0,0,SAB,0
SAB,3393,86835249,2026-09-30 03:00:00,Wed,03:00:00,0,0,SAB,0
MAD,3393,86832513,2026-09-30 03:00:00,Wed,03:00:00,0,0,NEM,0
ALC,3393,86836353,2026-09-30 03:00:00,Wed,03:00:00,0,0,ALC,0
GRA,3393,86832273,2026-09-30 03:00:00,Wed,03:00:00,0,0,GRA,0
NOM,3393,86833761,2026-09-30 03:00:00,Wed,03:00:00,0,0,NOM,0
NOM,3393,86833762,2026-09-30 03:30:00,Wed,03:30:00,0,0,NOM,0
SAB,3393,86835250,2026-09-30 03:30:00,Wed,03:30:00,0,0,SAB,0
GRA,3393,86832274,2026-09-30 03:30:00,Wed,03:30:00,0,0,GRA,0
MAD,3393,86832514,2026-09-30 03:30:00,Wed,03:30:00,0,0,NEM,0
ALC,3393,86836354,2026-09-30 03:30:00,Wed,03:30:00,0,0,ALC,0
SAB,3393,86835251,2026-09-30 04:00:00,Wed,04:00:00,0,0,SAB,0
NOM,3393,86833763,2026-09-30 04:00:00,Wed,04:00:00,0,0,NOM,0
GRA,3393,86832275,2026-09-30 04:00:00,Wed,04:00:00,0,0,GRA,0
MAD,3393,86832515,2026-09-30 04:00:00,Wed,04:00:00,0,0,NEM,0
ALC,3393,86836355,2026-09-30 04:00:00,Wed,04:00:00,0,0,ALC,0
ALC,3393,86836356,2026-09-30 04:30:00,Wed,04:30:00,0,0,ALC,0
NOM,3393,86833764,2026-09-30 04:30:00,Wed,04:30:00,0,0,NOM,0
SAB,3393,86835252,2026-09-30 04:30:00,Wed,04:30:00,0,0,SAB,0
GRA,3393,86832276,2026-09-30 04:30:00,Wed,04:30:00,0,0,GRA,0
MAD,3393,86832516,2026-09-30 04:30:00,Wed,04:30:00,0,0,NEM,0
MAD,3393,86832517,2026-09-30 05:00:00,Wed,05:00:00,0,0,NEM,0
NOM,3393,86833765,2026-09-30 05:00:00,Wed,05:00:00,0,0,NOM,0
SAB,3393,86835253,2026-09-30 05:00:00,Wed,05:00:00,0,0,SAB,0
GRA,3393,86832277,2026-09-30 05:00:00,Wed,05:00:00,0,0,GRA,0
ALC,3393,86836357,2026-09-30 05:00:00,Wed,05:00:00,0,0,ALC,0
NOM,3393,86833766,2026-09-30 05:30:00,Wed,05:30:00,0,0,NOM,0
ALC,3393,86836358,2026-09-30 05:30:00,Wed,05:30:00,0,0,ALC,0
MAD,3393,86832518,2026-09-30 05:30:00,Wed,05:30:00,0,0,NEM,0
SAB,3393,86835254,2026-09-30 05:30:00,Wed,05:30:00,0,0,SAB,0
GRA,3393,86832278,2026-09-30 05:30:00,Wed,05:30:00,0,0,GRA,0
ALC,3393,86836359,2026-09-30 06:00:00,Wed,06:00:00,0,0,ALC,0
MAD,3393,86832519,2026-09-30 06:00:00,Wed,06:00:00,0,0,NEM,0
SAB,3393,86835255,2026-09-30 06:00:00,Wed,06:00:00,0,0,SAB,0
GRA,3393,86832279,2026-09-30 06:00:00,Wed,06:00:00,0,0,GRA,0
NOM,3393,86833767,2026-09-30 06:00:00,Wed,06:00:00,0,0,NOM,0
ALC,3393,86836360,2026-09-30 06:30:00,Wed,06:30:00,0,0,ALC,0
MAD,3393,86832520,2026-09-30 06:30:00,Wed,06:30:00,0,0,NEM,0
SAB,3393,86835256,2026-09-30 06:30:00,Wed,06:30:00,0,0,SAB,0
GRA,3393,86832280,2026-09-30 06:30:00,Wed,06:30:00,0,0,GRA,0
NOM,3393,86833768,2026-09-30 06:30:00,Wed,06:30:00,0,0,NOM,0
NOM,3393,86833769,2026-09-30 07:00:00,Wed,07:00:00,0,0,NOM,0
ALC,3393,86836361,2026-09-30 07:00:00,Wed,07:00:00,0,0,ALC,0
MAD,3393,86832521,2026-09-30 07:00:00,Wed,07:00:00,0,0,NEM,0
SAB,3393,86835257,2026-09-30 07:00:00,Wed,07:00:00,0,0,SAB,0
GRA,3393,86832281,2026-09-30 07:00:00,Wed,07:00:00,0,0,GRA,0
GRA,3393,86832282,2026-09-30 07:30:00,Wed,07:30:00,0,0,GRA,0
SAB,3393,86835258,2026-09-30 07:30:00,Wed,07:30:00,0,0,SAB,0
ALC,3393,86836362,2026-09-30 07:30:00,Wed,07:30:00,0,0,ALC,0
MAD,3393,86832522,2026-09-30 07:30:00,Wed,07:30:00,0,0,NEM,0
NOM,3393,86833770,2026-09-30 07:30:00,Wed,07:30:00,0,0,NOM,0
GRA,3393,86832283,2026-09-30 08:00:00,Wed,08:00:00,0,0,GRA,0
SAB,3393,86835259,2026-09-30 08:00:00,Wed,08:00:00,0,0,SAB,0
ALC,3393,86836363,2026-09-30 08:00:00,Wed,08:00:00,0,0,ALC,0
MAD,3393,86832523,2026-09-30 08:00:00,Wed,08:00:00,1,1,NEM,1
NOM,3393,86833771,2026-09-30 08:00:00,Wed,08:00:00,0,0,NOM,0
GRA,3393,86832284,2026-09-30 08:30:00,Wed,08:30:00,1,1,GRA,0
SAB,3393,86835260,2026-09-30 08:30:00,Wed,08:30:00,0,0,SAB,0
ALC,3393,86836364,2026-09-30 08:30:00,Wed,08:30:00,1,1,ALC,1
NOM,3393,86833772,2026-09-30 08:30:00,Wed,08:30:00,2,2,NOM,2
MAD,3393,86832524,2026-09-30 08:30:00,Wed,08:30:00,1,1,NEM,1
GRA,3393,86832285,2026-09-30 09:00:00,Wed,09:00:00,1,1,GRA,1
SAB,3393,86835261,2026-09-30 09:00:00,Wed,09:00:00,0,0,SAB,0
MAD,3393,86832525,2026-09-30 09:00:00,Wed,09:00:00,2,2,NEM,2
NOM,3393,86833773,2026-09-30 09:00:00,Wed,09:00:00,3,3,NOM,3
ALC,3393,86836365,2026-09-30 09:00:00,Wed,09:00:00,2,2,ALC,2
SAB,3393,86835262,2026-09-30 09:30:00,Wed,09:30:00,0,0,SAB,0
MAD,3393,86832526,2026-09-30 09:30:00,Wed,09:30:00,4,4,NEM,3
ALC,3393,86836366,2026-09-30 09:30:00,Wed,09:30:00,3,3,ALC,3
NOM,3393,86833774,2026-09-30 09:30:00,Wed,09:30:00,4,4,NOM,4
GRA,3393,86832286,2026-09-30 09:30:00,Wed,09:30:00,2,2,GRA,1
NOM,3393,86833775,2026-09-30 10:00:00,Wed,10:00:00,5,5,NOM,5
SAB,3393,86835263,2026-09-30 10:00:00,Wed,10:00:00,0,0,SAB,0
MAD,3393,86832527,2026-09-30 10:00:00,Wed,10:00:00,4,4,NEM,4
ALC,3393,86836367,2026-09-30 10:00:00,Wed,10:00:00,5,5,ALC,6
GRA,3393,86832287,2026-09-30 10:00:00,Wed,10:00:00,2,2,GRA,2
MAD,3393,86832528,2026-09-30 10:30:00,Wed,10:30:00,4,4,NEM,4
ALC,3393,86836368,2026-09-30 10:30:00,Wed,10:30:00,5,5,ALC,5
SAB,3393,86835264,2026-09-30 10:30:00,Wed,10:30:00,0,0,SAB,0
GRA,3393,86832288,2026-09-30 10:30:00,Wed,10:30:00,2,2,GRA,3
NOM,3393,86833776,2026-09-30 10:30:00,Wed,10:30:00,6,6,NOM,5
SAB,3393,86835265,2026-09-30 11:00:00,Wed,11:00:00,0,0,SAB,0
MAD,3393,86832529,2026-09-30 11:00:00,Wed,11:00:00,4,4,NEM,4
ALC,3393,86836369,2026-09-30 11:00:00,Wed,11:00:00,6,6,ALC,6
GRA,3393,86832289,2026-09-30 11:00:00,Wed,11:00:00,2,2,GRA,2
NOM,3393,86833777,2026-09-30 11:00:00,Wed,11:00:00,6,6,NOM,6
SAB,3393,86835266,2026-09-30 11:30:00,Wed,11:30:00,0,0,SAB,0
MAD,3393,86832530,2026-09-30 11:30:00,Wed,11:30:00,4,4,NEM,4
ALC,3393,86836370,2026-09-30 11:30:00,Wed,11:30:00,6,6,ALC,6
NOM,3393,86833778,2026-09-30 11:30:00,Wed,11:30:00,7,7,NOM,6
GRA,3393,86832290,2026-09-30 11:30:00,Wed,11:30:00,3,3,GRA,2
GRA,3393,86832291,2026-09-30 12:00:00,Wed,12:00:00,4,4,GRA,3
ALC,3393,86836371,2026-09-30 12:00:00,Wed,12:00:00,8,8,ALC,8
MAD,3393,86832531,2026-09-30 12:00:00,Wed,12:00:00,6,6,NEM,6
NOM,3393,86833779,2026-09-30 12:00:00,Wed,12:00:00,7,7,NOM,6
SAB,3393,86835267,2026-09-30 12:00:00,Wed,12:00:00,3,3,SAB,2
SAB,3393,86835268,2026-09-30 12:30:00,Wed,12:30:00,4,4,SAB,4
MAD,3393,86832532,2026-09-30 12:30:00,Wed,12:30:00,8,8,NEM,9
NOM,3393,86833780,2026-09-30 12:30:00,Wed,12:30:00,8,8,NOM,9
ALC,3393,86836372,2026-09-30 12:30:00,Wed,12:30:00,8,8,ALC,11
GRA,3393,86832292,2026-09-30 12:30:00,Wed,12:30:00,4,4,GRA,4
MAD,3393,86832533,2026-09-30 13:00:00,Wed,13:00:00,11,11,NEM,14
ALC,3393,86836373,2026-09-30 13:00:00,Wed,13:00:00,11,11,ALC,16
GRA,3393,86832293,2026-09-30 13:00:00,Wed,13:00:00,6,6,GRA,6
SAB,3393,86835269,2026-09-30 13:00:00,Wed,13:00:00,5,5,SAB,5
NOM,3393,86833781,2026-09-30 13:00:00,Wed,13:00:00,11,11,NOM,12
NOM,3393,86833782,2026-09-30 13:30:00,Wed,13:30:00,14,14,NOM,16
SAB,3393,86835270,2026-09-30 13:30:00,Wed,13:30:00,8,8,SAB,7
MAD,3393,86832534,2026-09-30 13:30:00,Wed,13:30:00,12,12,NEM,16
ALC,3393,86836374,2026-09-30 13:30:00,Wed,13:30:00,15,15,ALC,22
GRA,3393,86832294,2026-09-30 13:30:00,Wed,13:30:00,10,10,GRA,11
GRA,3393,86832295,2026-09-30 14:00:00,Wed,14:00:00,12,12,GRA,13
NOM,3393,86833783,2026-09-30 14:00:00,Wed,14:00:00,15,15,NOM,17
ALC,3393,86836375,2026-09-30 14:00:00,Wed,14:00:00,19,19,ALC,29
SAB,3393,86835271,2026-09-30 14:00:00,Wed,14:00:00,8,8,SAB,7
MAD,3393,86832535,2026-09-30 14:00:00,Wed,14:00:00,11,11,NEM,14
NOM,3393,86833784,2026-09-30 14:30:00,Wed,14:30:00,13,13,NOM,15
GRA,3393,86832296,2026-09-30 14:30:00,Wed,14:30:00,12,12,GRA,15
ALC,3393,86836376,2026-09-30 14:30:00,Wed,14:30:00,19,19,ALC,30
SAB,3393,86835272,2026-09-30 14:30:00,Wed,14:30:00,6,6,SAB,6
MAD,3393,86832536,2026-09-30 14:30:00,Wed,14:30:00,10,10,NEM,13
MAD,3393,86832537,2026-09-30 15:00:00,Wed,15:00:00,7,7,NEM,8
GRA,3393,86832297,2026-09-30 15:00:00,Wed,15:00:00,11,11,GRA,12
NOM,3393,86833785,2026-09-30 15:00:00,Wed,15:00:00,10,10,NOM,11
ALC,3393,86836377,2026-09-30 15:00:00,Wed,15:00:00,15,15,ALC,23
SAB,3393,86835273,2026-09-30 15:00:00,Wed,15:00:00,6,6,SAB,6
SAB,3393,86835274,2026-09-30 15:30:00,Wed,15:30:00,4,4,SAB,4
GRA,3393,86832298,2026-09-30 15:30:00,Wed,15:30:00,7,7,GRA,9
NOM,3393,86833786,2026-09-30 15:30:00,Wed,15:30:00,7,7,NOM,7
ALC,3393,86836378,2026-09-30 15:30:00,Wed,15:30:00,12,12,ALC,17
MAD,3393,86832538,2026-09-30 15:30:00,Wed,15:30:00,6,6,NEM,7
GRA,3393,86832299,2026-09-30 16:00:00,Wed,16:00:00,5,5,GRA,5
MAD,3393,86832539,2026-09-30 16:00:00,Wed,16:00:00,4,4,NEM,5
SAB,3393,86835275,2026-09-30 16:00:00,Wed,16:00:00,4,4,SAB,4
NOM,3393,86833787,2026-09-30 16:00:00,Wed,16:00:00,6,6,NOM,6
ALC,3393,86836379,2026-09-30 16:00:00,Wed,16:00:00,8,8,ALC,10
MAD,3393,86832540,2026-09-30 16:30:00,Wed,16:30:00,4,4,NEM,4
SAB,3393,86835276,2026-09-30 16:30:00,Wed,16:30:00,3,3,SAB,2
NOM,3393,86833788,2026-09-30 16:30:00,Wed,16:30:00,6,6,NOM,5
ALC,3393,86836380,2026-09-30 16:30:00,Wed,16:30:00,7,7,ALC,9
GRA,3393,86832300,2026-09-30 16:30:00,Wed,16:30:00,5,5,GRA,5
MAD,3393,86832541,2026-09-30 17:00:00,Wed,17:00:00,4,4,NEM,4
SAB,3393,86835277,2026-09-30 17:00:00,Wed,17:00:00,4,4,SAB,4
NOM,3393,86833789,2026-09-30 17:00:00,Wed,17:00:00,5,5,NOM,5
ALC,3393,86836381,2026-09-30 17:00:00,Wed,17:00:00,7,7,ALC,8
GRA,3393,86832301,2026-09-30 17:00:00,Wed,17:00:00,5,5,GRA,4
GRA,3393,86832302,2026-09-30 17:30:00,Wed,17:30:00,5,5,GRA,5
MAD,3393,86832542,2026-09-30 17:30:00,Wed,17:30:00,4,4,NEM,4
SAB,3393,86835278,2026-09-30 17:30:00,Wed,17:30:00,3,3,SAB,2
NOM,3393,86833790,2026-09-30 17:30:00,Wed,17:30:00,6,6,NOM,6
ALC,3393,86836382,2026-09-30 17:30:00,Wed,17:30:00,7,7,ALC,8
ALC,3393,86836383,2026-09-30 18:00:00,Wed,18:00:00,9,9,ALC,10
NOM,3393,86833791,2026-09-30 18:00:00,Wed,18:00:00,7,7,NOM,7
MAD,3393,86832543,2026-09-30 18:00:00,Wed,18:00:00,4,4,NEM,5
SAB,3393,86835279,2026-09-30 18:00:00,Wed,18:00:00,3,3,SAB,2
GRA,3393,86832303,2026-09-30 18:00:00,Wed,18:00:00,6,6,GRA,5
ALC,3393,86836384,2026-09-30 18:30:00,Wed,18:30:00,9,9,ALC,10
NOM,3393,86833792,2026-09-30 18:30:00,Wed,18:30:00,8,8,NOM,8
MAD,3393,86832544,2026-09-30 18:30:00,Wed,18:30:00,5,5,NEM,6
SAB,3393,86835280,2026-09-30 18:30:00,Wed,18:30:00,3,3,SAB,2
GRA,3393,86832304,2026-09-30 18:30:00,Wed,18:30:00,5,5,GRA,5
ALC,3393,86836385,2026-09-30 19:00:00,Wed,19:00:00,10,10,ALC,14
NOM,3393,86833793,2026-09-30 19:00:00,Wed,19:00:00,8,8,NOM,9
MAD,3393,86832545,2026-09-30 19:00:00,Wed,19:00:00,6,6,NEM,7
GRA,3393,86832305,2026-09-30 19:00:00,Wed,19:00:00,5,5,GRA,5
SAB,3393,86835281,2026-09-30 19:00:00,Wed,19:00:00,4,4,SAB,4
ALC,3393,86836386,2026-09-30 19:30:00,Wed,19:30:00,13,13,ALC,18
NOM,3393,86833794,2026-09-30 19:30:00,Wed,19:30:00,10,10,NOM,11
SAB,3393,86835282,2026-09-30 19:30:00,Wed,19:30:00,5,5,SAB,5
GRA,3393,86832306,2026-09-30 19:30:00,Wed,19:30:00,5,5,GRA,6
MAD,3393,86832546,2026-09-30 19:30:00,Wed,19:30:00,8,8,NEM,10
NOM,3393,86833795,2026-09-30 20:00:00,Wed,20:00:00,14,14,NOM,16
SAB,3393,86835283,2026-09-30 20:00:00,Wed,20:00:00,10,10,SAB,10
MAD,3393,86832547,2026-09-30 20:00:00,Wed,20:00:00,11,11,NEM,13
GRA,3393,86832307,2026-09-30 20:00:00,Wed,20:00:00,9,9,GRA,11
ALC,3393,86836387,2026-09-30 20:00:00,Wed,20:00:00,19,19,ALC,27
GRA,3393,86832308,2026-09-30 20:30:00,Wed,20:30:00,14,14,GRA,18
NOM,3393,86833796,2026-09-30 20:30:00,Wed,20:30:00,17,17,NOM,19
SAB,3393,86835284,2026-09-30 20:30:00,Wed,20:30:00,11,11,SAB,11
MAD,3393,86832548,2026-09-30 20:30:00,Wed,20:30:00,14,14,NEM,17
ALC,3393,86836388,2026-09-30 20:30:00,Wed,20:30:00,26,26,ALC,37
SAB,3393,86835285,2026-09-30 21:00:00,Wed,21:00:00,5,5,SAB,5
MAD,3393,86832549,2026-09-30 21:00:00,Wed,21:00:00,15,15,NEM,18
NOM,3393,86833797,2026-09-30 21:00:00,Wed,21:00:00,17,17,NOM,22
ALC,3393,86836389,2026-09-30 21:00:00,Wed,21:00:00,30,30,ALC,46
GRA,3393,86832309,2026-09-30 21:00:00,Wed,21:00:00,20,20,GRA,26
NOM,3393,86833798,2026-09-30 21:30:00,Wed,21:30:00,14,14,NOM,17
SAB,3393,86835286,2026-09-30 21:30:00,Wed,21:30:00,9,9,SAB,9
MAD,3393,86832550,2026-09-30 21:30:00,Wed,21:30:00,12,12,NEM,15
ALC,3393,86836390,2026-09-30 21:30:00,Wed,21:30:00,30,30,ALC,43
GRA,3393,86832310,2026-09-30 21:30:00,Wed,21:30:00,21,21,GRA,27
NOM,3393,86833799,2026-09-30 22:00:00,Wed,22:00:00,9,9,NOM,10
SAB,3393,86835287,2026-09-30 22:00:00,Wed,22:00:00,10,10,SAB,10
MAD,3393,86832551,2026-09-30 22:00:00,Wed,22:00:00,8,8,NEM,10
GRA,3393,86832311,2026-09-30 22:00:00,Wed,22:00:00,19,19,GRA,24
ALC,3393,86836391,2026-09-30 22:00:00,Wed,22:00:00,24,24,ALC,34
ALC,3393,86836392,2026-09-30 22:30:00,Wed,22:30:00,16,16,ALC,22
MAD,3393,86832552,2026-09-30 22:30:00,Wed,22:30:00,5,5,NEM,6
SAB,3393,86835288,2026-09-30 22:30:00,Wed,22:30:00,5,5,SAB,5
GRA,3393,86832312,2026-09-30 22:30:00,Wed,22:30:00,14,14,GRA,17
NOM,3393,86833800,2026-09-30 22:30:00,Wed,22:30:00,5,5,NOM,5
NOM,3393,86833801,2026-09-30 23:00:00,Wed,23:00:00,3,3,NOM,2
SAB,3393,86835289,2026-09-30 23:00:00,Wed,23:00:00,1,1,SAB,1
GRA,3393,86832313,2026-09-30 23:00:00,Wed,23:00:00,12,12,GRA,11
MAD,3393,86832553,2026-09-30 23:00:00,Wed,23:00:00,3,3,NEM,3
ALC,3393,86836393,2026-09-30 23:00:00,Wed,23:00:00,10,10,ALC,11
SAB,3393,86835290,2026-09-30 23:30:00,Wed,23:30:00,1,1,SAB,1
MAD,3393,86832554,2026-09-30 23:30:00,Wed,23:30:00,2,2,NEM,1
ALC,3393,86836394,2026-09-30 23:30:00,Wed,23:30:00,5,5,ALC,5
NOM,3393,86833802,2026-09-30 23:30:00,Wed,23:30:00,1,1,NOM,1
GRA,3393,86832314,2026-09-30 23:30:00,Wed,23:30:00,6,6,GRA,5
GRA,3393,86832315,2026-10-01 00:00:00,Thu,00:00:00,2,2,GRA,2
NOM,3393,86833803,2026-10-01 00:00:00,Thu,00:00:00,0,0,NOM,0
SAB,3393,86835291,2026-10-01 00:00:00,Thu,00:00:00,0,0,SAB,0
MAD,3393,86832555,2026-10-01 00:00:00,Thu,00:00:00,1,1,NEM,1
ALC,3393,86836395,2026-10-01 00:00:00,Thu,00:00:00,2,2,ALC,2
ALC,3393,86836396,2026-10-01 00:30:00,Thu,00:30:00,1,1,ALC,1
GRA,3393,86832316,2026-10-01 00:30:00,Thu,00:30:00,1,1,GRA,1
MAD,3393,86832556,2026-10-01 00:30:00,Thu,00:30:00,0,0,NEM,0
NOM,3393,86833804,2026-10-01 00:30:00,Thu,00:30:00,0,0,NOM,0
SAB,3393,86835292,2026-10-01 00:30:00,Thu,00:30:00,0,0,SAB,0
GRA,3393,86832317,2026-10-01 01:00:00,Thu,01:00:00,0,0,GRA,0
ALC,3393,86836397,2026-10-01 01:00:00,Thu,01:00:00,0,0,ALC,0
MAD,3393,86832557,2026-10-01 01:00:00,Thu,01:00:00,0,0,NEM,0
NOM,3393,86833805,2026-10-01 01:00:00,Thu,01:00:00,0,0,NOM,0
SAB,3393,86835293,2026-10-01 01:00:00,Thu,01:00:00,0,0,SAB,0
SAB,3393,86835294,2026-10-01 01:30:00,Thu,01:30:00,0,0,SAB,0
ALC,3393,86836398,2026-10-01 01:30:00,Thu,01:30:00,0,0,ALC,0
GRA,3393,86832318,2026-10-01 01:30:00,Thu,01:30:00,0,0,GRA,0
MAD,3393,86832558,2026-10-01 01:30:00,Thu,01:30:00,0,0,NEM,0
NOM,3393,86833806,2026-10-01 01:30:00,Thu,01:30:00,0,0,NOM,0
NOM,3393,86875759,2026-10-01 02:00:00,Thu,02:00:00,0,0,NOM,0
ALC,3393,86863999,2026-10-01 02:00:00,Thu,02:00:00,0,0,ALC,0
GRA,3393,86865199,2026-10-01 02:00:00,Thu,02:00:00,0,0,GRA,0
MAD,3393,86865439,2026-10-01 02:00:00,Thu,02:00:00,0,0,NEM,0
SAB,3393,86869663,2026-10-01 02:00:00,Thu,02:00:00,0,0,SAB,0
ALC,3393,86864000,2026-10-01 02:30:00,Thu,02:30:00,0,0,ALC,0
SAB,3393,86869664,2026-10-01 02:30:00,Thu,02:30:00,0,0,SAB,0
NOM,3393,86875760,2026-10-01 02:30:00,Thu,02:30:00,0,0,NOM,0
GRA,3393,86865200,2026-10-01 02:30:00,Thu,02:30:00,0,0,GRA,0
MAD,3393,86865440,2026-10-01 02:30:00,Thu,02:30:00,0,0,NEM,0
SAB,3393,86869665,2026-10-01 03:00:00,Thu,03:00:00,0,0,SAB,0
NOM,3393,86875761,2026-10-01 03:00:00,Thu,03:00:00,0,0,NOM,0
GRA,3393,86865201,2026-10-01 03:00:00,Thu,03:00:00,0,0,GRA,0
MAD,3393,86865441,2026-10-01 03:00:00,Thu,03:00:00,0,0,NEM,0
ALC,3393,86864001,2026-10-01 03:00:00,Thu,03:00:00,0,0,ALC,0
SAB,3393,86869666,2026-10-01 03:30:00,Thu,03:30:00,0,0,SAB,0
NOM,3393,86875762,2026-10-01 03:30:00,Thu,03:30:00,0,0,NOM,0
GRA,3393,86865202,2026-10-01 03:30:00,Thu,03:30:00,0,0,GRA,0
MAD,3393,86865442,2026-10-01 03:30:00,Thu,03:30:00,0,0,NEM,0
ALC,3393,86864002,2026-10-01 03:30:00,Thu,03:30:00,0,0,ALC,0
ALC,3393,86864003,2026-10-01 04:00:00,Thu,04:00:00,0,0,ALC,0
SAB,3393,86869667,2026-10-01 04:00:00,Thu,04:00:00,0,0,SAB,0
NOM,3393,86875763,2026-10-01 04:00:00,Thu,04:00:00,0,0,NOM,0
GRA,3393,86865203,2026-10-01 04:00:00,Thu,04:00:00,0,0,GRA,0
MAD,3393,86865443,2026-10-01 04:00:00,Thu,04:00:00,0,0,NEM,0
MAD,3393,86865444,2026-10-01 04:30:00,Thu,04:30:00,0,0,NEM,0
GRA,3393,86865204,2026-10-01 04:30:00,Thu,04:30:00,0,0,GRA,0
SAB,3393,86869668,2026-10-01 04:30:00,Thu,04:30:00,0,0,SAB,0
NOM,3393,86875764,2026-10-01 04:30:00,Thu,04:30:00,0,0,NOM,0
ALC,3393,86864004,2026-10-01 04:30:00,Thu,04:30:00,0,0,ALC,0
MAD,3393,86865445,2026-10-01 05:00:00,Thu,05:00:00,0,0,NEM,0
GRA,3393,86865205,2026-10-01 05:00:00,Thu,05:00:00,0,0,GRA,0
SAB,3393,86869669,2026-10-01 05:00:00,Thu,05:00:00,0,0,SAB,0
NOM,3393,86875765,2026-10-01 05:00:00,Thu,05:00:00,0,0,NOM,0
ALC,3393,86864005,2026-10-01 05:00:00,Thu,05:00:00,0,0,ALC,0
MAD,3393,86865446,2026-10-01 05:30:00,Thu,05:30:00,0,0,NEM,0
GRA,3393,86865206,2026-10-01 05:30:00,Thu,05:30:00,0,0,GRA,0
SAB,3393,86869670,2026-10-01 05:30:00,Thu,05:30:00,0,0,SAB,0
ALC,3393,86864006,2026-10-01 05:30:00,Thu,05:30:00,0,0,ALC,0
NOM,3393,86875766,2026-10-01 05:30:00,Thu,05:30:00,0,0,NOM,0
MAD,3393,86865447,2026-10-01 06:00:00,Thu,06:00:00,0,0,NEM,0
GRA,3393,86865207,2026-10-01 06:00:00,Thu,06:00:00,0,0,GRA,0
NOM,3393,86875767,2026-10-01 06:00:00,Thu,06:00:00,0,0,NOM,0
ALC,3393,86864007,2026-10-01 06:00:00,Thu,06:00:00,0,0,ALC,0
SAB,3393,86869671,2026-10-01 06:00:00,Thu,06:00:00,0,0,SAB,0
GRA,3393,86865208,2026-10-01 06:30:00,Thu,06:30:00,0,0,GRA,0
NOM,3393,86875768,2026-10-01 06:30:00,Thu,06:30:00,0,0,NOM,0
SAB,3393,86869672,2026-10-01 06:30:00,Thu,06:30:00,0,0,SAB,0
ALC,3393,86864008,2026-10-01 06:30:00,Thu,06:30:00,0,0,ALC,0
MAD,3393,86865448,2026-10-01 06:30:00,Thu,06:30:00,0,0,NEM,0
ALC,3393,86864009,2026-10-01 07:00:00,Thu,07:00:00,0,0,ALC,0
GRA,3393,86865209,2026-10-01 07:00:00,Thu,07:00:00,0,0,GRA,0
NOM,3393,86875769,2026-10-01 07:00:00,Thu,07:00:00,0,0,NOM,0
SAB,3393,86869673,2026-10-01 07:00:00,Thu,07:00:00,0,0,SAB,0
MAD,3393,86865449,2026-10-01 07:00:00,Thu,07:00:00,0,0,NEM,0
NOM,3393,86875770,2026-10-01 07:30:00,Thu,07:30:00,0,0,NOM,0
SAB,3393,86869674,2026-10-01 07:30:00,Thu,07:30:00,0,0,SAB,0
GRA,3393,86865210,2026-10-01 07:30:00,Thu,07:30:00,0,0,GRA,0
MAD,3393,86865450,2026-10-01 07:30:00,Thu,07:30:00,0,0,NEM,0
ALC,3393,86864010,2026-10-01 07:30:00,Thu,07:30:00,0,0,ALC,0
GRA,3393,86865211,2026-10-01 08:00:00,Thu,08:00:00,0,0,GRA,0
NOM,3393,86875771,2026-10-01 08:00:00,Thu,08:00:00,0,0,NOM,0
SAB,3393,86869675,2026-10-01 08:00:00,Thu,08:00:00,0,0,SAB,0
MAD,3393,86865451,2026-10-01 08:00:00,Thu,08:00:00,1,1,NEM,1
ALC,3393,86864011,2026-10-01 08:00:00,Thu,08:00:00,0,0,ALC,0
GRA,3393,86865212,2026-10-01 08:30:00,Thu,08:30:00,1,1,GRA,0
NOM,3393,86875772,2026-10-01 08:30:00,Thu,08:30:00,1,1,NOM,1
SAB,3393,86869676,2026-10-01 08:30:00,Thu,08:30:00,0,0,SAB,0
ALC,3393,86864012,2026-10-01 08:30:00,Thu,08:30:00,1,1,ALC,1
MAD,3393,86865452,2026-10-01 08:30:00,Thu,08:30:00,1,1,NEM,1
MAD,3393,86865453,2026-10-01 09:00:00,Thu,09:00:00,3,3,NEM,2
SAB,3393,86869677,2026-10-01 09:00:00,Thu,09:00:00,0,0,SAB,0
NOM,3393,86875773,2026-10-01 09:00:00,Thu,09:00:00,4,4,NOM,3
ALC,3393,86864013,2026-10-01 09:00:00,Thu,09:00:00,3,3,ALC,3
GRA,3393,86865213,2026-10-01 09:00:00,Thu,09:00:00,1,1,GRA,1
GRA,3393,86865214,2026-10-01 09:30:00,Thu,09:30:00,1,1,GRA,1
NOM,3393,86875774,2026-10-01 09:30:00,Thu,09:30:00,5,5,NOM,4
ALC,3393,86864014,2026-10-01 09:30:00,Thu,09:30:00,3,3,ALC,3
SAB,3393,86869678,2026-10-01 09:30:00,Thu,09:30:00,0,0,SAB,0
MAD,3393,86865454,2026-10-01 09:30:00,Thu,09:30:00,4,4,NEM,4
NOM,3393,86875775,2026-10-01 10:00:00,Thu,10:00:00,6,6,NOM,5
SAB,3393,86869679,2026-10-01 10:00:00,Thu,10:00:00,0,0,SAB,0
MAD,3393,86865455,2026-10-01 10:00:00,Thu,10:00:00,4,4,NEM,4
GRA,3393,86865215,2026-10-01 10:00:00,Thu,10:00:00,2,2,GRA,2
ALC,3393,86864015,2026-10-01 10:00:00,Thu,10:00:00,6,6,ALC,6
ALC,3393,86864016,2026-10-01 10:30:00,Thu,10:30:00,6,6,ALC,7
GRA,3393,86865216,2026-10-01 10:30:00,Thu,10:30:00,3,3,GRA,2
NOM,3393,86875776,2026-10-01 10:30:00,Thu,10:30:00,6,6,NOM,5
SAB,3393,86869680,2026-10-01 10:30:00,Thu,10:30:00,0,0,SAB,0
MAD,3393,86865456,2026-10-01 10:30:00,Thu,10:30:00,4,4,NEM,4
MAD,3393,86865457,2026-10-01 11:00:00,Thu,11:00:00,4,4,NEM,4
ALC,3393,86864017,2026-10-01 11:00:00,Thu,11:00:00,5,5,ALC,6
SAB,3393,86869681,2026-10-01 11:00:00,Thu,11:00:00,0,0,SAB,0
GRA,3393,86865217,2026-10-01 11:00:00,Thu,11:00:00,3,3,GRA,2
NOM,3393,86875777,2026-10-01 11:00:00,Thu,11:00:00,6,6,NOM,5
ALC,3393,86864018,2026-10-01 11:30:00,Thu,11:30:00,6,6,ALC,6
MAD,3393,86865458,2026-10-01 11:30:00,Thu,11:30:00,4,4,NEM,4
SAB,3393,86869682,2026-10-01 11:30:00,Thu,11:30:00,0,0,SAB,0
GRA,3393,86865218,2026-10-01 11:30:00,Thu,11:30:00,3,3,GRA,2
NOM,3393,86875778,2026-10-01 11:30:00,Thu,11:30:00,7,7,NOM,6
NOM,3393,86875779,2026-10-01 12:00:00,Thu,12:00:00,8,8,NOM,7
MAD,3393,86865459,2026-10-01 12:00:00,Thu,12:00:00,6,6,NEM,6
ALC,3393,86864019,2026-10-01 12:00:00,Thu,12:00:00,8,8,ALC,8
SAB,3393,86869683,2026-10-01 12:00:00,Thu,12:00:00,4,4,SAB,4
GRA,3393,86865219,2026-10-01 12:00:00,Thu,12:00:00,3,3,GRA,3
GRA,3393,86865220,2026-10-01 12:30:00,Thu,12:30:00,4,4,GRA,5
MAD,3393,86865460,2026-10-01 12:30:00,Thu,12:30:00,8,8,NEM,9
ALC,3393,86864020,2026-10-01 12:30:00,Thu,12:30:00,8,8,ALC,10
SAB,3393,86869684,2026-10-01 12:30:00,Thu,12:30:00,4,4,SAB,4
NOM,3393,86875780,2026-10-01 12:30:00,Thu,12:30:00,8,8,NOM,9
MAD,3393,86865461,2026-10-01 13:00:00,Thu,13:00:00,11,11,NEM,14
NOM,3393,86875781,2026-10-01 13:00:00,Thu,13:00:00,12,12,NOM,14
GRA,3393,86865221,2026-10-01 13:00:00,Thu,13:00:00,6,6,GRA,7
ALC,3393,86864021,2026-10-01 13:00:00,Thu,13:00:00,11,11,ALC,17
SAB,3393,86869685,2026-10-01 13:00:00,Thu,13:00:00,6,6,SAB,6
NOM,3393,86875782,2026-10-01 13:30:00,Thu,13:30:00,15,15,NOM,17
GRA,3393,86865222,2026-10-01 13:30:00,Thu,13:30:00,11,11,GRA,12
ALC,3393,86864022,2026-10-01 13:30:00,Thu,13:30:00,17,17,ALC,25
SAB,3393,86869686,2026-10-01 13:30:00,Thu,13:30:00,8,8,SAB,7
MAD,3393,86865462,2026-10-01 13:30:00,Thu,13:30:00,13,13,NEM,17
NOM,3393,86875783,2026-10-01 14:00:00,Thu,14:00:00,15,15,NOM,17
GRA,3393,86865223,2026-10-01 14:00:00,Thu,14:00:00,15,15,GRA,16
ALC,3393,86864023,2026-10-01 14:00:00,Thu,14:00:00,19,19,ALC,29
SAB,3393,86869687,2026-10-01 14:00:00,Thu,14:00:00,6,6,SAB,6
MAD,3393,86865463,2026-10-01 14:00:00,Thu,14:00:00,12,12,NEM,15
MAD,3393,86865464,2026-10-01 14:30:00,Thu,14:30:00,10,10,NEM,13
NOM,3393,86875784,2026-10-01 14:30:00,Thu,14:30:00,14,14,NOM,16
GRA,3393,86865224,2026-10-01 14:30:00,Thu,14:30:00,15,15,GRA,17
ALC,3393,86864024,2026-10-01 14:30:00,Thu,14:30:00,20,20,ALC,31
SAB,3393,86869688,2026-10-01 14:30:00,Thu,14:30:00,8,8,SAB,7
SAB,3393,86869689,2026-10-01 15:00:00,Thu,15:00:00,6,6,SAB,6
ALC,3393,86864025,2026-10-01 15:00:00,Thu,15:00:00,17,17,ALC,25
NOM,3393,86875785,2026-10-01 15:00:00,Thu,15:00:00,11,11,NOM,12
GRA,3393,86865225,2026-10-01 15:00:00,Thu,15:00:00,12,12,GRA,13
MAD,3393,86865465,2026-10-01 15:00:00,Thu,15:00:00,7,7,NEM,9
SAB,3393,86869690,2026-10-01 15:30:00,Thu,15:30:00,5,5,SAB,5
ALC,3393,86864026,2026-10-01 15:30:00,Thu,15:30:00,12,12,ALC,16
NOM,3393,86875786,2026-10-01 15:30:00,Thu,15:30:00,7,7,NOM,8
GRA,3393,86865226,2026-10-01 15:30:00,Thu,15:30:00,7,7,GRA,9
MAD,3393,86865466,2026-10-01 15:30:00,Thu,15:30:00,6,6,NEM,7
SAB,3393,86869691,2026-10-01 16:00:00,Thu,16:00:00,4,4,SAB,4
ALC,3393,86864027,2026-10-01 16:00:00,Thu,16:00:00,10,10,ALC,11
NOM,3393,86875787,2026-10-01 16:00:00,Thu,16:00:00,7,7,NOM,6
MAD,3393,86865467,2026-10-01 16:00:00,Thu,16:00:00,5,5,NEM,5
GRA,3393,86865227,2026-10-01 16:00:00,Thu,16:00:00,6,6,GRA,6
SAB,3393,86869692,2026-10-01 16:30:00,Thu,16:30:00,3,3,SAB,2
ALC,3393,86864028,2026-10-01 16:30:00,Thu,16:30:00,8,8,ALC,10
GRA,3393,86865228,2026-10-01 16:30:00,Thu,16:30:00,5,5,GRA,5
MAD,3393,86865468,2026-10-01 16:30:00,Thu,16:30:00,4,4,NEM,4
NOM,3393,86875788,2026-10-01 16:30:00,Thu,16:30:00,6,6,NOM,6
ALC,3393,86864029,2026-10-01 17:00:00,Thu,17:00:00,7,7,ALC,9
GRA,3393,86865229,2026-10-01 17:00:00,Thu,17:00:00,4,4,GRA,4
NOM,3393,86875789,2026-10-01 17:00:00,Thu,17:00:00,6,6,NOM,5
MAD,3393,86865469,2026-10-01 17:00:00,Thu,17:00:00,4,4,NEM,4
SAB,3393,86869693,2026-10-01 17:00:00,Thu,17:00:00,4,4,SAB,4
MAD,3393,86865470,2026-10-01 17:30:00,Thu,17:30:00,4,4,NEM,4
ALC,3393,86864030,2026-10-01 17:30:00,Thu,17:30:00,8,8,ALC,9
GRA,3393,86865230,2026-10-01 17:30:00,Thu,17:30:00,5,5,GRA,5
NOM,3393,86875790,2026-10-01 17:30:00,Thu,17:30:00,7,7,NOM,6
SAB,3393,86869694,2026-10-01 17:30:00,Thu,17:30:00,3,3,SAB,2
GRA,3393,86865231,2026-10-01 18:00:00,Thu,18:00:00,5,5,GRA,5
NOM,3393,86875791,2026-10-01 18:00:00,Thu,18:00:00,8,8,NOM,7
ALC,3393,86864031,2026-10-01 18:00:00,Thu,18:00:00,8,8,ALC,10
SAB,3393,86869695,2026-10-01 18:00:00,Thu,18:00:00,3,3,SAB,2
MAD,3393,86865471,2026-10-01 18:00:00,Thu,18:00:00,5,5,NEM,5
ALC,3393,86864032,2026-10-01 18:30:00,Thu,18:30:00,10,10,ALC,11
GRA,3393,86865232,2026-10-01 18:30:00,Thu,18:30:00,5,5,GRA,5
NOM,3393,86875792,2026-10-01 18:30:00,Thu,18:30:00,8,8,NOM,8
SAB,3393,86869696,2026-10-01 18:30:00,Thu,18:30:00,3,3,SAB,2
MAD,3393,86865472,2026-10-01 18:30:00,Thu,18:30:00,5,5,NEM,6
ALC,3393,86864033,2026-10-01 19:00:00,Thu,19:00:00,10,10,ALC,13
GRA,3393,86865233,2026-10-01 19:00:00,Thu,19:00:00,6,6,GRA,5
NOM,3393,86875793,2026-10-01 19:00:00,Thu,19:00:00,9,9,NOM,10
MAD,3393,86865473,2026-10-01 19:00:00,Thu,19:00:00,6,6,NEM,7
SAB,3393,86869697,2026-10-01 19:00:00,Thu,19:00:00,4,4,SAB,4
SAB,3393,86869698,2026-10-01 19:30:00,Thu,19:30:00,8,8,SAB,7
NOM,3393,86875794,2026-10-01 19:30:00,Thu,19:30:00,10,10,NOM,12
GRA,3393,86865234,2026-10-01 19:30:00,Thu,19:30:00,5,5,GRA,7
MAD,3393,86865474,2026-10-01 19:30:00,Thu,19:30:00,8,8,NEM,10
ALC,3393,86864034,2026-10-01 19:30:00,Thu,19:30:00,14,14,ALC,19
ALC,3393,86864035,2026-10-01 20:00:00,Thu,20:00:00,20,20,ALC,29
GRA,3393,86865235,2026-10-01 20:00:00,Thu,20:00:00,9,9,GRA,11
MAD,3393,86865475,2026-10-01 20:00:00,Thu,20:00:00,12,12,NEM,15
NOM,3393,86875795,2026-10-01 20:00:00,Thu,20:00:00,14,14,NOM,17
SAB,3393,86869699,2026-10-01 20:00:00,Thu,20:00:00,13,13,SAB,12
GRA,3393,86865236,2026-10-01 20:30:00,Thu,20:30:00,15,15,GRA,19
NOM,3393,86875796,2026-10-01 20:30:00,Thu,20:30:00,19,19,NOM,22
SAB,3393,86869700,2026-10-01 20:30:00,Thu,20:30:00,13,13,SAB,12
ALC,3393,86864036,2026-10-01 20:30:00,Thu,20:30:00,27,27,ALC,39
MAD,3393,86865476,2026-10-01 20:30:00,Thu,20:30:00,14,14,NEM,17
MAD,3393,86865477,2026-10-01 21:00:00,Thu,21:00:00,15,15,NEM,19
ALC,3393,86864037,2026-10-01 21:00:00,Thu,21:00:00,32,32,ALC,46
GRA,3393,86865237,2026-10-01 21:00:00,Thu,21:00:00,22,22,GRA,28
NOM,3393,86875797,2026-10-01 21:00:00,Thu,21:00:00,20,20,NOM,23
SAB,3393,86869701,2026-10-01 21:00:00,Thu,21:00:00,14,14,SAB,14
SAB,3393,86869702,2026-10-01 21:30:00,Thu,21:30:00,11,11,SAB,11
MAD,3393,86865478,2026-10-01 21:30:00,Thu,21:30:00,13,13,NEM,16
NOM,3393,86875798,2026-10-01 21:30:00,Thu,21:30:00,17,17,NOM,20
ALC,3393,86864038,2026-10-01 21:30:00,Thu,21:30:00,31,31,ALC,44
GRA,3393,86865238,2026-10-01 21:30:00,Thu,21:30:00,24,24,GRA,30
MAD,3393,86865479,2026-10-01 22:00:00,Thu,22:00:00,9,9,NEM,11
SAB,3393,86869703,2026-10-01 22:00:00,Thu,22:00:00,10,10,SAB,10
NOM,3393,86875799,2026-10-01 22:00:00,Thu,22:00:00,11,11,NOM,12
ALC,3393,86864039,2026-10-01 22:00:00,Thu,22:00:00,23,23,ALC,33
GRA,3393,86865239,2026-10-01 22:00:00,Thu,22:00:00,21,21,GRA,27
GRA,3393,86865240,2026-10-01 22:30:00,Thu,22:30:00,15,15,GRA,18
SAB,3393,86869704,2026-10-01 22:30:00,Thu,22:30:00,4,4,SAB,4
MAD,3393,86865480,2026-10-01 22:30:00,Thu,22:30:00,6,6,NEM,7
NOM,3393,86875800,2026-10-01 22:30:00,Thu,22:30:00,6,6,NOM,6
ALC,3393,86864040,2026-10-01 22:30:00,Thu,22:30:00,15,15,ALC,21
ALC,3393,86864041,2026-10-01 23:00:00,Thu,23:00:00,12,12,ALC,13
SAB,3393,86869705,2026-10-01 23:00:00,Thu,23:00:00,3,3,SAB,2
MAD,3393,86865481,2026-10-01 23:00:00,Thu,23:00:00,4,4,NEM,3
NOM,3393,86875801,2026-10-01 23:00:00,Thu,23:00:00,3,3,NOM,3
GRA,3393,86865241,2026-10-01 23:00:00,Thu,23:00:00,10,10,GRA,9
SAB,3393,86869706,2026-10-01 23:30:00,Thu,23:30:00,1,1,SAB,1
GRA,3393,86865242,2026-10-01 23:30:00,Thu,23:30:00,5,5,GRA,5
ALC,3393,86864042,2026-10-01 23:30:00,Thu,23:30:00,6,6,ALC,6
MAD,3393,86865482,2026-10-01 23:30:00,Thu,23:30:00,2,2,NEM,2
NOM,3393,86875802,2026-10-01 23:30:00,Thu,23:30:00,1,1,NOM,1
GRA,3393,86865243,2026-10-02 00:00:00,Fri,00:00:00,3,3,GRA,2
ALC,3393,86864043,2026-10-02 00:00:00,Fri,00:00:00,3,3,ALC,3
MAD,3393,86865483,2026-10-02 00:00:00,Fri,00:00:00,1,1,NEM,1
NOM,3393,86875803,2026-10-02 00:00:00,Fri,00:00:00,0,0,NOM,0
SAB,3393,86869707,2026-10-02 00:00:00,Fri,00:00:00,0,0,SAB,0
GRA,3393,86865244,2026-10-02 00:30:00,Fri,00:30:00,2,2,GRA,1
ALC,3393,86864044,2026-10-02 00:30:00,Fri,00:30:00,1,1,ALC,1
MAD,3393,86865484,2026-10-02 00:30:00,Fri,00:30:00,1,1,NEM,1
NOM,3393,86875804,2026-10-02 00:30:00,Fri,00:30:00,0,0,NOM,0
SAB,3393,86869708,2026-10-02 00:30:00,Fri,00:30:00,0,0,SAB,0
SAB,3393,86869709,2026-10-02 01:00:00,Fri,01:00:00,0,0,SAB,0
GRA,3393,86865245,2026-10-02 01:00:00,Fri,01:00:00,0,0,GRA,0
ALC,3393,86864045,2026-10-02 01:00:00,Fri,01:00:00,0,0,ALC,0
MAD,3393,86865485,2026-10-02 01:00:00,Fri,01:00:00,0,0,NEM,0
NOM,3393,86875805,2026-10-02 01:00:00,Fri,01:00:00,0,0,NOM,0
NOM,3393,86875806,2026-10-02 01:30:00,Fri,01:30:00,0,0,NOM,0
MAD,3393,86865486,2026-10-02 01:30:00,Fri,01:30:00,0,0,NEM,0
GRA,3393,86865246,2026-10-02 01:30:00,Fri,01:30:00,0,0,GRA,0
ALC,3393,86864046,2026-10-02 01:30:00,Fri,01:30:00,0,0,ALC,0
SAB,3393,86869710,2026-10-02 01:30:00,Fri,01:30:00,0,0,SAB,0
NOM,3393,86906335,2026-10-02 02:00:00,Fri,02:00:00,0,0,NOM,0
MAD,3393,86897791,2026-10-02 02:00:00,Fri,02:00:00,0,0,NEM,0
GRA,3393,86897551,2026-10-02 02:00:00,Fri,02:00:00,0,0,GRA,0
ALC,3393,86900623,2026-10-02 02:00:00,Fri,02:00:00,0,0,ALC,0
SAB,3393,86900095,2026-10-02 02:00:00,Fri,02:00:00,0,0,SAB,0
NOM,3393,86906336,2026-10-02 02:30:00,Fri,02:30:00,0,0,NOM,0
MAD,3393,86897792,2026-10-02 02:30:00,Fri,02:30:00,0,0,NEM,0
GRA,3393,86897552,2026-10-02 02:30:00,Fri,02:30:00,0,0,GRA,0
SAB,3393,86900096,2026-10-02 02:30:00,Fri,02:30:00,0,0,SAB,0
ALC,3393,86900624,2026-10-02 02:30:00,Fri,02:30:00,0,0,ALC,0
NOM,3393,86906337,2026-10-02 03:00:00,Fri,03:00:00,0,0,NOM,0
MAD,3393,86897793,2026-10-02 03:00:00,Fri,03:00:00,0,0,NEM,0
ALC,3393,86900625,2026-10-02 03:00:00,Fri,03:00:00,0,0,ALC,0
SAB,3393,86900097,2026-10-02 03:00:00,Fri,03:00:00,0,0,SAB,0
GRA,3393,86897553,2026-10-02 03:00:00,Fri,03:00:00,0,0,GRA,0
MAD,3393,86897794,2026-10-02 03:30:00,Fri,03:30:00,0,0,NEM,0
ALC,3393,86900626,2026-10-02 03:30:00,Fri,03:30:00,0,0,ALC,0
GRA,3393,86897554,2026-10-02 03:30:00,Fri,03:30:00,0,0,GRA,0
SAB,3393,86900098,2026-10-02 03:30:00,Fri,03:30:00,0,0,SAB,0
NOM,3393,86906338,2026-10-02 03:30:00,Fri,03:30:00,0,0,NOM,0
SAB,3393,86900099,2026-10-02 04:00:00,Fri,04:00:00,0,0,SAB,0
MAD,3393,86897795,2026-10-02 04:00:00,Fri,04:00:00,0,0,NEM,0
ALC,3393,86900627,2026-10-02 04:00:00,Fri,04:00:00,0,0,ALC,0
GRA,3393,86897555,2026-10-02 04:00:00,Fri,04:00:00,0,0,GRA,0
NOM,3393,86906339,2026-10-02 04:00:00,Fri,04:00:00,0,0,NOM,0
ALC,3393,86900628,2026-10-02 04:30:00,Fri,04:30:00,0,0,ALC,0
GRA,3393,86897556,2026-10-02 04:30:00,Fri,04:30:00,0,0,GRA,0
MAD,3393,86897796,2026-10-02 04:30:00,Fri,04:30:00,0,0,NEM,0
NOM,3393,86906340,2026-10-02 04:30:00,Fri,04:30:00,0,0,NOM,0
SAB,3393,86900100,2026-10-02 04:30:00,Fri,04:30:00,0,0,SAB,0
MAD,3393,86897797,2026-10-02 05:00:00,Fri,05:00:00,0,0,NEM,0
ALC,3393,86900629,2026-10-02 05:00:00,Fri,05:00:00,0,0,ALC,0
GRA,3393,86897557,2026-10-02 05:00:00,Fri,05:00:00,0,0,GRA,0
NOM,3393,86906341,2026-10-02 05:00:00,Fri,05:00:00,0,0,NOM,0
SAB,3393,86900101,2026-10-02 05:00:00,Fri,05:00:00,0,0,SAB,0
MAD,3393,86897798,2026-10-02 05:30:00,Fri,05:30:00,0,0,NEM,0
ALC,3393,86900630,2026-10-02 05:30:00,Fri,05:30:00,0,0,ALC,0
GRA,3393,86897558,2026-10-02 05:30:00,Fri,05:30:00,0,0,GRA,0
SAB,3393,86900102,2026-10-02 05:30:00,Fri,05:30:00,0,0,SAB,0
NOM,3393,86906342,2026-10-02 05:30:00,Fri,05:30:00,0,0,NOM,0
NOM,3393,86906343,2026-10-02 06:00:00,Fri,06:00:00,0,0,NOM,0
GRA,3393,86897559,2026-10-02 06:00:00,Fri,06:00:00,0,0,GRA,0
ALC,3393,86900631,2026-10-02 06:00:00,Fri,06:00:00,0,0,ALC,0
SAB,3393,86900103,2026-10-02 06:00:00,Fri,06:00:00,0,0,SAB,0
MAD,3393,86897799,2026-10-02 06:00:00,Fri,06:00:00,0,0,NEM,0
MAD,3393,86897800,2026-10-02 06:30:00,Fri,06:30:00,0,0,NEM,0
ALC,3393,86900632,2026-10-02 06:30:00,Fri,06:30:00,0,0,ALC,0
SAB,3393,86900104,2026-10-02 06:30:00,Fri,06:30:00,0,0,SAB,0
GRA,3393,86897560,2026-10-02 06:30:00,Fri,06:30:00,0,0,GRA,0
NOM,3393,86906344,2026-10-02 06:30:00,Fri,06:30:00,0,0,NOM,0
ALC,3393,86900633,2026-10-02 07:00:00,Fri,07:00:00,0,0,ALC,0
GRA,3393,86897561,2026-10-02 07:00:00,Fri,07:00:00,0,0,GRA,0
NOM,3393,86906345,2026-10-02 07:00:00,Fri,07:00:00,0,0,NOM,0
MAD,3393,86897801,2026-10-02 07:00:00,Fri,07:00:00,0,0,NEM,0
SAB,3393,86900105,2026-10-02 07:00:00,Fri,07:00:00,0,0,SAB,0
SAB,3393,86900106,2026-10-02 07:30:00,Fri,07:30:00,0,0,SAB,0
MAD,3393,86897802,2026-10-02 07:30:00,Fri,07:30:00,0,0,NEM,0
ALC,3393,86900634,2026-10-02 07:30:00,Fri,07:30:00,0,0,ALC,0
GRA,3393,86897562,2026-10-02 07:30:00,Fri,07:30:00,0,0,GRA,0
NOM,3393,86906346,2026-10-02 07:30:00,Fri,07:30:00,0,0,NOM,0
NOM,3393,86906347,2026-10-02 08:00:00,Fri,08:00:00,0,0,NOM,0
SAB,3393,86900107,2026-10-02 08:00:00,Fri,08:00:00,0,0,SAB,0
GRA,3393,86897563,2026-10-02 08:00:00,Fri,08:00:00,0,0,GRA,0
MAD,3393,86897803,2026-10-02 08:00:00,Fri,08:00:00,1,1,NEM,1
ALC,3393,86900635,2026-10-02 08:00:00,Fri,08:00:00,0,0,ALC,0
SAB,3393,86900108,2026-10-02 08:30:00,Fri,08:30:00,0,0,SAB,0
NOM,3393,86906348,2026-10-02 08:30:00,Fri,08:30:00,2,2,NOM,2
GRA,3393,86897564,2026-10-02 08:30:00,Fri,08:30:00,1,1,GRA,1
MAD,3393,86897804,2026-10-02 08:30:00,Fri,08:30:00,2,2,NEM,1
ALC,3393,86900636,2026-10-02 08:30:00,Fri,08:30:00,2,2,ALC,2
ALC,3393,86900637,2026-10-02 09:00:00,Fri,09:00:00,2,2,ALC,2
NOM,3393,86906349,2026-10-02 09:00:00,Fri,09:00:00,4,4,NOM,3
SAB,3393,86900109,2026-10-02 09:00:00,Fri,09:00:00,0,0,SAB,0
GRA,3393,86897565,2026-10-02 09:00:00,Fri,09:00:00,1,1,GRA,1
MAD,3393,86897805,2026-10-02 09:00:00,Fri,09:00:00,3,3,NEM,3
MAD,3393,86897806,2026-10-02 09:30:00,Fri,09:30:00,4,4,NEM,4
NOM,3393,86906350,2026-10-02 09:30:00,Fri,09:30:00,5,5,NOM,4
SAB,3393,86900110,2026-10-02 09:30:00,Fri,09:30:00,0,0,SAB,0
GRA,3393,86897566,2026-10-02 09:30:00,Fri,09:30:00,2,2,GRA,2
ALC,3393,86900638,2026-10-02 09:30:00,Fri,09:30:00,3,3,ALC,3
NOM,3393,86906351,2026-10-02 10:00:00,Fri,10:00:00,7,7,NOM,7
ALC,3393,86900639,2026-10-02 10:00:00,Fri,10:00:00,5,5,ALC,5
MAD,3393,86897807,2026-10-02 10:00:00,Fri,10:00:00,5,5,NEM,5
SAB,3393,86900111,2026-10-02 10:00:00,Fri,10:00:00,0,0,SAB,0
GRA,3393,86897567,2026-10-02 10:00:00,Fri,10:00:00,2,2,GRA,2
ALC,3393,86900640,2026-10-02 10:30:00,Fri,10:30:00,6,6,ALC,6
MAD,3393,86897808,2026-10-02 10:30:00,Fri,10:30:00,5,5,NEM,4
SAB,3393,86900112,2026-10-02 10:30:00,Fri,10:30:00,0,0,SAB,0
GRA,3393,86897568,2026-10-02 10:30:00,Fri,10:30:00,2,2,GRA,2
NOM,3393,86906352,2026-10-02 10:30:00,Fri,10:30:00,7,7,NOM,6
ALC,3393,86900641,2026-10-02 11:00:00,Fri,11:00:00,6,6,ALC,7
MAD,3393,86897809,2026-10-02 11:00:00,Fri,11:00:00,5,5,NEM,4
SAB,3393,86900113,2026-10-02 11:00:00,Fri,11:00:00,0,0,SAB,0
GRA,3393,86897569,2026-10-02 11:00:00,Fri,11:00:00,3,3,GRA,3
NOM,3393,86906353,2026-10-02 11:00:00,Fri,11:00:00,7,7,NOM,6
NOM,3393,86906354,2026-10-02 11:30:00,Fri,11:30:00,7,7,NOM,6
ALC,3393,86900642,2026-10-02 11:30:00,Fri,11:30:00,6,6,ALC,7
MAD,3393,86897810,2026-10-02 11:30:00,Fri,11:30:00,5,5,NEM,4
SAB,3393,86900114,2026-10-02 11:30:00,Fri,11:30:00,0,0,SAB,0
GRA,3393,86897570,2026-10-02 11:30:00,Fri,11:30:00,3,3,GRA,3
GRA,3393,86897571,2026-10-02 12:00:00,Fri,12:00:00,4,4,GRA,4
SAB,3393,86900115,2026-10-02 12:00:00,Fri,12:00:00,0,0,SAB,0
ALC,3393,86900643,2026-10-02 12:00:00,Fri,12:00:00,8,8,ALC,8
MAD,3393,86897811,2026-10-02 12:00:00,Fri,12:00:00,7,7,NEM,6
NOM,3393,86906355,2026-10-02 12:00:00,Fri,12:00:00,8,8,NOM,7
GRA,3393,86897572,2026-10-02 12:30:00,Fri,12:30:00,4,4,GRA,5
SAB,3393,86900116,2026-10-02 12:30:00,Fri,12:30:00,5,5,SAB,5
ALC,3393,86900644,2026-10-02 12:30:00,Fri,12:30:00,9,9,ALC,12
MAD,3393,86897812,2026-10-02 12:30:00,Fri,12:30:00,8,8,NEM,10
NOM,3393,86906356,2026-10-02 12:30:00,Fri,12:30:00,10,10,NOM,10
GRA,3393,86897573,2026-10-02 13:00:00,Fri,13:00:00,8,8,GRA,9
SAB,3393,86900117,2026-10-02 13:00:00,Fri,13:00:00,8,8,SAB,7
ALC,3393,86900645,2026-10-02 13:00:00,Fri,13:00:00,14,14,ALC,21
NOM,3393,86906357,2026-10-02 13:00:00,Fri,13:00:00,13,13,NOM,15
MAD,3393,86897813,2026-10-02 13:00:00,Fri,13:00:00,10,10,NEM,13
GRA,3393,86897574,2026-10-02 13:30:00,Fri,13:30:00,13,13,GRA,14
SAB,3393,86900118,2026-10-02 13:30:00,Fri,13:30:00,10,10,SAB,10
MAD,3393,86897814,2026-10-02 13:30:00,Fri,13:30:00,14,14,NEM,17
NOM,3393,86906358,2026-10-02 13:30:00,Fri,13:30:00,18,18,NOM,20
ALC,3393,86900646,2026-10-02 13:30:00,Fri,13:30:00,19,19,ALC,29
SAB,3393,86900119,2026-10-02 14:00:00,Fri,14:00:00,11,11,SAB,11
MAD,3393,86897815,2026-10-02 14:00:00,Fri,14:00:00,15,15,NEM,18
ALC,3393,86900647,2026-10-02 14:00:00,Fri,14:00:00,22,22,ALC,33
NOM,3393,86906359,2026-10-02 14:00:00,Fri,14:00:00,21,21,NOM,23
GRA,3393,86897575,2026-10-02 14:00:00,Fri,14:00:00,16,16,GRA,18
NOM,3393,86906360,2026-10-02 14:30:00,Fri,14:30:00,18,18,NOM,21
SAB,3393,86900120,2026-10-02 14:30:00,Fri,14:30:00,9,9,SAB,9
MAD,3393,86897816,2026-10-02 14:30:00,Fri,14:30:00,13,13,NEM,17
ALC,3393,86900648,2026-10-02 14:30:00,Fri,14:30:00,22,22,ALC,33
GRA,3393,86897576,2026-10-02 14:30:00,Fri,14:30:00,18,18,GRA,20
MAD,3393,86897817,2026-10-02 15:00:00,Fri,15:00:00,12,12,NEM,15
ALC,3393,86900649,2026-10-02 15:00:00,Fri,15:00:00,18,18,ALC,26
SAB,3393,86900121,2026-10-02 15:00:00,Fri,15:00:00,9,9,SAB,9
GRA,3393,86897577,2026-10-02 15:00:00,Fri,15:00:00,15,15,GRA,17
NOM,3393,86906361,2026-10-02 15:00:00,Fri,15:00:00,15,15,NOM,17
SAB,3393,86900122,2026-10-02 15:30:00,Fri,15:30:00,8,8,SAB,7
MAD,3393,86897818,2026-10-02 15:30:00,Fri,15:30:00,10,10,NEM,11
ALC,3393,86900650,2026-10-02 15:30:00,Fri,15:30:00,13,13,ALC,18
GRA,3393,86897578,2026-10-02 15:30:00,Fri,15:30:00,11,11,GRA,13
NOM,3393,86906362,2026-10-02 15:30:00,Fri,15:30:00,11,11,NOM,12
SAB,3393,86900123,2026-10-02 16:00:00,Fri,16:00:00,6,6,SAB,6
MAD,3393,86897819,2026-10-02 16:00:00,Fri,16:00:00,7,7,NEM,8
ALC,3393,86900651,2026-10-02 16:00:00,Fri,16:00:00,10,10,ALC,12
NOM,3393,86906363,2026-10-02 16:00:00,Fri,16:00:00,10,10,NOM,10
GRA,3393,86897579,2026-10-02 16:00:00,Fri,16:00:00,8,8,GRA,7
GRA,3393,86897580,2026-10-02 16:30:00,Fri,16:30:00,6,6,GRA,6
ALC,3393,86900652,2026-10-02 16:30:00,Fri,16:30:00,10,10,ALC,11
MAD,3393,86897820,2026-10-02 16:30:00,Fri,16:30:00,6,6,NEM,6
NOM,3393,86906364,2026-10-02 16:30:00,Fri,16:30:00,8,8,NOM,7
SAB,3393,86900124,2026-10-02 16:30:00,Fri,16:30:00,4,4,SAB,4
SAB,3393,86900125,2026-10-02 17:00:00,Fri,17:00:00,5,5,SAB,5
MAD,3393,86897821,2026-10-02 17:00:00,Fri,17:00:00,5,5,NEM,6
NOM,3393,86906365,2026-10-02 17:00:00,Fri,17:00:00,8,8,NOM,7
ALC,3393,86900653,2026-10-02 17:00:00,Fri,17:00:00,8,8,ALC,10
GRA,3393,86897581,2026-10-02 17:00:00,Fri,17:00:00,7,7,GRA,6
MAD,3393,86897822,2026-10-02 17:30:00,Fri,17:30:00,5,5,NEM,6
ALC,3393,86900654,2026-10-02 17:30:00,Fri,17:30:00,9,9,ALC,10
GRA,3393,86897582,2026-10-02 17:30:00,Fri,17:30:00,7,7,GRA,6
SAB,3393,86900126,2026-10-02 17:30:00,Fri,17:30:00,4,4,SAB,4
NOM,3393,86906366,2026-10-02 17:30:00,Fri,17:30:00,9,9,NOM,8
NOM,3393,86906367,2026-10-02 18:00:00,Fri,18:00:00,9,9,NOM,8
SAB,3393,86900127,2026-10-02 18:00:00,Fri,18:00:00,5,5,SAB,5
MAD,3393,86897823,2026-10-02 18:00:00,Fri,18:00:00,5,5,NEM,6
ALC,3393,86900655,2026-10-02 18:00:00,Fri,18:00:00,9,9,ALC,10
GRA,3393,86897583,2026-10-02 18:00:00,Fri,18:00:00,6,6,GRA,6
GRA,3393,86897584,2026-10-02 18:30:00,Fri,18:30:00,7,7,GRA,6
NOM,3393,86906368,2026-10-02 18:30:00,Fri,18:30:00,11,11,NOM,10
ALC,3393,86900656,2026-10-02 18:30:00,Fri,18:30:00,11,11,ALC,13
SAB,3393,86900128,2026-10-02 18:30:00,Fri,18:30:00,5,5,SAB,5
MAD,3393,86897824,2026-10-02 18:30:00,Fri,18:30:00,6,6,NEM,7
NOM,3393,86906369,2026-10-02 19:00:00,Fri,19:00:00,11,11,NOM,12
GRA,3393,86897585,2026-10-02 19:00:00,Fri,19:00:00,6,6,GRA,7
ALC,3393,86900657,2026-10-02 19:00:00,Fri,19:00:00,11,11,ALC,15
SAB,3393,86900129,2026-10-02 19:00:00,Fri,19:00:00,8,8,SAB,7
MAD,3393,86897825,2026-10-02 19:00:00,Fri,19:00:00,8,8,NEM,9
MAD,3393,86897826,2026-10-02 19:30:00,Fri,19:30:00,11,11,NEM,14
GRA,3393,86897586,2026-10-02 19:30:00,Fri,19:30:00,7,7,GRA,9
NOM,3393,86906370,2026-10-02 19:30:00,Fri,19:30:00,16,16,NOM,18
ALC,3393,86900658,2026-10-02 19:30:00,Fri,19:30:00,14,14,ALC,21
SAB,3393,86900130,2026-10-02 19:30:00,Fri,19:30:00,14,14,SAB,14
SAB,3393,86900131,2026-10-02 20:00:00,Fri,20:00:00,22,22,SAB,21
GRA,3393,86897587,2026-10-02 20:00:00,Fri,20:00:00,11,11,GRA,14
NOM,3393,86906371,2026-10-02 20:00:00,Fri,20:00:00,23,23,NOM,27
ALC,3393,86900659,2026-10-02 20:00:00,Fri,20:00:00,25,25,ALC,36
MAD,3393,86897827,2026-10-02 20:00:00,Fri,20:00:00,19,19,NEM,23
GRA,3393,86897588,2026-10-02 20:30:00,Fri,20:30:00,20,20,GRA,25
MAD,3393,86897828,2026-10-02 20:30:00,Fri,20:30:00,24,24,NEM,30
SAB,3393,86900132,2026-10-02 20:30:00,Fri,20:30:00,20,20,SAB,20
NOM,3393,86906372,2026-10-02 20:30:00,Fri,20:30:00,32,32,NOM,37
ALC,3393,86900660,2026-10-02 20:30:00,Fri,20:30:00,40,40,ALC,57
MAD,3393,86897829,2026-10-02 21:00:00,Fri,21:00:00,27,27,NEM,33
SAB,3393,86900133,2026-10-02 21:00:00,Fri,21:00:00,24,24,SAB,23
NOM,3393,86906373,2026-10-02 21:00:00,Fri,21:00:00,33,33,NOM,38
ALC,3393,86900661,2026-10-02 21:00:00,Fri,21:00:00,51,51,ALC,74
GRA,3393,86897589,2026-10-02 21:00:00,Fri,21:00:00,30,30,GRA,37
MAD,3393,86897830,2026-10-02 21:30:00,Fri,21:30:00,25,25,NEM,30
SAB,3393,86900134,2026-10-02 21:30:00,Fri,21:30:00,15,15,SAB,15
NOM,3393,86906374,2026-10-02 21:30:00,Fri,21:30:00,31,31,NOM,35
ALC,3393,86900662,2026-10-02 21:30:00,Fri,21:30:00,51,51,ALC,74
GRA,3393,86897590,2026-10-02 21:30:00,Fri,21:30:00,31,31,GRA,40
GRA,3393,86897591,2026-10-02 22:00:00,Fri,22:00:00,31,31,GRA,39
MAD,3393,86897831,2026-10-02 22:00:00,Fri,22:00:00,19,19,NEM,23
SAB,3393,86900135,2026-10-02 22:00:00,Fri,22:00:00,17,17,SAB,16
NOM,3393,86906375,2026-10-02 22:00:00,Fri,22:00:00,26,26,NOM,30
ALC,3393,86900663,2026-10-02 22:00:00,Fri,22:00:00,42,42,ALC,60
ALC,3393,86900664,2026-10-02 22:30:00,Fri,22:30:00,27,27,ALC,37
NOM,3393,86906376,2026-10-02 22:30:00,Fri,22:30:00,16,16,NOM,18
MAD,3393,86897832,2026-10-02 22:30:00,Fri,22:30:00,13,13,NEM,15
SAB,3393,86900136,2026-10-02 22:30:00,Fri,22:30:00,11,11,SAB,11
GRA,3393,86897592,2026-10-02 22:30:00,Fri,22:30:00,28,28,GRA,33
ALC,3393,86900665,2026-10-02 23:00:00,Fri,23:00:00,19,19,ALC,21
NOM,3393,86906377,2026-10-02 23:00:00,Fri,23:00:00,8,8,NOM,7
MAD,3393,86897833,2026-10-02 23:00:00,Fri,23:00:00,10,10,NEM,9
SAB,3393,86900137,2026-10-02 23:00:00,Fri,23:00:00,4,4,SAB,4
GRA,3393,86897593,2026-10-02 23:00:00,Fri,23:00:00,19,19,GRA,17
ALC,3393,86900666,2026-10-02 23:30:00,Fri,23:30:00,9,9,ALC,10
NOM,3393,86906378,2026-10-02 23:30:00,Fri,23:30:00,4,4,NOM,3
MAD,3393,86897834,2026-10-02 23:30:00,Fri,23:30:00,5,5,NEM,4
GRA,3393,86897594,2026-10-02 23:30:00,Fri,23:30:00,10,10,GRA,9
SAB,3393,86900138,2026-10-02 23:30:00,Fri,23:30:00,3,3,SAB,2
ALC,3393,86900667,2026-10-03 00:00:00,Sat,00:00:00,5,5,ALC,5
NOM,3393,86906379,2026-10-03 00:00:00,Sat,00:00:00,1,1,NOM,1
SAB,3393,86900139,2026-10-03 00:00:00,Sat,00:00:00,0,0,SAB,0
GRA,3393,86897595,2026-10-03 00:00:00,Sat,00:00:00,3,3,GRA,3
MAD,3393,86897835,2026-10-03 00:00:00,Sat,00:00:00,2,2,NEM,2
NOM,3393,86906380,2026-10-03 00:30:00,Sat,00:30:00,1,1,NOM,1
SAB,3393,86900140,2026-10-03 00:30:00,Sat,00:30:00,0,0,SAB,0
MAD,3393,86897836,2026-10-03 00:30:00,Sat,00:30:00,2,2,NEM,2
GRA,3393,86897596,2026-10-03 00:30:00,Sat,00:30:00,2,2,GRA,2
ALC,3393,86900668,2026-10-03 00:30:00,Sat,00:30:00,2,2,ALC,2
GRA,3393,86897597,2026-10-03 01:00:00,Sat,01:00:00,0,0,GRA,0
NOM,3393,86906381,2026-10-03 01:00:00,Sat,01:00:00,0,0,NOM,0
SAB,3393,86900141,2026-10-03 01:00:00,Sat,01:00:00,0,0,SAB,0
MAD,3393,86897837,2026-10-03 01:00:00,Sat,01:00:00,1,1,NEM,1
ALC,3393,86900669,2026-10-03 01:00:00,Sat,01:00:00,0,0,ALC,0
SAB,3393,86900142,2026-10-03 01:30:00,Sat,01:30:00,0,0,SAB,0
MAD,3393,86897838,2026-10-03 01:30:00,Sat,01:30:00,1,1,NEM,1
NOM,3393,86906382,2026-10-03 01:30:00,Sat,01:30:00,0,0,NOM,0
ALC,3393,86900670,2026-10-03 01:30:00,Sat,01:30:00,0,0,ALC,0
GRA,3393,86897598,2026-10-03 01:30:00,Sat,01:30:00,0,0,GRA,0
NOM,3393,86926927,2026-10-03 02:00:00,Sat,02:00:00,0,0,NOM,0
SAB,3393,86925439,2026-10-03 02:00:00,Sat,02:00:00,0,0,SAB,0
MAD,3393,86928943,2026-10-03 02:00:00,Sat,02:00:00,0,0,NEM,0
ALC,3393,86933215,2026-10-03 02:00:00,Sat,02:00:00,0,0,ALC,0
GRA,3393,86928703,2026-10-03 02:00:00,Sat,02:00:00,0,0,GRA,0
NOM,3393,86926928,2026-10-03 02:30:00,Sat,02:30:00,0,0,NOM,0
SAB,3393,86925440,2026-10-03 02:30:00,Sat,02:30:00,0,0,SAB,0
MAD,3393,86928944,2026-10-03 02:30:00,Sat,02:30:00,0,0,NEM,0
GRA,3393,86928704,2026-10-03 02:30:00,Sat,02:30:00,0,0,GRA,0
ALC,3393,86933216,2026-10-03 02:30:00,Sat,02:30:00,0,0,ALC,0
ALC,3393,86933217,2026-10-03 03:00:00,Sat,03:00:00,0,0,ALC,0
MAD,3393,86928945,2026-10-03 03:00:00,Sat,03:00:00,0,0,NEM,0
SAB,3393,86925441,2026-10-03 03:00:00,Sat,03:00:00,0,0,SAB,0
GRA,3393,86928705,2026-10-03 03:00:00,Sat,03:00:00,0,0,GRA,0
NOM,3393,86926929,2026-10-03 03:00:00,Sat,03:00:00,0,0,NOM,0
NOM,3393,86926930,2026-10-03 03:30:00,Sat,03:30:00,0,0,NOM,0
SAB,3393,86925442,2026-10-03 03:30:00,Sat,03:30:00,0,0,SAB,0
GRA,3393,86928706,2026-10-03 03:30:00,Sat,03:30:00,0,0,GRA,0
MAD,3393,86928946,2026-10-03 03:30:00,Sat,03:30:00,0,0,NEM,0
ALC,3393,86933218,2026-10-03 03:30:00,Sat,03:30:00,0,0,ALC,0
SAB,3393,86925443,2026-10-03 04:00:00,Sat,04:00:00,0,0,SAB,0
MAD,3393,86928947,2026-10-03 04:00:00,Sat,04:00:00,0,0,NEM,0
ALC,3393,86933219,2026-10-03 04:00:00,Sat,04:00:00,0,0,ALC,0
NOM,3393,86926931,2026-10-03 04:00:00,Sat,04:00:00,0,0,NOM,0
GRA,3393,86928707,2026-10-03 04:00:00,Sat,04:00:00,0,0,GRA,0
GRA,3393,86928708,2026-10-03 04:30:00,Sat,04:30:00,0,0,GRA,0
NOM,3393,86926932,2026-10-03 04:30:00,Sat,04:30:00,0,0,NOM,0
SAB,3393,86925444,2026-10-03 04:30:00,Sat,04:30:00,0,0,SAB,0
MAD,3393,86928948,2026-10-03 04:30:00,Sat,04:30:00,0,0,NEM,0
ALC,3393,86933220,2026-10-03 04:30:00,Sat,04:30:00,0,0,ALC,0
ALC,3393,86933221,2026-10-03 05:00:00,Sat,05:00:00,0,0,ALC,0
GRA,3393,86928709,2026-10-03 05:00:00,Sat,05:00:00,0,0,GRA,0
MAD,3393,86928949,2026-10-03 05:00:00,Sat,05:00:00,0,0,NEM,0
NOM,3393,86926933,2026-10-03 05:00:00,Sat,05:00:00,0,0,NOM,0
SAB,3393,86925445,2026-10-03 05:00:00,Sat,05:00:00,0,0,SAB,0
GRA,3393,86928710,2026-10-03 05:30:00,Sat,05:30:00,0,0,GRA,0
ALC,3393,86933222,2026-10-03 05:30:00,Sat,05:30:00,0,0,ALC,0
MAD,3393,86928950,2026-10-03 05:30:00,Sat,05:30:00,0,0,NEM,0
NOM,3393,86926934,2026-10-03 05:30:00,Sat,05:30:00,0,0,NOM,0
SAB,3393,86925446,2026-10-03 05:30:00,Sat,05:30:00,0,0,SAB,0
SAB,3393,86925447,2026-10-03 06:00:00,Sat,06:00:00,0,0,SAB,0
ALC,3393,86933223,2026-10-03 06:00:00,Sat,06:00:00,0,0,ALC,0
GRA,3393,86928711,2026-10-03 06:00:00,Sat,06:00:00,0,0,GRA,0
MAD,3393,86928951,2026-10-03 06:00:00,Sat,06:00:00,0,0,NEM,0
NOM,3393,86926935,2026-10-03 06:00:00,Sat,06:00:00,0,0,NOM,0
NOM,3393,86926936,2026-10-03 06:30:00,Sat,06:30:00,0,0,NOM,0
ALC,3393,86933224,2026-10-03 06:30:00,Sat,06:30:00,0,0,ALC,0
GRA,3393,86928712,2026-10-03 06:30:00,Sat,06:30:00,0,0,GRA,0
MAD,3393,86928952,2026-10-03 06:30:00,Sat,06:30:00,0,0,NEM,0
SAB,3393,86925448,2026-10-03 06:30:00,Sat,06:30:00,0,0,SAB,0
ALC,3393,86933225,2026-10-03 07:00:00,Sat,07:00:00,0,0,ALC,0
SAB,3393,86925449,2026-10-03 07:00:00,Sat,07:00:00,0,0,SAB,0
NOM,3393,86926937,2026-10-03 07:00:00,Sat,07:00:00,0,0,NOM,0
GRA,3393,86928713,2026-10-03 07:00:00,Sat,07:00:00,0,0,GRA,0
MAD,3393,86928953,2026-10-03 07:00:00,Sat,07:00:00,0,0,NEM,0
SAB,3393,86925450,2026-10-03 07:30:00,Sat,07:30:00,0,0,SAB,0
NOM,3393,86926938,2026-10-03 07:30:00,Sat,07:30:00,0,0,NOM,0
GRA,3393,86928714,2026-10-03 07:30:00,Sat,07:30:00,0,0,GRA,0
MAD,3393,86928954,2026-10-03 07:30:00,Sat,07:30:00,0,0,NEM,0
ALC,3393,86933226,2026-10-03 07:30:00,Sat,07:30:00,0,0,ALC,0
SAB,3393,86925451,2026-10-03 08:00:00,Sat,08:00:00,0,0,SAB,0
NOM,3393,86926939,2026-10-03 08:00:00,Sat,08:00:00,0,0,NOM,0
GRA,3393,86928715,2026-10-03 08:00:00,Sat,08:00:00,1,1,GRA,0
MAD,3393,86928955,2026-10-03 08:00:00,Sat,08:00:00,1,1,NEM,1
ALC,3393,86933227,2026-10-03 08:00:00,Sat,08:00:00,1,1,ALC,1
ALC,3393,86933228,2026-10-03 08:30:00,Sat,08:30:00,2,2,ALC,2
SAB,3393,86925452,2026-10-03 08:30:00,Sat,08:30:00,0,0,SAB,0
NOM,3393,86926940,2026-10-03 08:30:00,Sat,08:30:00,2,2,NOM,2
GRA,3393,86928716,2026-10-03 08:30:00,Sat,08:30:00,1,1,GRA,1
MAD,3393,86928956,2026-10-03 08:30:00,Sat,08:30:00,2,2,NEM,2
MAD,3393,86928957,2026-10-03 09:00:00,Sat,09:00:00,3,3,NEM,3
GRA,3393,86928717,2026-10-03 09:00:00,Sat,09:00:00,2,2,GRA,2
SAB,3393,86925453,2026-10-03 09:00:00,Sat,09:00:00,0,0,SAB,0
NOM,3393,86926941,2026-10-03 09:00:00,Sat,09:00:00,5,5,NOM,5
ALC,3393,86933229,2026-10-03 09:00:00,Sat,09:00:00,4,4,ALC,4
MAD,3393,86928958,2026-10-03 09:30:00,Sat,09:30:00,5,5,NEM,4
GRA,3393,86928718,2026-10-03 09:30:00,Sat,09:30:00,3,3,GRA,3
SAB,3393,86925454,2026-10-03 09:30:00,Sat,09:30:00,0,0,SAB,0
NOM,3393,86926942,2026-10-03 09:30:00,Sat,09:30:00,6,6,NOM,5
ALC,3393,86933230,2026-10-03 09:30:00,Sat,09:30:00,4,4,ALC,4
MAD,3393,86928959,2026-10-03 10:00:00,Sat,10:00:00,5,5,NEM,5
GRA,3393,86928719,2026-10-03 10:00:00,Sat,10:00:00,4,4,GRA,4
SAB,3393,86925455,2026-10-03 10:00:00,Sat,10:00:00,0,0,SAB,0
ALC,3393,86933231,2026-10-03 10:00:00,Sat,10:00:00,6,6,ALC,7
NOM,3393,86926943,2026-10-03 10:00:00,Sat,10:00:00,7,7,NOM,6
MAD,3393,86928960,2026-10-03 10:30:00,Sat,10:30:00,5,5,NEM,5
GRA,3393,86928720,2026-10-03 10:30:00,Sat,10:30:00,5,5,GRA,4
NOM,3393,86926944,2026-10-03 10:30:00,Sat,10:30:00,7,7,NOM,6
ALC,3393,86933232,2026-10-03 10:30:00,Sat,10:30:00,7,7,ALC,7
SAB,3393,86925456,2026-10-03 10:30:00,Sat,10:30:00,0,0,SAB,0
GRA,3393,86928721,2026-10-03 11:00:00,Sat,11:00:00,4,4,GRA,3
NOM,3393,86926945,2026-10-03 11:00:00,Sat,11:00:00,7,7,NOM,7
SAB,3393,86925457,2026-10-03 11:00:00,Sat,11:00:00,0,0,SAB,0
ALC,3393,86933233,2026-10-03 11:00:00,Sat,11:00:00,7,7,ALC,8
MAD,3393,86928961,2026-10-03 11:00:00,Sat,11:00:00,5,5,NEM,5
ALC,3393,86933234,2026-10-03 11:30:00,Sat,11:30:00,7,7,ALC,8
GRA,3393,86928722,2026-10-03 11:30:00,Sat,11:30:00,4,4,GRA,4
NOM,3393,86926946,2026-10-03 11:30:00,Sat,11:30:00,7,7,NOM,6
SAB,3393,86925458,2026-10-03 11:30:00,Sat,11:30:00,0,0,SAB,0
MAD,3393,86928962,2026-10-03 11:30:00,Sat,11:30:00,5,5,NEM,5
NOM,3393,86926947,2026-10-03 12:00:00,Sat,12:00:00,9,9,NOM,8
SAB,3393,86925459,2026-10-03 12:00:00,Sat,12:00:00,0,0,SAB,0
GRA,3393,86928723,2026-10-03 12:00:00,Sat,12:00:00,5,5,GRA,5
MAD,3393,86928963,2026-10-03 12:00:00,Sat,12:00:00,6,6,NEM,6
ALC,3393,86933235,2026-10-03 12:00:00,Sat,12:00:00,9,9,ALC,10
GRA,3393,86928724,2026-10-03 12:30:00,Sat,12:30:00,5,5,GRA,6
NOM,3393,86926948,2026-10-03 12:30:00,Sat,12:30:00,10,10,NOM,11
SAB,3393,86925460,2026-10-03 12:30:00,Sat,12:30:00,5,5,SAB,5
MAD,3393,86928964,2026-10-03 12:30:00,Sat,12:30:00,7,7,NEM,8
ALC,3393,86933236,2026-10-03 12:30:00,Sat,12:30:00,10,10,ALC,14
GRA,3393,86928725,2026-10-03 13:00:00,Sat,13:00:00,8,8,GRA,11
NOM,3393,86926949,2026-10-03 13:00:00,Sat,13:00:00,12,12,NOM,15
SAB,3393,86925461,2026-10-03 13:00:00,Sat,13:00:00,8,8,SAB,7
ALC,3393,86933237,2026-10-03 13:00:00,Sat,13:00:00,15,15,ALC,22
MAD,3393,86928965,2026-10-03 13:00:00,Sat,13:00:00,9,9,NEM,11
MAD,3393,86928966,2026-10-03 13:30:00,Sat,13:30:00,14,14,NEM,16
SAB,3393,86925462,2026-10-03 13:30:00,Sat,13:30:00,11,11,SAB,11
NOM,3393,86926950,2026-10-03 13:30:00,Sat,13:30:00,17,17,NOM,21
ALC,3393,86933238,2026-10-03 13:30:00,Sat,13:30:00,24,24,ALC,34
GRA,3393,86928726,2026-10-03 13:30:00,Sat,13:30:00,15,15,GRA,19
GRA,3393,86928727,2026-10-03 14:00:00,Sat,14:00:00,22,22,GRA,28
NOM,3393,86926951,2026-10-03 14:00:00,Sat,14:00:00,21,21,NOM,26
ALC,3393,86933239,2026-10-03 14:00:00,Sat,14:00:00,30,30,ALC,45
SAB,3393,86925463,2026-10-03 14:00:00,Sat,14:00:00,11,11,SAB,11
MAD,3393,86928967,2026-10-03 14:00:00,Sat,14:00:00,17,17,NEM,20
NOM,3393,86926952,2026-10-03 14:30:00,Sat,14:30:00,21,21,NOM,26
SAB,3393,86925464,2026-10-03 14:30:00,Sat,14:30:00,11,11,SAB,11
MAD,3393,86928968,2026-10-03 14:30:00,Sat,14:30:00,16,16,NEM,19
GRA,3393,86928728,2026-10-03 14:30:00,Sat,14:30:00,24,24,GRA,31
ALC,3393,86933240,2026-10-03 14:30:00,Sat,14:30:00,30,30,ALC,43
ALC,3393,86933241,2026-10-03 15:00:00,Sat,15:00:00,22,22,ALC,32
GRA,3393,86928729,2026-10-03 15:00:00,Sat,15:00:00,20,20,GRA,25
NOM,3393,86926953,2026-10-03 15:00:00,Sat,15:00:00,16,16,NOM,20
SAB,3393,86925465,2026-10-03 15:00:00,Sat,15:00:00,11,11,SAB,11
MAD,3393,86928969,2026-10-03 15:00:00,Sat,15:00:00,13,13,NEM,15
MAD,3393,86928970,2026-10-03 15:30:00,Sat,15:30:00,10,10,NEM,11
ALC,3393,86933242,2026-10-03 15:30:00,Sat,15:30:00,16,16,ALC,21
SAB,3393,86925466,2026-10-03 15:30:00,Sat,15:30:00,9,9,SAB,9
GRA,3393,86928730,2026-10-03 15:30:00,Sat,15:30:00,13,13,GRA,15
NOM,3393,86926954,2026-10-03 15:30:00,Sat,15:30:00,13,13,NOM,14
ALC,3393,86933243,2026-10-03 16:00:00,Sat,16:00:00,13,13,ALC,15
MAD,3393,86928971,2026-10-03 16:00:00,Sat,16:00:00,7,7,NEM,7
SAB,3393,86925467,2026-10-03 16:00:00,Sat,16:00:00,6,6,SAB,6
GRA,3393,86928731,2026-10-03 16:00:00,Sat,16:00:00,9,9,GRA,8
NOM,3393,86926955,2026-10-03 16:00:00,Sat,16:00:00,10,10,NOM,10
NOM,3393,86926956,2026-10-03 16:30:00,Sat,16:30:00,9,9,NOM,8
MAD,3393,86928972,2026-10-03 16:30:00,Sat,16:30:00,6,6,NEM,6
ALC,3393,86933244,2026-10-03 16:30:00,Sat,16:30:00,11,11,ALC,13
SAB,3393,86925468,2026-10-03 16:30:00,Sat,16:30:00,6,6,SAB,6
GRA,3393,86928732,2026-10-03 16:30:00,Sat,16:30:00,7,7,GRA,7
GRA,3393,86928733,2026-10-03 17:00:00,Sat,17:00:00,7,7,GRA,7
MAD,3393,86928973,2026-10-03 17:00:00,Sat,17:00:00,5,5,NEM,6
ALC,3393,86933245,2026-10-03 17:00:00,Sat,17:00:00,10,10,ALC,12
SAB,3393,86925469,2026-10-03 17:00:00,Sat,17:00:00,4,4,SAB,4
NOM,3393,86926957,2026-10-03 17:00:00,Sat,17:00:00,8,8,NOM,7
MAD,3393,86928974,2026-10-03 17:30:00,Sat,17:30:00,5,5,NEM,6
NOM,3393,86926958,2026-10-03 17:30:00,Sat,17:30:00,9,9,NOM,8
GRA,3393,86928734,2026-10-03 17:30:00,Sat,17:30:00,7,7,GRA,7
ALC,3393,86933246,2026-10-03 17:30:00,Sat,17:30:00,10,10,ALC,12
SAB,3393,86925470,2026-10-03 17:30:00,Sat,17:30:00,5,5,SAB,5
NOM,3393,86926959,2026-10-03 18:00:00,Sat,18:00:00,9,9,NOM,9
GRA,3393,86928735,2026-10-03 18:00:00,Sat,18:00:00,7,7,GRA,7
ALC,3393,86933247,2026-10-03 18:00:00,Sat,18:00:00,10,10,ALC,12
SAB,3393,86925471,2026-10-03 18:00:00,Sat,18:00:00,4,4,SAB,4
MAD,3393,86928975,2026-10-03 18:00:00,Sat,18:00:00,6,6,NEM,6
NOM,3393,86926960,2026-10-03 18:30:00,Sat,18:30:00,11,11,NOM,10
GRA,3393,86928736,2026-10-03 18:30:00,Sat,18:30:00,8,8,GRA,7
ALC,3393,86933248,2026-10-03 18:30:00,Sat,18:30:00,11,11,ALC,13
SAB,3393,86925472,2026-10-03 18:30:00,Sat,18:30:00,5,5,SAB,5
MAD,3393,86928976,2026-10-03 18:30:00,Sat,18:30:00,6,6,NEM,7
MAD,3393,86928977,2026-10-03 19:00:00,Sat,19:00:00,7,7,NEM,8
NOM,3393,86926961,2026-10-03 19:00:00,Sat,19:00:00,11,11,NOM,12
GRA,3393,86928737,2026-10-03 19:00:00,Sat,19:00:00,7,7,GRA,8
ALC,3393,86933249,2026-10-03 19:00:00,Sat,19:00:00,11,11,ALC,15
SAB,3393,86925473,2026-10-03 19:00:00,Sat,19:00:00,8,8,SAB,7
SAB,3393,86925474,2026-10-03 19:30:00,Sat,19:30:00,11,11,SAB,11
ALC,3393,86933250,2026-10-03 19:30:00,Sat,19:30:00,14,14,ALC,20
NOM,3393,86926962,2026-10-03 19:30:00,Sat,19:30:00,12,12,NOM,15
GRA,3393,86928738,2026-10-03 19:30:00,Sat,19:30:00,7,7,GRA,9
MAD,3393,86928978,2026-10-03 19:30:00,Sat,19:30:00,9,9,NEM,11
SAB,3393,86925475,2026-10-03 20:00:00,Sat,20:00:00,18,18,SAB,17
ALC,3393,86933251,2026-10-03 20:00:00,Sat,20:00:00,22,22,ALC,32
NOM,3393,86926963,2026-10-03 20:00:00,Sat,20:00:00,19,19,NOM,24
GRA,3393,86928739,2026-10-03 20:00:00,Sat,20:00:00,12,12,GRA,16
MAD,3393,86928979,2026-10-03 20:00:00,Sat,20:00:00,15,15,NEM,18
SAB,3393,86925476,2026-10-03 20:30:00,Sat,20:30:00,22,22,SAB,21
ALC,3393,86933252,2026-10-03 20:30:00,Sat,20:30:00,34,34,ALC,48
NOM,3393,86926964,2026-10-03 20:30:00,Sat,20:30:00,26,26,NOM,33
MAD,3393,86928980,2026-10-03 20:30:00,Sat,20:30:00,21,21,NEM,25
GRA,3393,86928740,2026-10-03 20:30:00,Sat,20:30:00,21,21,GRA,28
SAB,3393,86925477,2026-10-03 21:00:00,Sat,21:00:00,15,15,SAB,15
ALC,3393,86933253,2026-10-03 21:00:00,Sat,21:00:00,45,45,ALC,64
GRA,3393,86928741,2026-10-03 21:00:00,Sat,21:00:00,28,28,GRA,36
MAD,3393,86928981,2026-10-03 21:00:00,Sat,21:00:00,25,25,NEM,30
NOM,3393,86926965,2026-10-03 21:00:00,Sat,21:00:00,29,29,NOM,36
ALC,3393,86933254,2026-10-03 21:30:00,Sat,21:30:00,50,50,ALC,71
GRA,3393,86928742,2026-10-03 21:30:00,Sat,21:30:00,30,30,GRA,38
NOM,3393,86926966,2026-10-03 21:30:00,Sat,21:30:00,28,28,NOM,34
MAD,3393,86928982,2026-10-03 21:30:00,Sat,21:30:00,23,23,NEM,28
SAB,3393,86925478,2026-10-03 21:30:00,Sat,21:30:00,18,18,SAB,17
MAD,3393,86928983,2026-10-03 22:00:00,Sat,22:00:00,19,19,NEM,22
ALC,3393,86933255,2026-10-03 22:00:00,Sat,22:00:00,44,44,ALC,63
GRA,3393,86928743,2026-10-03 22:00:00,Sat,22:00:00,28,28,GRA,37
NOM,3393,86926967,2026-10-03 22:00:00,Sat,22:00:00,26,26,NOM,32
SAB,3393,86925479,2026-10-03 22:00:00,Sat,22:00:00,19,19,SAB,19
GRA,3393,86928744,2026-10-03 22:30:00,Sat,22:30:00,24,24,GRA,28
NOM,3393,86926968,2026-10-03 22:30:00,Sat,22:30:00,20,20,NOM,22
ALC,3393,86933256,2026-10-03 22:30:00,Sat,22:30:00,31,31,ALC,42
SAB,3393,86925480,2026-10-03 22:30:00,Sat,22:30:00,8,8,SAB,7
MAD,3393,86928984,2026-10-03 22:30:00,Sat,22:30:00,14,14,NEM,16
ALC,3393,86933257,2026-10-03 23:00:00,Sat,23:00:00,20,20,ALC,22
GRA,3393,86928745,2026-10-03 23:00:00,Sat,23:00:00,17,17,GRA,16
NOM,3393,86926969,2026-10-03 23:00:00,Sat,23:00:00,10,10,NOM,9
SAB,3393,86925481,2026-10-03 23:00:00,Sat,23:00:00,5,5,SAB,5
MAD,3393,86928985,2026-10-03 23:00:00,Sat,23:00:00,10,10,NEM,9
ALC,3393,86933258,2026-10-03 23:30:00,Sat,23:30:00,11,11,ALC,12
GRA,3393,86928746,2026-10-03 23:30:00,Sat,23:30:00,8,8,GRA,8
NOM,3393,86926970,2026-10-03 23:30:00,Sat,23:30:00,5,5,NOM,4
MAD,3393,86928986,2026-10-03 23:30:00,Sat,23:30:00,5,5,NEM,5
SAB,3393,86925482,2026-10-03 23:30:00,Sat,23:30:00,3,3,SAB,2
SAB,3393,86925483,2026-10-04 00:00:00,Sun,00:00:00,0,0,SAB,0
NOM,3393,86926971,2026-10-04 00:00:00,Sun,00:00:00,1,1,NOM,1
GRA,3393,86928747,2026-10-04 00:00:00,Sun,00:00:00,4,4,GRA,4
MAD,3393,86928987,2026-10-04 00:00:00,Sun,00:00:00,2,2,NEM,2
ALC,3393,86933259,2026-10-04 00:00:00,Sun,00:00:00,5,5,ALC,5
ALC,3393,86933260,2026-10-04 00:30:00,Sun,00:30:00,2,2,ALC,2
GRA,3393,86928748,2026-10-04 00:30:00,Sun,00:30:00,2,2,GRA,2
MAD,3393,86928988,2026-10-04 00:30:00,Sun,00:30:00,2,2,NEM,2
NOM,3393,86926972,2026-10-04 00:30:00,Sun,00:30:00,1,1,NOM,1
SAB,3393,86925484,2026-10-04 00:30:00,Sun,00:30:00,0,0,SAB,0
GRA,3393,86928749,2026-10-04 01:00:00,Sun,01:00:00,0,0,GRA,0
NOM,3393,86926973,2026-10-04 01:00:00,Sun,01:00:00,0,0,NOM,0
SAB,3393,86925485,2026-10-04 01:00:00,Sun,01:00:00,0,0,SAB,0
ALC,3393,86933261,2026-10-04 01:00:00,Sun,01:00:00,0,0,ALC,0
MAD,3393,86928989,2026-10-04 01:00:00,Sun,01:00:00,1,1,NEM,1
MAD,3393,86928990,2026-10-04 01:30:00,Sun,01:30:00,1,1,NEM,1
ALC,3393,86933262,2026-10-04 01:30:00,Sun,01:30:00,0,0,ALC,0
GRA,3393,86928750,2026-10-04 01:30:00,Sun,01:30:00,0,0,GRA,0
NOM,3393,86926974,2026-10-04 01:30:00,Sun,01:30:00,0,0,NOM,0
SAB,3393,86925486,2026-10-04 01:30:00,Sun,01:30:00,0,0,SAB,0
SAB,3393,86971279,2026-10-04 02:00:00,Sun,02:00:00,0,0,SAB,0
MAD,3393,86960623,2026-10-04 02:00:00,Sun,02:00:00,0,0,NEM,0
NOM,3393,86974831,2026-10-04 02:00:00,Sun,02:00:00,0,0,NOM,0
ALC,3393,86971951,2026-10-04 02:00:00,Sun,02:00:00,0,0,ALC,0
GRA,3393,86960383,2026-10-04 02:00:00,Sun,02:00:00,0,0,GRA,0
MAD,3393,86960624,2026-10-04 02:30:00,Sun,02:30:00,0,0,NEM,0
SAB,3393,86971280,2026-10-04 02:30:00,Sun,02:30:00,0,0,SAB,0
NOM,3393,86974832,2026-10-04 02:30:00,Sun,02:30:00,0,0,NOM,0
ALC,3393,86971952,2026-10-04 02:30:00,Sun,02:30:00,0,0,ALC,0
GRA,3393,86960384,2026-10-04 02:30:00,Sun,02:30:00,0,0,GRA,0
GRA,3393,86960385,2026-10-04 03:00:00,Sun,03:00:00,0,0,GRA,0
SAB,3393,86971281,2026-10-04 03:00:00,Sun,03:00:00,0,0,SAB,0
MAD,3393,86960625,2026-10-04 03:00:00,Sun,03:00:00,0,0,NEM,0
NOM,3393,86974833,2026-10-04 03:00:00,Sun,03:00:00,0,0,NOM,0
ALC,3393,86971953,2026-10-04 03:00:00,Sun,03:00:00,0,0,ALC,0
ALC,3393,86971954,2026-10-04 03:30:00,Sun,03:30:00,0,0,ALC,0
SAB,3393,86971282,2026-10-04 03:30:00,Sun,03:30:00,0,0,SAB,0
MAD,3393,86960626,2026-10-04 03:30:00,Sun,03:30:00,0,0,NEM,0
NOM,3393,86974834,2026-10-04 03:30:00,Sun,03:30:00,0,0,NOM,0
GRA,3393,86960386,2026-10-04 03:30:00,Sun,03:30:00,0,0,GRA,0
SAB,3393,86971283,2026-10-04 04:00:00,Sun,04:00:00,0,0,SAB,0
GRA,3393,86960387,2026-10-04 04:00:00,Sun,04:00:00,0,0,GRA,0
ALC,3393,86971955,2026-10-04 04:00:00,Sun,04:00:00,0,0,ALC,0
MAD,3393,86960627,2026-10-04 04:00:00,Sun,04:00:00,0,0,NEM,0
NOM,3393,86974835,2026-10-04 04:00:00,Sun,04:00:00,0,0,NOM,0
GRA,3393,86960388,2026-10-04 04:30:00,Sun,04:30:00,0,0,GRA,0
ALC,3393,86971956,2026-10-04 04:30:00,Sun,04:30:00,0,0,ALC,0
MAD,3393,86960628,2026-10-04 04:30:00,Sun,04:30:00,0,0,NEM,0
NOM,3393,86974836,2026-10-04 04:30:00,Sun,04:30:00,0,0,NOM,0
SAB,3393,86971284,2026-10-04 04:30:00,Sun,04:30:00,0,0,SAB,0
GRA,3393,86960389,2026-10-04 05:00:00,Sun,05:00:00,0,0,GRA,0
ALC,3393,86971957,2026-10-04 05:00:00,Sun,05:00:00,0,0,ALC,0
MAD,3393,86960629,2026-10-04 05:00:00,Sun,05:00:00,0,0,NEM,0
NOM,3393,86974837,2026-10-04 05:00:00,Sun,05:00:00,0,0,NOM,0
SAB,3393,86971285,2026-10-04 05:00:00,Sun,05:00:00,0,0,SAB,0
SAB,3393,86971286,2026-10-04 05:30:00,Sun,05:30:00,0,0,SAB,0
GRA,3393,86960390,2026-10-04 05:30:00,Sun,05:30:00,0,0,GRA,0
ALC,3393,86971958,2026-10-04 05:30:00,Sun,05:30:00,0,0,ALC,0
MAD,3393,86960630,2026-10-04 05:30:00,Sun,05:30:00,0,0,NEM,0
NOM,3393,86974838,2026-10-04 05:30:00,Sun,05:30:00,0,0,NOM,0
NOM,3393,86974839,2026-10-04 06:00:00,Sun,06:00:00,0,0,NOM,0
MAD,3393,86960631,2026-10-04 06:00:00,Sun,06:00:00,0,0,NEM,0
GRA,3393,86960391,2026-10-04 06:00:00,Sun,06:00:00,0,0,GRA,0
ALC,3393,86971959,2026-10-04 06:00:00,Sun,06:00:00,0,0,ALC,0
SAB,3393,86971287,2026-10-04 06:00:00,Sun,06:00:00,0,0,SAB,0
NOM,3393,86974840,2026-10-04 06:30:00,Sun,06:30:00,0,0,NOM,0
MAD,3393,86960632,2026-10-04 06:30:00,Sun,06:30:00,0,0,NEM,0
GRA,3393,86960392,2026-10-04 06:30:00,Sun,06:30:00,0,0,GRA,0
ALC,3393,86971960,2026-10-04 06:30:00,Sun,06:30:00,0,0,ALC,0
SAB,3393,86971288,2026-10-04 06:30:00,Sun,06:30:00,0,0,SAB,0
NOM,3393,86974841,2026-10-04 07:00:00,Sun,07:00:00,0,0,NOM,0
MAD,3393,86960633,2026-10-04 07:00:00,Sun,07:00:00,0,0,NEM,0
GRA,3393,86960393,2026-10-04 07:00:00,Sun,07:00:00,0,0,GRA,0
SAB,3393,86971289,2026-10-04 07:00:00,Sun,07:00:00,0,0,SAB,0
ALC,3393,86971961,2026-10-04 07:00:00,Sun,07:00:00,0,0,ALC,0
NOM,3393,86974842,2026-10-04 07:30:00,Sun,07:30:00,0,0,NOM,0
MAD,3393,86960634,2026-10-04 07:30:00,Sun,07:30:00,0,0,NEM,0
ALC,3393,86971962,2026-10-04 07:30:00,Sun,07:30:00,0,0,ALC,0
SAB,3393,86971290,2026-10-04 07:30:00,Sun,07:30:00,0,0,SAB,0
GRA,3393,86960394,2026-10-04 07:30:00,Sun,07:30:00,0,0,GRA,0
MAD,3393,86960635,2026-10-04 08:00:00,Sun,08:00:00,1,1,NEM,1
ALC,3393,86971963,2026-10-04 08:00:00,Sun,08:00:00,0,0,ALC,0
GRA,3393,86960395,2026-10-04 08:00:00,Sun,08:00:00,0,0,GRA,0
SAB,3393,86971291,2026-10-04 08:00:00,Sun,08:00:00,0,0,SAB,0
NOM,3393,86974843,2026-10-04 08:00:00,Sun,08:00:00,1,1,NOM,1
SAB,3393,86971292,2026-10-04 08:30:00,Sun,08:30:00,0,0,SAB,0
MAD,3393,86960636,2026-10-04 08:30:00,Sun,08:30:00,2,2,NEM,2
ALC,3393,86971964,2026-10-04 08:30:00,Sun,08:30:00,0,0,ALC,0
GRA,3393,86960396,2026-10-04 08:30:00,Sun,08:30:00,1,1,GRA,1
NOM,3393,86974844,2026-10-04 08:30:00,Sun,08:30:00,2,2,NOM,2
ALC,3393,86971965,2026-10-04 09:00:00,Sun,09:00:00,3,3,ALC,3
GRA,3393,86960397,2026-10-04 09:00:00,Sun,09:00:00,3,3,GRA,2
MAD,3393,86960637,2026-10-04 09:00:00,Sun,09:00:00,4,4,NEM,3
NOM,3393,86974845,2026-10-04 09:00:00,Sun,09:00:00,4,4,NOM,3
SAB,3393,86971293,2026-10-04 09:00:00,Sun,09:00:00,0,0,SAB,0
MAD,3393,86960638,2026-10-04 09:30:00,Sun,09:30:00,5,5,NEM,4
ALC,3393,86971966,2026-10-04 09:30:00,Sun,09:30:00,4,4,ALC,5
GRA,3393,86960398,2026-10-04 09:30:00,Sun,09:30:00,3,3,GRA,3
NOM,3393,86974846,2026-10-04 09:30:00,Sun,09:30:00,6,6,NOM,5
SAB,3393,86971294,2026-10-04 09:30:00,Sun,09:30:00,0,0,SAB,0
MAD,3393,86960639,2026-10-04 10:00:00,Sun,10:00:00,6,6,NEM,6
ALC,3393,86971967,2026-10-04 10:00:00,Sun,10:00:00,6,6,ALC,6
GRA,3393,86960399,2026-10-04 10:00:00,Sun,10:00:00,5,5,GRA,4
SAB,3393,86971295,2026-10-04 10:00:00,Sun,10:00:00,0,0,SAB,0
NOM,3393,86974847,2026-10-04 10:00:00,Sun,10:00:00,7,7,NOM,6
NOM,3393,86974848,2026-10-04 10:30:00,Sun,10:30:00,8,8,NOM,7
GRA,3393,86960400,2026-10-04 10:30:00,Sun,10:30:00,4,4,GRA,4
ALC,3393,86971968,2026-10-04 10:30:00,Sun,10:30:00,6,6,ALC,7
SAB,3393,86971296,2026-10-04 10:30:00,Sun,10:30:00,0,0,SAB,0
MAD,3393,86960640,2026-10-04 10:30:00,Sun,10:30:00,6,6,NEM,6
MAD,3393,86960641,2026-10-04 11:00:00,Sun,11:00:00,6,6,NEM,5
ALC,3393,86971969,2026-10-04 11:00:00,Sun,11:00:00,6,6,ALC,7
SAB,3393,86971297,2026-10-04 11:00:00,Sun,11:00:00,0,0,SAB,0
GRA,3393,86960401,2026-10-04 11:00:00,Sun,11:00:00,4,4,GRA,4
NOM,3393,86974849,2026-10-04 11:00:00,Sun,11:00:00,9,9,NOM,8
ALC,3393,86971970,2026-10-04 11:30:00,Sun,11:30:00,6,6,ALC,7
GRA,3393,86960402,2026-10-04 11:30:00,Sun,11:30:00,4,4,GRA,4
NOM,3393,86974850,2026-10-04 11:30:00,Sun,11:30:00,8,8,NOM,7
MAD,3393,86960642,2026-10-04 11:30:00,Sun,11:30:00,6,6,NEM,6
SAB,3393,86971298,2026-10-04 11:30:00,Sun,11:30:00,0,0,SAB,0
SAB,3393,86971299,2026-10-04 12:00:00,Sun,12:00:00,0,0,SAB,0
MAD,3393,86960643,2026-10-04 12:00:00,Sun,12:00:00,7,7,NEM,6
ALC,3393,86971971,2026-10-04 12:00:00,Sun,12:00:00,9,9,ALC,10
GRA,3393,86960403,2026-10-04 12:00:00,Sun,12:00:00,5,5,GRA,5
NOM,3393,86974851,2026-10-04 12:00:00,Sun,12:00:00,9,9,NOM,8
NOM,3393,86974852,2026-10-04 12:30:00,Sun,12:30:00,11,11,NOM,12
SAB,3393,86971300,2026-10-04 12:30:00,Sun,12:30:00,6,6,SAB,6
GRA,3393,86960404,2026-10-04 12:30:00,Sun,12:30:00,6,6,GRA,7
MAD,3393,86960644,2026-10-04 12:30:00,Sun,12:30:00,8,8,NEM,9
ALC,3393,86971972,2026-10-04 12:30:00,Sun,12:30:00,10,10,ALC,14
SAB,3393,86971301,2026-10-04 13:00:00,Sun,13:00:00,14,14,SAB,14
NOM,3393,86974853,2026-10-04 13:00:00,Sun,13:00:00,13,13,NOM,16
GRA,3393,86960405,2026-10-04 13:00:00,Sun,13:00:00,11,11,GRA,14
MAD,3393,86960645,2026-10-04 13:00:00,Sun,13:00:00,11,11,NEM,13
ALC,3393,86971973,2026-10-04 13:00:00,Sun,13:00:00,19,19,ALC,27
ALC,3393,86971974,2026-10-04 13:30:00,Sun,13:30:00,33,33,ALC,48
NOM,3393,86974854,2026-10-04 13:30:00,Sun,13:30:00,20,20,NOM,25
SAB,3393,86971302,2026-10-04 13:30:00,Sun,13:30:00,14,14,SAB,14
GRA,3393,86960406,2026-10-04 13:30:00,Sun,13:30:00,23,23,GRA,28
MAD,3393,86960646,2026-10-04 13:30:00,Sun,13:30:00,17,17,NEM,19
MAD,3393,86960647,2026-10-04 14:00:00,Sun,14:00:00,20,20,NEM,24
NOM,3393,86974855,2026-10-04 14:00:00,Sun,14:00:00,25,25,NOM,31
SAB,3393,86971303,2026-10-04 14:00:00,Sun,14:00:00,15,15,SAB,15
GRA,3393,86960407,2026-10-04 14:00:00,Sun,14:00:00,31,31,GRA,39
ALC,3393,86971975,2026-10-04 14:00:00,Sun,14:00:00,40,40,ALC,61
NOM,3393,86974856,2026-10-04 14:30:00,Sun,14:30:00,25,25,NOM,31
ALC,3393,86971976,2026-10-04 14:30:00,Sun,14:30:00,40,40,ALC,58
MAD,3393,86960648,2026-10-04 14:30:00,Sun,14:30:00,20,20,NEM,23
SAB,3393,86971304,2026-10-04 14:30:00,Sun,14:30:00,15,15,SAB,15
GRA,3393,86960408,2026-10-04 14:30:00,Sun,14:30:00,31,31,GRA,39
ALC,3393,86971977,2026-10-04 15:00:00,Sun,15:00:00,30,30,ALC,44
MAD,3393,86960649,2026-10-04 15:00:00,Sun,15:00:00,16,16,NEM,19
SAB,3393,86971305,2026-10-04 15:00:00,Sun,15:00:00,11,11,SAB,11
GRA,3393,86960409,2026-10-04 15:00:00,Sun,15:00:00,27,27,GRA,34
NOM,3393,86974857,2026-10-04 15:00:00,Sun,15:00:00,19,19,NOM,24
ALC,3393,86971978,2026-10-04 15:30:00,Sun,15:30:00,20,20,ALC,27
MAD,3393,86960650,2026-10-04 15:30:00,Sun,15:30:00,13,13,NEM,14
SAB,3393,86971306,2026-10-04 15:30:00,Sun,15:30:00,10,10,SAB,10
GRA,3393,86960410,2026-10-04 15:30:00,Sun,15:30:00,20,20,GRA,23
NOM,3393,86974858,2026-10-04 15:30:00,Sun,15:30:00,16,16,NOM,17
NOM,3393,86974859,2026-10-04 16:00:00,Sun,16:00:00,14,14,NOM,13
ALC,3393,86971979,2026-10-04 16:00:00,Sun,16:00:00,15,15,ALC,17
MAD,3393,86960651,2026-10-04 16:00:00,Sun,16:00:00,9,9,NEM,10
SAB,3393,86971307,2026-10-04 16:00:00,Sun,16:00:00,8,8,SAB,7
GRA,3393,86960411,2026-10-04 16:00:00,Sun,16:00:00,16,16,GRA,15
GRA,3393,86960412,2026-10-04 16:30:00,Sun,16:30:00,11,11,GRA,10
SAB,3393,86971308,2026-10-04 16:30:00,Sun,16:30:00,8,8,SAB,7
ALC,3393,86971980,2026-10-04 16:30:00,Sun,16:30:00,12,12,ALC,14
MAD,3393,86960652,2026-10-04 16:30:00,Sun,16:30:00,7,7,NEM,8
NOM,3393,86974860,2026-10-04 16:30:00,Sun,16:30:00,10,10,NOM,10
GRA,3393,86960413,2026-10-04 17:00:00,Sun,17:00:00,10,10,GRA,10
SAB,3393,86971309,2026-10-04 17:00:00,Sun,17:00:00,9,9,SAB,9
ALC,3393,86971981,2026-10-04 17:00:00,Sun,17:00:00,12,12,ALC,14
MAD,3393,86960653,2026-10-04 17:00:00,Sun,17:00:00,7,7,NEM,7
NOM,3393,86974861,2026-10-04 17:00:00,Sun,17:00:00,10,10,NOM,9
GRA,3393,86960414,2026-10-04 17:30:00,Sun,17:30:00,11,11,GRA,10
SAB,3393,86971310,2026-10-04 17:30:00,Sun,17:30:00,8,8,SAB,7
ALC,3393,86971982,2026-10-04 17:30:00,Sun,17:30:00,12,12,ALC,14
NOM,3393,86974862,2026-10-04 17:30:00,Sun,17:30:00,10,10,NOM,10
MAD,3393,86960654,2026-10-04 17:30:00,Sun,17:30:00,7,7,NEM,7
GRA,3393,86960415,2026-10-04 18:00:00,Sun,18:00:00,9,9,GRA,9
SAB,3393,86971311,2026-10-04 18:00:00,Sun,18:00:00,6,6,SAB,6
MAD,3393,86960655,2026-10-04 18:00:00,Sun,18:00:00,7,7,NEM,8
NOM,3393,86974863,2026-10-04 18:00:00,Sun,18:00:00,11,11,NOM,10
ALC,3393,86971983,2026-10-04 18:00:00,Sun,18:00:00,12,12,ALC,15
SAB,3393,86971312,2026-10-04 18:30:00,Sun,18:30:00,8,8,SAB,7
MAD,3393,86960656,2026-10-04 18:30:00,Sun,18:30:00,8,8,NEM,8
ALC,3393,86971984,2026-10-04 18:30:00,Sun,18:30:00,14,14,ALC,16
NOM,3393,86974864,2026-10-04 18:30:00,Sun,18:30:00,13,13,NOM,12
GRA,3393,86960416,2026-10-04 18:30:00,Sun,18:30:00,9,9,GRA,9
NOM,3393,86974865,2026-10-04 19:00:00,Sun,19:00:00,13,13,NOM,13
SAB,3393,86971313,2026-10-04 19:00:00,Sun,19:00:00,14,14,SAB,14
MAD,3393,86960657,2026-10-04 19:00:00,Sun,19:00:00,8,8,NEM,10
ALC,3393,86971985,2026-10-04 19:00:00,Sun,19:00:00,15,15,ALC,20
GRA,3393,86960417,2026-10-04 19:00:00,Sun,19:00:00,9,9,GRA,9
MAD,3393,86960658,2026-10-04 19:30:00,Sun,19:30:00,12,12,NEM,14
ALC,3393,86971986,2026-10-04 19:30:00,Sun,19:30:00,20,20,ALC,29
SAB,3393,86971314,2026-10-04 19:30:00,Sun,19:30:00,15,15,SAB,15
GRA,3393,86960418,2026-10-04 19:30:00,Sun,19:30:00,10,10,GRA,13
NOM,3393,86974866,2026-10-04 19:30:00,Sun,19:30:00,14,14,NOM,18
SAB,3393,86971315,2026-10-04 20:00:00,Sun,20:00:00,23,23,SAB,22
MAD,3393,86960659,2026-10-04 20:00:00,Sun,20:00:00,19,19,NEM,22
ALC,3393,86971987,2026-10-04 20:00:00,Sun,20:00:00,35,35,ALC,51
GRA,3393,86960419,2026-10-04 20:00:00,Sun,20:00:00,20,20,GRA,26
NOM,3393,86974867,2026-10-04 20:00:00,Sun,20:00:00,22,22,NOM,27
SAB,3393,86971316,2026-10-04 20:30:00,Sun,20:30:00,20,20,SAB,20
MAD,3393,86960660,2026-10-04 20:30:00,Sun,20:30:00,25,25,NEM,29
ALC,3393,86971988,2026-10-04 20:30:00,Sun,20:30:00,51,51,ALC,73
NOM,3393,86974868,2026-10-04 20:30:00,Sun,20:30:00,32,32,NOM,39
GRA,3393,86960420,2026-10-04 20:30:00,Sun,20:30:00,31,31,GRA,41
GRA,3393,86960421,2026-10-04 21:00:00,Sun,21:00:00,38,38,GRA,50
ALC,3393,86971989,2026-10-04 21:00:00,Sun,21:00:00,58,58,ALC,83
MAD,3393,86960661,2026-10-04 21:00:00,Sun,21:00:00,25,25,NEM,30
NOM,3393,86974869,2026-10-04 21:00:00,Sun,21:00:00,32,32,NOM,39
SAB,3393,86971317,2026-10-04 21:00:00,Sun,21:00:00,25,25,SAB,25
SAB,3393,86971318,2026-10-04 21:30:00,Sun,21:30:00,14,14,SAB,14
MAD,3393,86960662,2026-10-04 21:30:00,Sun,21:30:00,22,22,NEM,26
NOM,3393,86974870,2026-10-04 21:30:00,Sun,21:30:00,27,27,NOM,33
ALC,3393,86971990,2026-10-04 21:30:00,Sun,21:30:00,53,53,ALC,76
GRA,3393,86960422,2026-10-04 21:30:00,Sun,21:30:00,38,38,GRA,49
MAD,3393,86960663,2026-10-04 22:00:00,Sun,22:00:00,14,14,NEM,16
ALC,3393,86971991,2026-10-04 22:00:00,Sun,22:00:00,36,36,ALC,51
GRA,3393,86960423,2026-10-04 22:00:00,Sun,22:00:00,36,36,GRA,47
SAB,3393,86971319,2026-10-04 22:00:00,Sun,22:00:00,13,13,SAB,12
NOM,3393,86974871,2026-10-04 22:00:00,Sun,22:00:00,18,18,NOM,22
NOM,3393,86974872,2026-10-04 22:30:00,Sun,22:30:00,9,9,NOM,10
SAB,3393,86971320,2026-10-04 22:30:00,Sun,22:30:00,5,5,SAB,5
MAD,3393,86960664,2026-10-04 22:30:00,Sun,22:30:00,8,8,NEM,10
ALC,3393,86971992,2026-10-04 22:30:00,Sun,22:30:00,22,22,ALC,30
GRA,3393,86960424,2026-10-04 22:30:00,Sun,22:30:00,30,30,GRA,35
GRA,3393,86960425,2026-10-04 23:00:00,Sun,23:00:00,17,17,GRA,16
NOM,3393,86974873,2026-10-04 23:00:00,Sun,23:00:00,4,4,NOM,3
ALC,3393,86971993,2026-10-04 23:00:00,Sun,23:00:00,13,13,ALC,14
SAB,3393,86971321,2026-10-04 23:00:00,Sun,23:00:00,3,3,SAB,2
MAD,3393,86960665,2026-10-04 23:00:00,Sun,23:00:00,5,5,NEM,4
NOM,3393,86974874,2026-10-04 23:30:00,Sun,23:30:00,1,1,NOM,1
GRA,3393,86960426,2026-10-04 23:30:00,Sun,23:30:00,8,8,GRA,7
ALC,3393,86971994,2026-10-04 23:30:00,Sun,23:30:00,7,7,ALC,8
SAB,3393,86971322,2026-10-04 23:30:00,Sun,23:30:00,3,3,SAB,2
MAD,3393,86960666,2026-10-04 23:30:00,Sun,23:30:00,2,2,NEM,2
