city_code,c3pl_id,slot_id,slot_started_local_at,day_of_week,time,max_couriers_pilot,available_capacity,final_order_forecast
ALC,3393,83733454,2026-06-22 00:00:00,Mon,00:00:00,3,0,3.0
ALC,3393,83733455,2026-06-22 00:30:00,Mon,00:30:00,1,1,1.0
ALC,3393,83733456,2026-06-22 01:00:00,Mon,01:00:00,0,0,0.0
ALC,3393,83733457,2026-06-22 01:30:00,Mon,01:30:00,0,0,0.0
ALC,3393,83760434,2026-06-22 02:00:00,Mon,02:00:00,0,0,0.0
ALC,3393,83760435,2026-06-22 02:30:00,Mon,02:30:00,0,0,0.0
ALC,3393,83760436,2026-06-22 03:00:00,Mon,03:00:00,0,0,0.0
ALC,3393,83760437,2026-06-22 03:30:00,Mon,03:30:00,0,0,0.0
ALC,3393,83760438,2026-06-22 04:00:00,Mon,04:00:00,0,0,0.0
ALC,3393,83760439,2026-06-22 04:30:00,Mon,04:30:00,0,0,0.0
ALC,3393,83760440,2026-06-22 05:00:00,Mon,05:00:00,0,0,0.0
ALC,3393,83760441,2026-06-22 05:30:00,Mon,05:30:00,0,0,0.0
ALC,3393,83760442,2026-06-22 06:00:00,Mon,06:00:00,0,0,0.0
ALC,3393,83760443,2026-06-22 06:30:00,Mon,06:30:00,0,0,0.0
ALC,3393,83760444,2026-06-22 07:00:00,Mon,07:00:00,0,0,0.0
ALC,3393,83760445,2026-06-22 07:30:00,Mon,07:30:00,0,0,0.0
ALC,3393,83760446,2026-06-22 08:00:00,Mon,08:00:00,0,0,0.0
ALC,3393,83760447,2026-06-22 08:30:00,Mon,08:30:00,1,0,0.0
ALC,3393,83760448,2026-06-22 09:00:00,Mon,09:00:00,1,0,1.0
ALC,3393,83760449,2026-06-22 09:30:00,Mon,09:30:00,1,0,1.0
ALC,3393,83760450,2026-06-22 10:00:00,Mon,10:00:00,4,0,5.0
ALC,3393,83760451,2026-06-22 10:30:00,Mon,10:30:00,4,0,6.0
ALC,3393,83760452,2026-06-22 11:00:00,Mon,11:00:00,5,0,6.0
ALC,3393,83760453,2026-06-22 11:30:00,Mon,11:30:00,5,0,6.0
ALC,3393,83760454,2026-06-22 12:00:00,Mon,12:00:00,7,1,9.0
ALC,3393,83760455,2026-06-22 12:30:00,Mon,12:30:00,6,0,8.0
ALC,3393,83760456,2026-06-22 13:00:00,Mon,13:00:00,9,0,12.0
ALC,3393,83760457,2026-06-22 13:30:00,Mon,13:30:00,12,0,16.0
ALC,3393,83760458,2026-06-22 14:00:00,Mon,14:00:00,15,0,20.0
ALC,3393,83760459,2026-06-22 14:30:00,Mon,14:30:00,15,0,20.0
ALC,3393,83760460,2026-06-22 15:00:00,Mon,15:00:00,12,1,16.0
ALC,3393,83760461,2026-06-22 15:30:00,Mon,15:30:00,10,1,13.0
ALC,3393,83760462,2026-06-22 16:00:00,Mon,16:00:00,7,0,10.0
ALC,3393,83760463,2026-06-22 16:30:00,Mon,16:30:00,6,0,8.0
ALC,3393,83760464,2026-06-22 17:00:00,Mon,17:00:00,6,0,7.0
ALC,3393,83760465,2026-06-22 17:30:00,Mon,17:30:00,8,0,10.0
ALC,3393,83760466,2026-06-22 18:00:00,Mon,18:00:00,7,0,9.0
ALC,3393,83760467,2026-06-22 18:30:00,Mon,18:30:00,7,0,10.0
ALC,3393,83760468,2026-06-22 19:00:00,Mon,19:00:00,8,0,10.0
ALC,3393,83760469,2026-06-22 19:30:00,Mon,19:30:00,10,0,13.0
ALC,3393,83760470,2026-06-22 20:00:00,Mon,20:00:00,12,0,16.0
ALC,3393,83760471,2026-06-22 20:30:00,Mon,20:30:00,17,0,23.0
ALC,3393,83760472,2026-06-22 21:00:00,Mon,21:00:00,21,1,29.0
ALC,3393,83760473,2026-06-22 21:30:00,Mon,21:30:00,21,1,28.0
ALC,3393,83760474,2026-06-22 22:00:00,Mon,22:00:00,19,1,26.0
ALC,3393,83760475,2026-06-22 22:30:00,Mon,22:30:00,16,1,22.0
ALC,3393,83760476,2026-06-22 23:00:00,Mon,23:00:00,12,0,16.0
ALC,3393,83760477,2026-06-22 23:30:00,Mon,23:30:00,5,0,7.0
ALC,3393,83760478,2026-06-23 00:00:00,Tue,00:00:00,1,0,1.0
ALC,3393,83760479,2026-06-23 00:30:00,Tue,00:30:00,0,0,0.0
ALC,3393,83760480,2026-06-23 01:00:00,Tue,01:00:00,0,0,0.0
ALC,3393,83760481,2026-06-23 01:30:00,Tue,01:30:00,0,0,0.0
ALC,3393,83760482,2026-06-23 02:00:00,Tue,02:00:00,0,0,0.0
ALC,3393,83760483,2026-06-23 02:30:00,Tue,02:30:00,0,0,0.0
ALC,3393,83760484,2026-06-23 03:00:00,Tue,03:00:00,0,0,0.0
ALC,3393,83760485,2026-06-23 03:30:00,Tue,03:30:00,0,0,0.0
ALC,3393,83760486,2026-06-23 04:00:00,Tue,04:00:00,0,0,0.0
ALC,3393,83760487,2026-06-23 04:30:00,Tue,04:30:00,0,0,0.0
ALC,3393,83760488,2026-06-23 05:00:00,Tue,05:00:00,0,0,0.0
ALC,3393,83760489,2026-06-23 05:30:00,Tue,05:30:00,0,0,0.0
ALC,3393,83760490,2026-06-23 06:00:00,Tue,06:00:00,0,0,0.0
ALC,3393,83760491,2026-06-23 06:30:00,Tue,06:30:00,0,0,0.0
ALC,3393,83760492,2026-06-23 07:00:00,Tue,07:00:00,0,0,0.0
ALC,3393,83760493,2026-06-23 07:30:00,Tue,07:30:00,0,0,0.0
ALC,3393,83760494,2026-06-23 08:00:00,Tue,08:00:00,0,0,0.0
ALC,3393,83760495,2026-06-23 08:30:00,Tue,08:30:00,0,0,0.0
ALC,3393,83760496,2026-06-23 09:00:00,Tue,09:00:00,1,0,1.0
ALC,3393,83760497,2026-06-23 09:30:00,Tue,09:30:00,2,0,2.0
ALC,3393,83760498,2026-06-23 10:00:00,Tue,10:00:00,4,0,5.0
ALC,3393,83760499,2026-06-23 10:30:00,Tue,10:30:00,4,0,5.0
ALC,3393,83760500,2026-06-23 11:00:00,Tue,11:00:00,6,0,8.0
ALC,3393,83760501,2026-06-23 11:30:00,Tue,11:30:00,6,0,8.0
ALC,3393,83760502,2026-06-23 12:00:00,Tue,12:00:00,7,0,10.0
ALC,3393,83760503,2026-06-23 12:30:00,Tue,12:30:00,8,0,10.0
ALC,3393,83760504,2026-06-23 13:00:00,Tue,13:00:00,13,0,18.0
ALC,3393,83760505,2026-06-23 13:30:00,Tue,13:30:00,18,0,23.0
ALC,3393,83760506,2026-06-23 14:00:00,Tue,14:00:00,19,0,26.0
ALC,3393,83760507,2026-06-23 14:30:00,Tue,14:30:00,20,1,27.0
ALC,3393,83760508,2026-06-23 15:00:00,Tue,15:00:00,16,0,21.0
ALC,3393,83760509,2026-06-23 15:30:00,Tue,15:30:00,14,0,18.0
ALC,3393,83760510,2026-06-23 16:00:00,Tue,16:00:00,10,0,14.0
ALC,3393,83760511,2026-06-23 16:30:00,Tue,16:30:00,9,0,12.0
ALC,3393,83760512,2026-06-23 17:00:00,Tue,17:00:00,8,-1,11.0
ALC,3393,83760513,2026-06-23 17:30:00,Tue,17:30:00,9,0,11.0
ALC,3393,83760514,2026-06-23 18:00:00,Tue,18:00:00,11,3,14.0
ALC,3393,83760515,2026-06-23 18:30:00,Tue,18:30:00,11,1,14.0
ALC,3393,83760516,2026-06-23 19:00:00,Tue,19:00:00,10,0,14.0
ALC,3393,83760517,2026-06-23 19:30:00,Tue,19:30:00,11,0,15.0
ALC,3393,83760518,2026-06-23 20:00:00,Tue,20:00:00,21,0,28.0
ALC,3393,83760519,2026-06-23 20:30:00,Tue,20:30:00,30,0,41.0
ALC,3393,83760520,2026-06-23 21:00:00,Tue,21:00:00,35,0,47.0
ALC,3393,83760521,2026-06-23 21:30:00,Tue,21:30:00,34,0,46.0
ALC,3393,83760522,2026-06-23 22:00:00,Tue,22:00:00,30,0,40.0
ALC,3393,83760523,2026-06-23 22:30:00,Tue,22:30:00,24,0,32.0
ALC,3393,83760524,2026-06-23 23:00:00,Tue,23:00:00,15,0,20.0
ALC,3393,83760525,2026-06-23 23:30:00,Tue,23:30:00,7,0,10.0
ALC,3393,83760526,2026-06-24 00:00:00,Wed,00:00:00,2,0,2.0
ALC,3393,83760527,2026-06-24 00:30:00,Wed,00:30:00,1,0,1.0
ALC,3393,83760528,2026-06-24 01:00:00,Wed,01:00:00,0,0,0.0
ALC,3393,83760529,2026-06-24 01:30:00,Wed,01:30:00,0,0,0.0
ALC,3393,83796530,2026-06-24 02:00:00,Wed,02:00:00,0,0,0.0
ALC,3393,83796531,2026-06-24 02:30:00,Wed,02:30:00,0,0,0.0
ALC,3393,83796532,2026-06-24 03:00:00,Wed,03:00:00,0,0,0.0
ALC,3393,83796533,2026-06-24 03:30:00,Wed,03:30:00,0,0,0.0
ALC,3393,83796534,2026-06-24 04:00:00,Wed,04:00:00,0,0,0.0
ALC,3393,83796535,2026-06-24 04:30:00,Wed,04:30:00,0,0,0.0
ALC,3393,83796536,2026-06-24 05:00:00,Wed,05:00:00,0,0,0.0
ALC,3393,83796537,2026-06-24 05:30:00,Wed,05:30:00,0,0,0.0
ALC,3393,83796538,2026-06-24 06:00:00,Wed,06:00:00,0,0,0.0
ALC,3393,83796539,2026-06-24 06:30:00,Wed,06:30:00,0,0,0.0
ALC,3393,83796540,2026-06-24 07:00:00,Wed,07:00:00,0,0,0.0
ALC,3393,83796541,2026-06-24 07:30:00,Wed,07:30:00,0,0,0.0
ALC,3393,83796542,2026-06-24 08:00:00,Wed,08:00:00,0,0,0.0
ALC,3393,83796543,2026-06-24 08:30:00,Wed,08:30:00,1,0,1.0
ALC,3393,83796544,2026-06-24 09:00:00,Wed,09:00:00,1,0,1.0
ALC,3393,83796545,2026-06-24 09:30:00,Wed,09:30:00,3,0,3.0
ALC,3393,83796546,2026-06-24 10:00:00,Wed,10:00:00,4,0,5.0
ALC,3393,83796547,2026-06-24 10:30:00,Wed,10:30:00,4,0,5.0
ALC,3393,83796548,2026-06-24 11:00:00,Wed,11:00:00,4,0,6.0
ALC,3393,83796549,2026-06-24 11:30:00,Wed,11:30:00,7,0,9.0
ALC,3393,83796550,2026-06-24 12:00:00,Wed,12:00:00,10,1,12.0
ALC,3393,83796551,2026-06-24 12:30:00,Wed,12:30:00,10,1,12.0
ALC,3393,83796552,2026-06-24 13:00:00,Wed,13:00:00,13,1,17.0
ALC,3393,83796553,2026-06-24 13:30:00,Wed,13:30:00,20,0,27.0
ALC,3393,83796554,2026-06-24 14:00:00,Wed,14:00:00,24,0,33.0
ALC,3393,83796555,2026-06-24 14:30:00,Wed,14:30:00,24,0,33.0
ALC,3393,83796556,2026-06-24 15:00:00,Wed,15:00:00,17,-1,23.0
ALC,3393,83796557,2026-06-24 15:30:00,Wed,15:30:00,13,-1,17.0
ALC,3393,83796558,2026-06-24 16:00:00,Wed,16:00:00,10,0,13.0
ALC,3393,83796559,2026-06-24 16:30:00,Wed,16:30:00,10,0,13.0
ALC,3393,83796560,2026-06-24 17:00:00,Wed,17:00:00,10,0,13.0
ALC,3393,83796561,2026-06-24 17:30:00,Wed,17:30:00,10,0,13.0
ALC,3393,83796562,2026-06-24 18:00:00,Wed,18:00:00,12,-1,15.0
ALC,3393,83796563,2026-06-24 18:30:00,Wed,18:30:00,12,-1,16.0
ALC,3393,83796564,2026-06-24 19:00:00,Wed,19:00:00,13,1,17.0
ALC,3393,83796565,2026-06-24 19:30:00,Wed,19:30:00,13,0,18.0
ALC,3393,83796566,2026-06-24 20:00:00,Wed,20:00:00,23,0,31.0
ALC,3393,83796567,2026-06-24 20:30:00,Wed,20:30:00,36,0,48.0
ALC,3393,83796568,2026-06-24 21:00:00,Wed,21:00:00,43,3,58.0
ALC,3393,83796569,2026-06-24 21:30:00,Wed,21:30:00,42,2,57.0
ALC,3393,83796570,2026-06-24 22:00:00,Wed,22:00:00,33,0,45.0
ALC,3393,83796571,2026-06-24 22:30:00,Wed,22:30:00,21,0,29.0
ALC,3393,83796572,2026-06-24 23:00:00,Wed,23:00:00,17,0,22.0
ALC,3393,83796573,2026-06-24 23:30:00,Wed,23:30:00,8,0,11.0
ALC,3393,83796574,2026-06-25 00:00:00,Thu,00:00:00,2,0,2.0
ALC,3393,83796575,2026-06-25 00:30:00,Thu,00:30:00,1,0,1.0
ALC,3393,83796576,2026-06-25 01:00:00,Thu,01:00:00,0,0,0.0
ALC,3393,83796577,2026-06-25 01:30:00,Thu,01:30:00,0,0,0.0
ALC,3393,83796578,2026-06-25 02:00:00,Thu,02:00:00,0,0,0.0
ALC,3393,83796579,2026-06-25 02:30:00,Thu,02:30:00,0,0,0.0
ALC,3393,83796580,2026-06-25 03:00:00,Thu,03:00:00,0,0,0.0
ALC,3393,83796581,2026-06-25 03:30:00,Thu,03:30:00,0,0,0.0
ALC,3393,83796582,2026-06-25 04:00:00,Thu,04:00:00,0,0,0.0
ALC,3393,83796583,2026-06-25 04:30:00,Thu,04:30:00,0,0,0.0
ALC,3393,83796584,2026-06-25 05:00:00,Thu,05:00:00,0,0,0.0
ALC,3393,83796585,2026-06-25 05:30:00,Thu,05:30:00,0,0,0.0
ALC,3393,83796586,2026-06-25 06:00:00,Thu,06:00:00,0,0,0.0
ALC,3393,83796587,2026-06-25 06:30:00,Thu,06:30:00,0,0,0.0
ALC,3393,83796588,2026-06-25 07:00:00,Thu,07:00:00,0,0,0.0
ALC,3393,83796589,2026-06-25 07:30:00,Thu,07:30:00,0,0,0.0
ALC,3393,83796590,2026-06-25 08:00:00,Thu,08:00:00,0,0,0.0
ALC,3393,83796591,2026-06-25 08:30:00,Thu,08:30:00,1,0,0.0
ALC,3393,83796592,2026-06-25 09:00:00,Thu,09:00:00,1,0,1.0
ALC,3393,83796593,2026-06-25 09:30:00,Thu,09:30:00,2,0,2.0
ALC,3393,83796594,2026-06-25 10:00:00,Thu,10:00:00,3,0,3.0
ALC,3393,83796595,2026-06-25 10:30:00,Thu,10:30:00,4,0,5.0
ALC,3393,83796596,2026-06-25 11:00:00,Thu,11:00:00,4,0,5.0
ALC,3393,83796597,2026-06-25 11:30:00,Thu,11:30:00,4,0,5.0
ALC,3393,83796598,2026-06-25 12:00:00,Thu,12:00:00,6,0,8.0
ALC,3393,83796599,2026-06-25 12:30:00,Thu,12:30:00,6,0,8.0
ALC,3393,83796600,2026-06-25 13:00:00,Thu,13:00:00,9,0,12.0
ALC,3393,83796601,2026-06-25 13:30:00,Thu,13:30:00,13,0,18.0
ALC,3393,83796602,2026-06-25 14:00:00,Thu,14:00:00,15,0,20.0
ALC,3393,83796603,2026-06-25 14:30:00,Thu,14:30:00,15,1,20.0
ALC,3393,83796604,2026-06-25 15:00:00,Thu,15:00:00,12,1,16.0
ALC,3393,83796605,2026-06-25 15:30:00,Thu,15:30:00,10,1,13.0
ALC,3393,83796606,2026-06-25 16:00:00,Thu,16:00:00,8,1,10.0
ALC,3393,83796607,2026-06-25 16:30:00,Thu,16:30:00,6,0,8.0
ALC,3393,83796608,2026-06-25 17:00:00,Thu,17:00:00,5,0,6.0
ALC,3393,83796609,2026-06-25 17:30:00,Thu,17:30:00,6,0,8.0
ALC,3393,83796610,2026-06-25 18:00:00,Thu,18:00:00,7,0,9.0
ALC,3393,83796611,2026-06-25 18:30:00,Thu,18:30:00,6,0,8.0
ALC,3393,83796612,2026-06-25 19:00:00,Thu,19:00:00,7,0,9.0
ALC,3393,83796613,2026-06-25 19:30:00,Thu,19:30:00,10,0,13.0
ALC,3393,83796614,2026-06-25 20:00:00,Thu,20:00:00,17,-1,22.0
ALC,3393,83796615,2026-06-25 20:30:00,Thu,20:30:00,25,-1,33.0
ALC,3393,83796616,2026-06-25 21:00:00,Thu,21:00:00,29,-1,39.0
ALC,3393,83796617,2026-06-25 21:30:00,Thu,21:30:00,28,-1,38.0
ALC,3393,83796618,2026-06-25 22:00:00,Thu,22:00:00,25,-1,34.0
ALC,3393,83796619,2026-06-25 22:30:00,Thu,22:30:00,20,-1,26.0
ALC,3393,83796620,2026-06-25 23:00:00,Thu,23:00:00,13,-1,18.0
ALC,3393,83796621,2026-06-25 23:30:00,Thu,23:30:00,6,0,7.0
ALC,3393,83796622,2026-06-26 00:00:00,Fri,00:00:00,2,0,2.0
ALC,3393,83796623,2026-06-26 00:30:00,Fri,00:30:00,1,0,0.0
ALC,3393,83796624,2026-06-26 01:00:00,Fri,01:00:00,0,0,0.0
ALC,3393,83796625,2026-06-26 01:30:00,Fri,01:30:00,0,0,0.0
ALC,3393,83838962,2026-06-26 02:00:00,Fri,02:00:00,0,0,0.0
ALC,3393,83838963,2026-06-26 02:30:00,Fri,02:30:00,0,0,0.0
ALC,3393,83838964,2026-06-26 03:00:00,Fri,03:00:00,0,0,0.0
ALC,3393,83838965,2026-06-26 03:30:00,Fri,03:30:00,0,0,0.0
ALC,3393,83838966,2026-06-26 04:00:00,Fri,04:00:00,0,0,0.0
ALC,3393,83838967,2026-06-26 04:30:00,Fri,04:30:00,0,0,0.0
ALC,3393,83838968,2026-06-26 05:00:00,Fri,05:00:00,0,0,0.0
ALC,3393,83838969,2026-06-26 05:30:00,Fri,05:30:00,0,0,0.0
ALC,3393,83838970,2026-06-26 06:00:00,Fri,06:00:00,0,0,0.0
ALC,3393,83838971,2026-06-26 06:30:00,Fri,06:30:00,0,0,0.0
ALC,3393,83838972,2026-06-26 07:00:00,Fri,07:00:00,0,0,0.0
ALC,3393,83838973,2026-06-26 07:30:00,Fri,07:30:00,0,0,0.0
ALC,3393,83838974,2026-06-26 08:00:00,Fri,08:00:00,0,0,0.0
ALC,3393,83838975,2026-06-26 08:30:00,Fri,08:30:00,1,0,0.0
ALC,3393,83838976,2026-06-26 09:00:00,Fri,09:00:00,1,0,1.0
ALC,3393,83838977,2026-06-26 09:30:00,Fri,09:30:00,2,0,2.0
ALC,3393,83838978,2026-06-26 10:00:00,Fri,10:00:00,4,0,4.0
ALC,3393,83838979,2026-06-26 10:30:00,Fri,10:30:00,4,0,5.0
ALC,3393,83838980,2026-06-26 11:00:00,Fri,11:00:00,5,0,6.0
ALC,3393,83838981,2026-06-26 11:30:00,Fri,11:30:00,5,0,6.0
ALC,3393,83838982,2026-06-26 12:00:00,Fri,12:00:00,7,0,9.0
ALC,3393,83838983,2026-06-26 12:30:00,Fri,12:30:00,8,0,10.0
ALC,3393,83838984,2026-06-26 13:00:00,Fri,13:00:00,12,0,15.0
ALC,3393,83838985,2026-06-26 13:30:00,Fri,13:30:00,17,-1,23.0
ALC,3393,83838986,2026-06-26 14:00:00,Fri,14:00:00,21,0,28.0
ALC,3393,83838987,2026-06-26 14:30:00,Fri,14:30:00,21,0,28.0
ALC,3393,83838988,2026-06-26 15:00:00,Fri,15:00:00,16,0,21.0
ALC,3393,83838989,2026-06-26 15:30:00,Fri,15:30:00,13,0,17.0
ALC,3393,83838990,2026-06-26 16:00:00,Fri,16:00:00,9,-2,11.0
ALC,3393,83838991,2026-06-26 16:30:00,Fri,16:30:00,7,-1,10.0
ALC,3393,83838992,2026-06-26 17:00:00,Fri,17:00:00,6,0,8.0
ALC,3393,83838993,2026-06-26 17:30:00,Fri,17:30:00,7,1,9.0
ALC,3393,83838994,2026-06-26 18:00:00,Fri,18:00:00,8,1,10.0
ALC,3393,83838995,2026-06-26 18:30:00,Fri,18:30:00,10,1,12.0
ALC,3393,83838996,2026-06-26 19:00:00,Fri,19:00:00,10,-1,14.0
ALC,3393,83838997,2026-06-26 19:30:00,Fri,19:30:00,15,-1,20.0
ALC,3393,83838998,2026-06-26 20:00:00,Fri,20:00:00,25,-1,34.0
ALC,3393,83838999,2026-06-26 20:30:00,Fri,20:30:00,37,-1,50.0
ALC,3393,83839000,2026-06-26 21:00:00,Fri,21:00:00,47,-1,63.0
ALC,3393,83839001,2026-06-26 21:30:00,Fri,21:30:00,45,-1,62.0
ALC,3393,83839002,2026-06-26 22:00:00,Fri,22:00:00,42,-1,56.0
ALC,3393,83839003,2026-06-26 22:30:00,Fri,22:30:00,32,-1,44.0
ALC,3393,83839004,2026-06-26 23:00:00,Fri,23:00:00,26,0,35.0
ALC,3393,83839005,2026-06-26 23:30:00,Fri,23:30:00,11,0,15.0
ALC,3393,83839006,2026-06-27 00:00:00,Sat,00:00:00,3,0,4.0
ALC,3393,83839007,2026-06-27 00:30:00,Sat,00:30:00,1,0,1.0
ALC,3393,83839008,2026-06-27 01:00:00,Sat,01:00:00,0,0,0.0
ALC,3393,83839009,2026-06-27 01:30:00,Sat,01:30:00,0,0,0.0
ALC,3393,83839010,2026-06-27 02:00:00,Sat,02:00:00,0,0,0.0
ALC,3393,83839011,2026-06-27 02:30:00,Sat,02:30:00,0,0,0.0
ALC,3393,83839012,2026-06-27 03:00:00,Sat,03:00:00,0,0,0.0
ALC,3393,83839013,2026-06-27 03:30:00,Sat,03:30:00,0,0,0.0
ALC,3393,83839014,2026-06-27 04:00:00,Sat,04:00:00,0,0,0.0
ALC,3393,83839015,2026-06-27 04:30:00,Sat,04:30:00,0,0,0.0
ALC,3393,83839016,2026-06-27 05:00:00,Sat,05:00:00,0,0,0.0
ALC,3393,83839017,2026-06-27 05:30:00,Sat,05:30:00,0,0,0.0
ALC,3393,83839018,2026-06-27 06:00:00,Sat,06:00:00,0,0,0.0
ALC,3393,83839019,2026-06-27 06:30:00,Sat,06:30:00,0,0,0.0
ALC,3393,83839020,2026-06-27 07:00:00,Sat,07:00:00,0,0,0.0
ALC,3393,83839021,2026-06-27 07:30:00,Sat,07:30:00,0,0,0.0
ALC,3393,83839022,2026-06-27 08:00:00,Sat,08:00:00,0,0,0.0
ALC,3393,83839023,2026-06-27 08:30:00,Sat,08:30:00,1,0,0.0
ALC,3393,83839024,2026-06-27 09:00:00,Sat,09:00:00,2,0,2.0
ALC,3393,83839025,2026-06-27 09:30:00,Sat,09:30:00,3,0,3.0
ALC,3393,83839026,2026-06-27 10:00:00,Sat,10:00:00,6,0,8.0
ALC,3393,83839027,2026-06-27 10:30:00,Sat,10:30:00,5,-1,6.0
ALC,3393,83839028,2026-06-27 11:00:00,Sat,11:00:00,6,0,7.0
ALC,3393,83839029,2026-06-27 11:30:00,Sat,11:30:00,7,0,9.0
ALC,3393,83839030,2026-06-27 12:00:00,Sat,12:00:00,8,0,10.0
ALC,3393,83839031,2026-06-27 12:30:00,Sat,12:30:00,9,0,12.0
ALC,3393,83839032,2026-06-27 13:00:00,Sat,13:00:00,15,-1,20.0
ALC,3393,83839033,2026-06-27 13:30:00,Sat,13:30:00,22,-1,30.0
ALC,3393,83839034,2026-06-27 14:00:00,Sat,14:00:00,29,-1,39.0
ALC,3393,83839035,2026-06-27 14:30:00,Sat,14:30:00,29,-1,39.0
ALC,3393,83839036,2026-06-27 15:00:00,Sat,15:00:00,19,-1,25.0
ALC,3393,83839037,2026-06-27 15:30:00,Sat,15:30:00,14,0,19.0
ALC,3393,83839038,2026-06-27 16:00:00,Sat,16:00:00,12,0,15.0
ALC,3393,83839039,2026-06-27 16:30:00,Sat,16:30:00,9,0,12.0
ALC,3393,83839040,2026-06-27 17:00:00,Sat,17:00:00,8,-1,10.0
ALC,3393,83839041,2026-06-27 17:30:00,Sat,17:30:00,8,0,11.0
ALC,3393,83839042,2026-06-27 18:00:00,Sat,18:00:00,10,-1,13.0
ALC,3393,83839043,2026-06-27 18:30:00,Sat,18:30:00,9,0,12.0
ALC,3393,83839044,2026-06-27 19:00:00,Sat,19:00:00,9,0,12.0
ALC,3393,83839045,2026-06-27 19:30:00,Sat,19:30:00,12,0,16.0
ALC,3393,83839046,2026-06-27 20:00:00,Sat,20:00:00,19,0,26.0
ALC,3393,83839047,2026-06-27 20:30:00,Sat,20:30:00,33,1,44.0
ALC,3393,83839048,2026-06-27 21:00:00,Sat,21:00:00,45,0,60.0
ALC,3393,83839049,2026-06-27 21:30:00,Sat,21:30:00,45,0,61.0
ALC,3393,83839050,2026-06-27 22:00:00,Sat,22:00:00,43,0,58.0
ALC,3393,83839051,2026-06-27 22:30:00,Sat,22:30:00,37,0,50.0
ALC,3393,83839052,2026-06-27 23:00:00,Sat,23:00:00,29,0,39.0
ALC,3393,83839053,2026-06-27 23:30:00,Sat,23:30:00,15,0,19.0
ALC,3393,83839054,2026-06-28 00:00:00,Sun,00:00:00,3,0,4.0
ALC,3393,83839055,2026-06-28 00:30:00,Sun,00:30:00,2,0,2.0
ALC,3393,83839056,2026-06-28 01:00:00,Sun,01:00:00,0,0,0.0
ALC,3393,83839057,2026-06-28 01:30:00,Sun,01:30:00,0,0,0.0
ALC,3393,83899650,2026-06-28 02:00:00,Sun,02:00:00,0,0,0.0
ALC,3393,83899651,2026-06-28 02:30:00,Sun,02:30:00,0,0,0.0
ALC,3393,83899652,2026-06-28 03:00:00,Sun,03:00:00,0,0,0.0
ALC,3393,83899653,2026-06-28 03:30:00,Sun,03:30:00,0,0,0.0
ALC,3393,83899654,2026-06-28 04:00:00,Sun,04:00:00,0,0,0.0
ALC,3393,83899655,2026-06-28 04:30:00,Sun,04:30:00,0,0,0.0
ALC,3393,83899656,2026-06-28 05:00:00,Sun,05:00:00,0,0,0.0
ALC,3393,83899657,2026-06-28 05:30:00,Sun,05:30:00,0,0,0.0
ALC,3393,83899658,2026-06-28 06:00:00,Sun,06:00:00,0,0,0.0
ALC,3393,83899659,2026-06-28 06:30:00,Sun,06:30:00,0,0,0.0
ALC,3393,83899660,2026-06-28 07:00:00,Sun,07:00:00,0,0,0.0
ALC,3393,83899661,2026-06-28 07:30:00,Sun,07:30:00,0,0,0.0
ALC,3393,83899662,2026-06-28 08:00:00,Sun,08:00:00,0,0,0.0
ALC,3393,83899663,2026-06-28 08:30:00,Sun,08:30:00,1,0,1.0
ALC,3393,83899664,2026-06-28 09:00:00,Sun,09:00:00,2,0,3.0
ALC,3393,83899665,2026-06-28 09:30:00,Sun,09:30:00,3,0,3.0
ALC,3393,83899666,2026-06-28 10:00:00,Sun,10:00:00,5,0,6.0
ALC,3393,83899667,2026-06-28 10:30:00,Sun,10:30:00,5,0,6.0
ALC,3393,83899668,2026-06-28 11:00:00,Sun,11:00:00,5,0,6.0
ALC,3393,83899669,2026-06-28 11:30:00,Sun,11:30:00,6,0,8.0
ALC,3393,83899670,2026-06-28 12:00:00,Sun,12:00:00,7,-1,9.0
ALC,3393,83899671,2026-06-28 12:30:00,Sun,12:30:00,10,-1,13.0
ALC,3393,83899672,2026-06-28 13:00:00,Sun,13:00:00,17,0,23.0
ALC,3393,83899673,2026-06-28 13:30:00,Sun,13:30:00,28,0,38.0
ALC,3393,83899674,2026-06-28 14:00:00,Sun,14:00:00,37,0,51.0
ALC,3393,83899675,2026-06-28 14:30:00,Sun,14:30:00,37,0,50.0
ALC,3393,83899676,2026-06-28 15:00:00,Sun,15:00:00,28,0,38.0
ALC,3393,83899677,2026-06-28 15:30:00,Sun,15:30:00,18,-1,25.0
ALC,3393,83899678,2026-06-28 16:00:00,Sun,16:00:00,13,0,17.0
ALC,3393,83899679,2026-06-28 16:30:00,Sun,16:30:00,12,1,15.0
ALC,3393,83899680,2026-06-28 17:00:00,Sun,17:00:00,10,-1,13.0
ALC,3393,83899681,2026-06-28 17:30:00,Sun,17:30:00,10,-3,13.0
ALC,3393,83899682,2026-06-28 18:00:00,Sun,18:00:00,10,-2,13.0
ALC,3393,83899683,2026-06-28 18:30:00,Sun,18:30:00,11,-1,15.0
ALC,3393,83899684,2026-06-28 19:00:00,Sun,19:00:00,13,-1,17.0
ALC,3393,83899685,2026-06-28 19:30:00,Sun,19:30:00,19,1,25.0
ALC,3393,83899686,2026-06-28 20:00:00,Sun,20:00:00,29,0,39.0
ALC,3393,83899687,2026-06-28 20:30:00,Sun,20:30:00,44,1,59.0
ALC,3393,83899688,2026-06-28 21:00:00,Sun,21:00:00,51,0,69.0
ALC,3393,83899689,2026-06-28 21:30:00,Sun,21:30:00,47,0,64.0
ALC,3393,83899690,2026-06-28 22:00:00,Sun,22:00:00,38,-1,51.0
ALC,3393,83899691,2026-06-28 22:30:00,Sun,22:30:00,28,-1,37.0
ALC,3393,83899692,2026-06-28 23:00:00,Sun,23:00:00,19,1,26.0
ALC,3393,83899693,2026-06-28 23:30:00,Sun,23:30:00,8,0,10.0
GRA,3393,83725486,2026-06-22 00:00:00,Mon,00:00:00,6,2,6.0
GRA,3393,83725487,2026-06-22 00:30:00,Mon,00:30:00,3,1,3.0
GRA,3393,83725488,2026-06-22 01:00:00,Mon,01:00:00,0,0,0.0
GRA,3393,83725489,2026-06-22 01:30:00,Mon,01:30:00,0,0,0.0
GRA,3393,83774450,2026-06-22 02:00:00,Mon,02:00:00,0,0,0.0
GRA,3393,83774451,2026-06-22 02:30:00,Mon,02:30:00,0,0,0.0
GRA,3393,83774452,2026-06-22 03:00:00,Mon,03:00:00,0,0,0.0
GRA,3393,83774453,2026-06-22 03:30:00,Mon,03:30:00,0,0,0.0
GRA,3393,83774454,2026-06-22 04:00:00,Mon,04:00:00,0,0,0.0
GRA,3393,83774455,2026-06-22 04:30:00,Mon,04:30:00,0,0,0.0
GRA,3393,83774456,2026-06-22 05:00:00,Mon,05:00:00,0,0,0.0
GRA,3393,83774457,2026-06-22 05:30:00,Mon,05:30:00,0,0,0.0
GRA,3393,83774458,2026-06-22 06:00:00,Mon,06:00:00,0,0,0.0
GRA,3393,83774459,2026-06-22 06:30:00,Mon,06:30:00,0,0,0.0
GRA,3393,83774460,2026-06-22 07:00:00,Mon,07:00:00,0,0,0.0
GRA,3393,83774461,2026-06-22 07:30:00,Mon,07:30:00,0,0,0.0
GRA,3393,83774462,2026-06-22 08:00:00,Mon,08:00:00,0,0,0.0
GRA,3393,83774463,2026-06-22 08:30:00,Mon,08:30:00,0,0,0.0
GRA,3393,83774464,2026-06-22 09:00:00,Mon,09:00:00,1,0,0.0
GRA,3393,83774465,2026-06-22 09:30:00,Mon,09:30:00,1,0,1.0
GRA,3393,83774466,2026-06-22 10:00:00,Mon,10:00:00,3,0,3.0
GRA,3393,83774467,2026-06-22 10:30:00,Mon,10:30:00,4,0,4.0
GRA,3393,83774468,2026-06-22 11:00:00,Mon,11:00:00,3,-1,3.0
GRA,3393,83774469,2026-06-22 11:30:00,Mon,11:30:00,3,-1,3.0
GRA,3393,83774470,2026-06-22 12:00:00,Mon,12:00:00,4,0,4.0
GRA,3393,83774471,2026-06-22 12:30:00,Mon,12:30:00,3,-1,3.0
GRA,3393,83774472,2026-06-22 13:00:00,Mon,13:00:00,7,0,7.0
GRA,3393,83774473,2026-06-22 13:30:00,Mon,13:30:00,10,0,11.0
GRA,3393,83774474,2026-06-22 14:00:00,Mon,14:00:00,15,1,16.0
GRA,3393,83774475,2026-06-22 14:30:00,Mon,14:30:00,15,0,16.0
GRA,3393,83774476,2026-06-22 15:00:00,Mon,15:00:00,12,0,13.0
GRA,3393,83774477,2026-06-22 15:30:00,Mon,15:30:00,9,-1,9.0
GRA,3393,83774478,2026-06-22 16:00:00,Mon,16:00:00,6,-1,7.0
GRA,3393,83774479,2026-06-22 16:30:00,Mon,16:30:00,5,-2,5.0
GRA,3393,83774480,2026-06-22 17:00:00,Mon,17:00:00,6,0,6.0
GRA,3393,83774481,2026-06-22 17:30:00,Mon,17:30:00,6,0,6.0
GRA,3393,83774482,2026-06-22 18:00:00,Mon,18:00:00,6,-1,7.0
GRA,3393,83774483,2026-06-22 18:30:00,Mon,18:30:00,7,0,7.0
GRA,3393,83774484,2026-06-22 19:00:00,Mon,19:00:00,7,-1,7.0
GRA,3393,83774485,2026-06-22 19:30:00,Mon,19:30:00,6,-2,7.0
GRA,3393,83774486,2026-06-22 20:00:00,Mon,20:00:00,8,-1,9.0
GRA,3393,83774487,2026-06-22 20:30:00,Mon,20:30:00,14,0,15.0
GRA,3393,83774488,2026-06-22 21:00:00,Mon,21:00:00,20,0,22.0
GRA,3393,83774489,2026-06-22 21:30:00,Mon,21:30:00,22,2,24.0
GRA,3393,83774490,2026-06-22 22:00:00,Mon,22:00:00,22,2,24.0
GRA,3393,83774491,2026-06-22 22:30:00,Mon,22:30:00,17,0,18.0
GRA,3393,83774492,2026-06-22 23:00:00,Mon,23:00:00,11,0,12.0
GRA,3393,83774493,2026-06-22 23:30:00,Mon,23:30:00,8,1,9.0
GRA,3393,83774494,2026-06-23 00:00:00,Tue,00:00:00,2,0,2.0
GRA,3393,83774495,2026-06-23 00:30:00,Tue,00:30:00,1,-1,1.0
GRA,3393,83774496,2026-06-23 01:00:00,Tue,01:00:00,0,0,0.0
GRA,3393,83774497,2026-06-23 01:30:00,Tue,01:30:00,0,0,0.0
GRA,3393,83774498,2026-06-23 02:00:00,Tue,02:00:00,0,0,0.0
GRA,3393,83774499,2026-06-23 02:30:00,Tue,02:30:00,0,0,0.0
GRA,3393,83774500,2026-06-23 03:00:00,Tue,03:00:00,0,0,0.0
GRA,3393,83774501,2026-06-23 03:30:00,Tue,03:30:00,0,0,0.0
GRA,3393,83774502,2026-06-23 04:00:00,Tue,04:00:00,0,0,0.0
GRA,3393,83774503,2026-06-23 04:30:00,Tue,04:30:00,0,0,0.0
GRA,3393,83774504,2026-06-23 05:00:00,Tue,05:00:00,0,0,0.0
GRA,3393,83774505,2026-06-23 05:30:00,Tue,05:30:00,0,0,0.0
GRA,3393,83774506,2026-06-23 06:00:00,Tue,06:00:00,0,0,0.0
GRA,3393,83774507,2026-06-23 06:30:00,Tue,06:30:00,0,0,0.0
GRA,3393,83774508,2026-06-23 07:00:00,Tue,07:00:00,0,0,0.0
GRA,3393,83774509,2026-06-23 07:30:00,Tue,07:30:00,0,0,0.0
GRA,3393,83774510,2026-06-23 08:00:00,Tue,08:00:00,0,0,0.0
GRA,3393,83774511,2026-06-23 08:30:00,Tue,08:30:00,0,0,0.0
GRA,3393,83774512,2026-06-23 09:00:00,Tue,09:00:00,1,0,0.0
GRA,3393,83774513,2026-06-23 09:30:00,Tue,09:30:00,1,0,1.0
GRA,3393,83774514,2026-06-23 10:00:00,Tue,10:00:00,1,0,1.0
GRA,3393,83774515,2026-06-23 10:30:00,Tue,10:30:00,2,0,2.0
GRA,3393,83774516,2026-06-23 11:00:00,Tue,11:00:00,2,0,2.0
GRA,3393,83774517,2026-06-23 11:30:00,Tue,11:30:00,2,0,2.0
GRA,3393,83774518,2026-06-23 12:00:00,Tue,12:00:00,4,0,4.0
GRA,3393,83774519,2026-06-23 12:30:00,Tue,12:30:00,4,0,4.0
GRA,3393,83774520,2026-06-23 13:00:00,Tue,13:00:00,6,0,6.0
GRA,3393,83774521,2026-06-23 13:30:00,Tue,13:30:00,12,0,13.0
GRA,3393,83774522,2026-06-23 14:00:00,Tue,14:00:00,16,2,18.0
GRA,3393,83774523,2026-06-23 14:30:00,Tue,14:30:00,14,-1,15.0
GRA,3393,83774524,2026-06-23 15:00:00,Tue,15:00:00,11,0,12.0
GRA,3393,83774525,2026-06-23 15:30:00,Tue,15:30:00,9,0,10.0
GRA,3393,83774526,2026-06-23 16:00:00,Tue,16:00:00,7,1,8.0
GRA,3393,83774527,2026-06-23 16:30:00,Tue,16:30:00,6,0,7.0
GRA,3393,83774528,2026-06-23 17:00:00,Tue,17:00:00,6,0,6.0
GRA,3393,83774529,2026-06-23 17:30:00,Tue,17:30:00,6,0,6.0
GRA,3393,83774530,2026-06-23 18:00:00,Tue,18:00:00,7,1,7.0
GRA,3393,83774531,2026-06-23 18:30:00,Tue,18:30:00,6,-1,7.0
GRA,3393,83774532,2026-06-23 19:00:00,Tue,19:00:00,6,-1,7.0
GRA,3393,83774533,2026-06-23 19:30:00,Tue,19:30:00,6,-1,6.0
GRA,3393,83774534,2026-06-23 20:00:00,Tue,20:00:00,11,0,12.0
GRA,3393,83774535,2026-06-23 20:30:00,Tue,20:30:00,18,-3,20.0
GRA,3393,83774536,2026-06-23 21:00:00,Tue,21:00:00,23,-1,25.0
GRA,3393,83774537,2026-06-23 21:30:00,Tue,21:30:00,25,1,27.0
GRA,3393,83774538,2026-06-23 22:00:00,Tue,22:00:00,23,-1,26.0
GRA,3393,83774539,2026-06-23 22:30:00,Tue,22:30:00,19,-2,21.0
GRA,3393,83774540,2026-06-23 23:00:00,Tue,23:00:00,14,1,16.0
GRA,3393,83774541,2026-06-23 23:30:00,Tue,23:30:00,9,1,10.0
GRA,3393,83774542,2026-06-24 00:00:00,Wed,00:00:00,3,0,3.0
GRA,3393,83774543,2026-06-24 00:30:00,Wed,00:30:00,1,0,1.0
GRA,3393,83774544,2026-06-24 01:00:00,Wed,01:00:00,0,0,0.0
GRA,3393,83774545,2026-06-24 01:30:00,Wed,01:30:00,0,0,0.0
GRA,3393,83812754,2026-06-24 02:00:00,Wed,02:00:00,0,0,0.0
GRA,3393,83812755,2026-06-24 02:30:00,Wed,02:30:00,0,0,0.0
GRA,3393,83812756,2026-06-24 03:00:00,Wed,03:00:00,0,0,0.0
GRA,3393,83812757,2026-06-24 03:30:00,Wed,03:30:00,0,0,0.0
GRA,3393,83812758,2026-06-24 04:00:00,Wed,04:00:00,0,0,0.0
GRA,3393,83812759,2026-06-24 04:30:00,Wed,04:30:00,0,0,0.0
GRA,3393,83812760,2026-06-24 05:00:00,Wed,05:00:00,0,0,0.0
GRA,3393,83812761,2026-06-24 05:30:00,Wed,05:30:00,0,0,0.0
GRA,3393,83812762,2026-06-24 06:00:00,Wed,06:00:00,0,0,0.0
GRA,3393,83812763,2026-06-24 06:30:00,Wed,06:30:00,0,0,0.0
GRA,3393,83812764,2026-06-24 07:00:00,Wed,07:00:00,0,0,0.0
GRA,3393,83812765,2026-06-24 07:30:00,Wed,07:30:00,0,0,0.0
GRA,3393,83812766,2026-06-24 08:00:00,Wed,08:00:00,0,0,0.0
GRA,3393,83812767,2026-06-24 08:30:00,Wed,08:30:00,1,0,0.0
GRA,3393,83812768,2026-06-24 09:00:00,Wed,09:00:00,1,0,0.0
GRA,3393,83812769,2026-06-24 09:30:00,Wed,09:30:00,1,0,1.0
GRA,3393,83812770,2026-06-24 10:00:00,Wed,10:00:00,2,0,2.0
GRA,3393,83812771,2026-06-24 10:30:00,Wed,10:30:00,3,0,3.0
GRA,3393,83812772,2026-06-24 11:00:00,Wed,11:00:00,3,0,3.0
GRA,3393,83812773,2026-06-24 11:30:00,Wed,11:30:00,2,-1,2.0
GRA,3393,83812774,2026-06-24 12:00:00,Wed,12:00:00,3,2,3.0
GRA,3393,83812775,2026-06-24 12:30:00,Wed,12:30:00,3,2,3.0
GRA,3393,83812776,2026-06-24 13:00:00,Wed,13:00:00,7,1,8.0
GRA,3393,83812777,2026-06-24 13:30:00,Wed,13:30:00,11,-1,12.0
GRA,3393,83812778,2026-06-24 14:00:00,Wed,14:00:00,15,1,16.0
GRA,3393,83812779,2026-06-24 14:30:00,Wed,14:30:00,14,0,15.0
GRA,3393,83812780,2026-06-24 15:00:00,Wed,15:00:00,11,0,12.0
GRA,3393,83812781,2026-06-24 15:30:00,Wed,15:30:00,9,1,9.0
GRA,3393,83812782,2026-06-24 16:00:00,Wed,16:00:00,6,0,7.0
GRA,3393,83812783,2026-06-24 16:30:00,Wed,16:30:00,6,0,7.0
GRA,3393,83812784,2026-06-24 17:00:00,Wed,17:00:00,5,0,6.0
GRA,3393,83812785,2026-06-24 17:30:00,Wed,17:30:00,5,0,6.0
GRA,3393,83812786,2026-06-24 18:00:00,Wed,18:00:00,6,0,6.0
GRA,3393,83812787,2026-06-24 18:30:00,Wed,18:30:00,6,-1,7.0
GRA,3393,83812788,2026-06-24 19:00:00,Wed,19:00:00,7,0,7.0
GRA,3393,83812789,2026-06-24 19:30:00,Wed,19:30:00,7,0,8.0
GRA,3393,83812790,2026-06-24 20:00:00,Wed,20:00:00,10,0,11.0
GRA,3393,83812791,2026-06-24 20:30:00,Wed,20:30:00,16,0,18.0
GRA,3393,83812792,2026-06-24 21:00:00,Wed,21:00:00,22,1,25.0
GRA,3393,83812793,2026-06-24 21:30:00,Wed,21:30:00,23,1,25.0
GRA,3393,83812794,2026-06-24 22:00:00,Wed,22:00:00,22,0,24.0
GRA,3393,83812795,2026-06-24 22:30:00,Wed,22:30:00,17,0,19.0
GRA,3393,83812796,2026-06-24 23:00:00,Wed,23:00:00,13,0,14.0
GRA,3393,83812797,2026-06-24 23:30:00,Wed,23:30:00,7,1,7.0
GRA,3393,83812798,2026-06-25 00:00:00,Thu,00:00:00,2,0,2.0
GRA,3393,83812799,2026-06-25 00:30:00,Thu,00:30:00,2,0,1.0
GRA,3393,83812800,2026-06-25 01:00:00,Thu,01:00:00,0,0,0.0
GRA,3393,83812801,2026-06-25 01:30:00,Thu,01:30:00,0,0,0.0
GRA,3393,83812802,2026-06-25 02:00:00,Thu,02:00:00,0,0,0.0
GRA,3393,83812803,2026-06-25 02:30:00,Thu,02:30:00,0,0,0.0
GRA,3393,83812804,2026-06-25 03:00:00,Thu,03:00:00,0,0,0.0
GRA,3393,83812805,2026-06-25 03:30:00,Thu,03:30:00,0,0,0.0
GRA,3393,83812806,2026-06-25 04:00:00,Thu,04:00:00,0,0,0.0
GRA,3393,83812807,2026-06-25 04:30:00,Thu,04:30:00,0,0,0.0
GRA,3393,83812808,2026-06-25 05:00:00,Thu,05:00:00,0,0,0.0
GRA,3393,83812809,2026-06-25 05:30:00,Thu,05:30:00,0,0,0.0
GRA,3393,83812810,2026-06-25 06:00:00,Thu,06:00:00,0,0,0.0
GRA,3393,83812811,2026-06-25 06:30:00,Thu,06:30:00,0,0,0.0
GRA,3393,83812812,2026-06-25 07:00:00,Thu,07:00:00,0,0,0.0
GRA,3393,83812813,2026-06-25 07:30:00,Thu,07:30:00,0,0,0.0
GRA,3393,83812814,2026-06-25 08:00:00,Thu,08:00:00,0,0,0.0
GRA,3393,83812815,2026-06-25 08:30:00,Thu,08:30:00,0,0,0.0
GRA,3393,83812816,2026-06-25 09:00:00,Thu,09:00:00,1,0,1.0
GRA,3393,83812817,2026-06-25 09:30:00,Thu,09:30:00,1,0,1.0
GRA,3393,83812818,2026-06-25 10:00:00,Thu,10:00:00,2,0,2.0
GRA,3393,83812819,2026-06-25 10:30:00,Thu,10:30:00,3,0,3.0
GRA,3393,83812820,2026-06-25 11:00:00,Thu,11:00:00,3,0,2.0
GRA,3393,83812821,2026-06-25 11:30:00,Thu,11:30:00,3,0,3.0
GRA,3393,83812822,2026-06-25 12:00:00,Thu,12:00:00,4,0,4.0
GRA,3393,83812823,2026-06-25 12:30:00,Thu,12:30:00,5,0,5.0
GRA,3393,83812824,2026-06-25 13:00:00,Thu,13:00:00,7,-1,7.0
GRA,3393,83812825,2026-06-25 13:30:00,Thu,13:30:00,11,-1,12.0
GRA,3393,83812826,2026-06-25 14:00:00,Thu,14:00:00,16,1,17.0
GRA,3393,83812827,2026-06-25 14:30:00,Thu,14:30:00,14,0,16.0
GRA,3393,83812828,2026-06-25 15:00:00,Thu,15:00:00,12,-1,13.0
GRA,3393,83812829,2026-06-25 15:30:00,Thu,15:30:00,8,0,9.0
GRA,3393,83812830,2026-06-25 16:00:00,Thu,16:00:00,6,-1,6.0
GRA,3393,83812831,2026-06-25 16:30:00,Thu,16:30:00,6,-1,6.0
GRA,3393,83812832,2026-06-25 17:00:00,Thu,17:00:00,5,-2,5.0
GRA,3393,83812833,2026-06-25 17:30:00,Thu,17:30:00,6,-1,6.0
GRA,3393,83812834,2026-06-25 18:00:00,Thu,18:00:00,6,-1,6.0
GRA,3393,83812835,2026-06-25 18:30:00,Thu,18:30:00,6,-1,6.0
GRA,3393,83812836,2026-06-25 19:00:00,Thu,19:00:00,7,0,8.0
GRA,3393,83812837,2026-06-25 19:30:00,Thu,19:30:00,7,0,8.0
GRA,3393,83812838,2026-06-25 20:00:00,Thu,20:00:00,10,0,11.0
GRA,3393,83812839,2026-06-25 20:30:00,Thu,20:30:00,17,2,19.0
GRA,3393,83812840,2026-06-25 21:00:00,Thu,21:00:00,25,4,27.0
GRA,3393,83812841,2026-06-25 21:30:00,Thu,21:30:00,25,3,28.0
GRA,3393,83812842,2026-06-25 22:00:00,Thu,22:00:00,24,3,26.0
GRA,3393,83812843,2026-06-25 22:30:00,Thu,22:30:00,21,2,23.0
GRA,3393,83812844,2026-06-25 23:00:00,Thu,23:00:00,13,0,14.0
GRA,3393,83812845,2026-06-25 23:30:00,Thu,23:30:00,8,0,8.0
GRA,3393,83812846,2026-06-26 00:00:00,Fri,00:00:00,2,0,2.0
GRA,3393,83812847,2026-06-26 00:30:00,Fri,00:30:00,1,-1,1.0
GRA,3393,83812848,2026-06-26 01:00:00,Fri,01:00:00,0,0,0.0
GRA,3393,83812849,2026-06-26 01:30:00,Fri,01:30:00,0,0,0.0
GRA,3393,83844530,2026-06-26 02:00:00,Fri,02:00:00,0,0,0.0
GRA,3393,83844531,2026-06-26 02:30:00,Fri,02:30:00,0,0,0.0
GRA,3393,83844532,2026-06-26 03:00:00,Fri,03:00:00,0,0,0.0
GRA,3393,83844533,2026-06-26 03:30:00,Fri,03:30:00,0,0,0.0
GRA,3393,83844534,2026-06-26 04:00:00,Fri,04:00:00,0,0,0.0
GRA,3393,83844535,2026-06-26 04:30:00,Fri,04:30:00,0,0,0.0
GRA,3393,83844536,2026-06-26 05:00:00,Fri,05:00:00,0,0,0.0
GRA,3393,83844537,2026-06-26 05:30:00,Fri,05:30:00,0,0,0.0
GRA,3393,83844538,2026-06-26 06:00:00,Fri,06:00:00,0,0,0.0
GRA,3393,83844539,2026-06-26 06:30:00,Fri,06:30:00,0,0,0.0
GRA,3393,83844540,2026-06-26 07:00:00,Fri,07:00:00,0,0,0.0
GRA,3393,83844541,2026-06-26 07:30:00,Fri,07:30:00,0,0,0.0
GRA,3393,83844542,2026-06-26 08:00:00,Fri,08:00:00,0,0,0.0
GRA,3393,83844543,2026-06-26 08:30:00,Fri,08:30:00,1,0,0.0
GRA,3393,83844544,2026-06-26 09:00:00,Fri,09:00:00,1,0,0.0
GRA,3393,83844545,2026-06-26 09:30:00,Fri,09:30:00,1,0,1.0
GRA,3393,83844546,2026-06-26 10:00:00,Fri,10:00:00,3,0,3.0
GRA,3393,83844547,2026-06-26 10:30:00,Fri,10:30:00,2,-1,2.0
GRA,3393,83844548,2026-06-26 11:00:00,Fri,11:00:00,3,0,3.0
GRA,3393,83844549,2026-06-26 11:30:00,Fri,11:30:00,3,0,3.0
GRA,3393,83844550,2026-06-26 12:00:00,Fri,12:00:00,5,0,5.0
GRA,3393,83844551,2026-06-26 12:30:00,Fri,12:30:00,5,0,5.0
GRA,3393,83844552,2026-06-26 13:00:00,Fri,13:00:00,8,2,9.0
GRA,3393,83844553,2026-06-26 13:30:00,Fri,13:30:00,15,3,16.0
GRA,3393,83844554,2026-06-26 14:00:00,Fri,14:00:00,20,3,22.0
GRA,3393,83844555,2026-06-26 14:30:00,Fri,14:30:00,22,4,24.0
GRA,3393,83844556,2026-06-26 15:00:00,Fri,15:00:00,19,4,21.0
GRA,3393,83844557,2026-06-26 15:30:00,Fri,15:30:00,13,2,14.0
GRA,3393,83844558,2026-06-26 16:00:00,Fri,16:00:00,9,2,10.0
GRA,3393,83844559,2026-06-26 16:30:00,Fri,16:30:00,8,2,8.0
GRA,3393,83844560,2026-06-26 17:00:00,Fri,17:00:00,6,0,6.0
GRA,3393,83844561,2026-06-26 17:30:00,Fri,17:30:00,7,0,7.0
GRA,3393,83844562,2026-06-26 18:00:00,Fri,18:00:00,7,-1,7.0
GRA,3393,83844563,2026-06-26 18:30:00,Fri,18:30:00,8,0,8.0
GRA,3393,83844564,2026-06-26 19:00:00,Fri,19:00:00,9,0,10.0
GRA,3393,83844565,2026-06-26 19:30:00,Fri,19:30:00,9,0,9.0
GRA,3393,83844566,2026-06-26 20:00:00,Fri,20:00:00,14,0,16.0
GRA,3393,83844567,2026-06-26 20:30:00,Fri,20:30:00,26,1,29.0
GRA,3393,83844568,2026-06-26 21:00:00,Fri,21:00:00,36,3,40.0
GRA,3393,83844569,2026-06-26 21:30:00,Fri,21:30:00,39,4,43.0
GRA,3393,83844570,2026-06-26 22:00:00,Fri,22:00:00,35,4,39.0
GRA,3393,83844571,2026-06-26 22:30:00,Fri,22:30:00,29,2,32.0
GRA,3393,83844572,2026-06-26 23:00:00,Fri,23:00:00,21,1,23.0
GRA,3393,83844573,2026-06-26 23:30:00,Fri,23:30:00,12,0,13.0
GRA,3393,83844574,2026-06-27 00:00:00,Sat,00:00:00,3,0,2.0
GRA,3393,83844575,2026-06-27 00:30:00,Sat,00:30:00,2,0,2.0
GRA,3393,83844576,2026-06-27 01:00:00,Sat,01:00:00,0,0,0.0
GRA,3393,83844577,2026-06-27 01:30:00,Sat,01:30:00,0,0,0.0
GRA,3393,83844578,2026-06-27 02:00:00,Sat,02:00:00,0,0,0.0
GRA,3393,83844579,2026-06-27 02:30:00,Sat,02:30:00,0,0,0.0
GRA,3393,83844580,2026-06-27 03:00:00,Sat,03:00:00,0,0,0.0
GRA,3393,83844581,2026-06-27 03:30:00,Sat,03:30:00,0,0,0.0
GRA,3393,83844582,2026-06-27 04:00:00,Sat,04:00:00,0,0,0.0
GRA,3393,83844583,2026-06-27 04:30:00,Sat,04:30:00,0,0,0.0
GRA,3393,83844584,2026-06-27 05:00:00,Sat,05:00:00,0,0,0.0
GRA,3393,83844585,2026-06-27 05:30:00,Sat,05:30:00,0,0,0.0
GRA,3393,83844586,2026-06-27 06:00:00,Sat,06:00:00,0,0,0.0
GRA,3393,83844587,2026-06-27 06:30:00,Sat,06:30:00,0,0,0.0
GRA,3393,83844588,2026-06-27 07:00:00,Sat,07:00:00,0,0,0.0
GRA,3393,83844589,2026-06-27 07:30:00,Sat,07:30:00,0,0,0.0
GRA,3393,83844590,2026-06-27 08:00:00,Sat,08:00:00,0,0,0.0
GRA,3393,83844591,2026-06-27 08:30:00,Sat,08:30:00,1,0,0.0
GRA,3393,83844592,2026-06-27 09:00:00,Sat,09:00:00,2,0,2.0
GRA,3393,83844593,2026-06-27 09:30:00,Sat,09:30:00,2,0,2.0
GRA,3393,83844594,2026-06-27 10:00:00,Sat,10:00:00,4,1,4.0
GRA,3393,83844595,2026-06-27 10:30:00,Sat,10:30:00,5,1,5.0
GRA,3393,83844596,2026-06-27 11:00:00,Sat,11:00:00,4,0,4.0
GRA,3393,83844597,2026-06-27 11:30:00,Sat,11:30:00,4,0,4.0
GRA,3393,83844598,2026-06-27 12:00:00,Sat,12:00:00,5,0,5.0
GRA,3393,83844599,2026-06-27 12:30:00,Sat,12:30:00,5,0,5.0
GRA,3393,83844600,2026-06-27 13:00:00,Sat,13:00:00,9,0,10.0
GRA,3393,83844601,2026-06-27 13:30:00,Sat,13:30:00,17,1,19.0
GRA,3393,83844602,2026-06-27 14:00:00,Sat,14:00:00,25,1,27.0
GRA,3393,83844603,2026-06-27 14:30:00,Sat,14:30:00,25,1,27.0
GRA,3393,83844604,2026-06-27 15:00:00,Sat,15:00:00,18,0,20.0
GRA,3393,83844605,2026-06-27 15:30:00,Sat,15:30:00,11,-1,12.0
GRA,3393,83844606,2026-06-27 16:00:00,Sat,16:00:00,9,-1,10.0
GRA,3393,83844607,2026-06-27 16:30:00,Sat,16:30:00,8,0,8.0
GRA,3393,83844608,2026-06-27 17:00:00,Sat,17:00:00,7,-2,7.0
GRA,3393,83844609,2026-06-27 17:30:00,Sat,17:30:00,8,-1,8.0
GRA,3393,83844610,2026-06-27 18:00:00,Sat,18:00:00,8,-1,8.0
GRA,3393,83844611,2026-06-27 18:30:00,Sat,18:30:00,8,-1,9.0
GRA,3393,83844612,2026-06-27 19:00:00,Sat,19:00:00,8,-2,8.0
GRA,3393,83844613,2026-06-27 19:30:00,Sat,19:30:00,8,-2,8.0
GRA,3393,83844614,2026-06-27 20:00:00,Sat,20:00:00,12,-2,13.0
GRA,3393,83844615,2026-06-27 20:30:00,Sat,20:30:00,23,0,26.0
GRA,3393,83844616,2026-06-27 21:00:00,Sat,21:00:00,30,0,33.0
GRA,3393,83844617,2026-06-27 21:30:00,Sat,21:30:00,34,0,37.0
GRA,3393,83844618,2026-06-27 22:00:00,Sat,22:00:00,32,0,36.0
GRA,3393,83844619,2026-06-27 22:30:00,Sat,22:30:00,25,-1,28.0
GRA,3393,83844620,2026-06-27 23:00:00,Sat,23:00:00,18,1,19.0
GRA,3393,83844621,2026-06-27 23:30:00,Sat,23:30:00,10,-2,11.0
GRA,3393,83844622,2026-06-28 00:00:00,Sun,00:00:00,3,-1,3.0
GRA,3393,83844623,2026-06-28 00:30:00,Sun,00:30:00,2,-1,2.0
GRA,3393,83844624,2026-06-28 01:00:00,Sun,01:00:00,0,0,0.0
GRA,3393,83844625,2026-06-28 01:30:00,Sun,01:30:00,0,0,0.0
GRA,3393,83890818,2026-06-28 02:00:00,Sun,02:00:00,0,0,0.0
GRA,3393,83890819,2026-06-28 02:30:00,Sun,02:30:00,0,0,0.0
GRA,3393,83890820,2026-06-28 03:00:00,Sun,03:00:00,0,0,0.0
GRA,3393,83890821,2026-06-28 03:30:00,Sun,03:30:00,0,0,0.0
GRA,3393,83890822,2026-06-28 04:00:00,Sun,04:00:00,0,0,0.0
GRA,3393,83890823,2026-06-28 04:30:00,Sun,04:30:00,0,0,0.0
GRA,3393,83890824,2026-06-28 05:00:00,Sun,05:00:00,0,0,0.0
GRA,3393,83890825,2026-06-28 05:30:00,Sun,05:30:00,0,0,0.0
GRA,3393,83890826,2026-06-28 06:00:00,Sun,06:00:00,0,0,0.0
GRA,3393,83890827,2026-06-28 06:30:00,Sun,06:30:00,0,0,0.0
GRA,3393,83890828,2026-06-28 07:00:00,Sun,07:00:00,0,0,0.0
GRA,3393,83890829,2026-06-28 07:30:00,Sun,07:30:00,0,0,0.0
GRA,3393,83890830,2026-06-28 08:00:00,Sun,08:00:00,0,0,0.0
GRA,3393,83890831,2026-06-28 08:30:00,Sun,08:30:00,1,0,0.0
GRA,3393,83890832,2026-06-28 09:00:00,Sun,09:00:00,2,0,2.0
GRA,3393,83890833,2026-06-28 09:30:00,Sun,09:30:00,3,0,3.0
GRA,3393,83890834,2026-06-28 10:00:00,Sun,10:00:00,4,0,4.0
GRA,3393,83890835,2026-06-28 10:30:00,Sun,10:30:00,5,0,5.0
GRA,3393,83890836,2026-06-28 11:00:00,Sun,11:00:00,5,0,5.0
GRA,3393,83890837,2026-06-28 11:30:00,Sun,11:30:00,4,-1,4.0
GRA,3393,83890838,2026-06-28 12:00:00,Sun,12:00:00,5,0,6.0
GRA,3393,83890839,2026-06-28 12:30:00,Sun,12:30:00,7,0,7.0
GRA,3393,83890840,2026-06-28 13:00:00,Sun,13:00:00,14,-1,15.0
GRA,3393,83890841,2026-06-28 13:30:00,Sun,13:30:00,27,0,30.0
GRA,3393,83890842,2026-06-28 14:00:00,Sun,14:00:00,33,1,37.0
GRA,3393,83890843,2026-06-28 14:30:00,Sun,14:30:00,34,2,38.0
GRA,3393,83890844,2026-06-28 15:00:00,Sun,15:00:00,30,5,34.0
GRA,3393,83890845,2026-06-28 15:30:00,Sun,15:30:00,22,1,24.0
GRA,3393,83890846,2026-06-28 16:00:00,Sun,16:00:00,16,2,17.0
GRA,3393,83890847,2026-06-28 16:30:00,Sun,16:30:00,12,2,13.0
GRA,3393,83890848,2026-06-28 17:00:00,Sun,17:00:00,11,0,12.0
GRA,3393,83890849,2026-06-28 17:30:00,Sun,17:30:00,11,0,12.0
GRA,3393,83890850,2026-06-28 18:00:00,Sun,18:00:00,11,0,12.0
GRA,3393,83890851,2026-06-28 18:30:00,Sun,18:30:00,12,0,13.0
GRA,3393,83890852,2026-06-28 19:00:00,Sun,19:00:00,12,0,13.0
GRA,3393,83890853,2026-06-28 19:30:00,Sun,19:30:00,11,-1,12.0
GRA,3393,83890854,2026-06-28 20:00:00,Sun,20:00:00,19,0,21.0
GRA,3393,83890855,2026-06-28 20:30:00,Sun,20:30:00,34,1,37.0
GRA,3393,83890856,2026-06-28 21:00:00,Sun,21:00:00,44,4,50.0
GRA,3393,83890857,2026-06-28 21:30:00,Sun,21:30:00,46,6,51.0
GRA,3393,83890858,2026-06-28 22:00:00,Sun,22:00:00,40,2,45.0
GRA,3393,83890859,2026-06-28 22:30:00,Sun,22:30:00,31,1,34.0
GRA,3393,83890860,2026-06-28 23:00:00,Sun,23:00:00,20,2,22.0
GRA,3393,83890861,2026-06-28 23:30:00,Sun,23:30:00,13,1,14.0
NOM,3393,83729230,2026-06-22 00:00:00,Mon,00:00:00,0,0,0.0
NOM,3393,83729231,2026-06-22 00:30:00,Mon,00:30:00,0,0,0.0
NOM,3393,83729232,2026-06-22 01:00:00,Mon,01:00:00,0,0,0.0
NOM,3393,83729233,2026-06-22 01:30:00,Mon,01:30:00,0,0,0.0
NOM,3393,83773874,2026-06-22 02:00:00,Mon,02:00:00,0,0,0.0
NOM,3393,83773875,2026-06-22 02:30:00,Mon,02:30:00,0,0,0.0
NOM,3393,83773876,2026-06-22 03:00:00,Mon,03:00:00,0,0,0.0
NOM,3393,83773877,2026-06-22 03:30:00,Mon,03:30:00,0,0,0.0
NOM,3393,83773878,2026-06-22 04:00:00,Mon,04:00:00,0,0,0.0
NOM,3393,83773879,2026-06-22 04:30:00,Mon,04:30:00,0,0,0.0
NOM,3393,83773880,2026-06-22 05:00:00,Mon,05:00:00,0,0,0.0
NOM,3393,83773881,2026-06-22 05:30:00,Mon,05:30:00,0,0,0.0
NOM,3393,83773882,2026-06-22 06:00:00,Mon,06:00:00,0,0,0.0
NOM,3393,83773883,2026-06-22 06:30:00,Mon,06:30:00,0,0,0.0
NOM,3393,83773884,2026-06-22 07:00:00,Mon,07:00:00,0,0,0.0
NOM,3393,83773885,2026-06-22 07:30:00,Mon,07:30:00,0,0,0.0
NOM,3393,83773886,2026-06-22 08:00:00,Mon,08:00:00,0,0,0.0
NOM,3393,83773887,2026-06-22 08:30:00,Mon,08:30:00,0,0,0.0
NOM,3393,83773888,2026-06-22 09:00:00,Mon,09:00:00,2,0,2.0
NOM,3393,83773889,2026-06-22 09:30:00,Mon,09:30:00,2,0,2.0
NOM,3393,83773890,2026-06-22 10:00:00,Mon,10:00:00,6,0,6.0
NOM,3393,83773891,2026-06-22 10:30:00,Mon,10:30:00,6,0,6.0
NOM,3393,83773892,2026-06-22 11:00:00,Mon,11:00:00,6,0,6.0
NOM,3393,83773893,2026-06-22 11:30:00,Mon,11:30:00,6,0,6.0
NOM,3393,83773894,2026-06-22 12:00:00,Mon,12:00:00,5,-1,5.0
NOM,3393,83773895,2026-06-22 12:30:00,Mon,12:30:00,7,-1,7.0
NOM,3393,83773896,2026-06-22 13:00:00,Mon,13:00:00,10,-1,10.0
NOM,3393,83773897,2026-06-22 13:30:00,Mon,13:30:00,12,0,12.0
NOM,3393,83773898,2026-06-22 14:00:00,Mon,14:00:00,12,0,12.0
NOM,3393,83773899,2026-06-22 14:30:00,Mon,14:30:00,11,0,11.0
NOM,3393,83773900,2026-06-22 15:00:00,Mon,15:00:00,9,0,9.0
NOM,3393,83773901,2026-06-22 15:30:00,Mon,15:30:00,8,0,8.0
NOM,3393,83773902,2026-06-22 16:00:00,Mon,16:00:00,6,0,6.0
NOM,3393,83773903,2026-06-22 16:30:00,Mon,16:30:00,5,0,5.0
NOM,3393,83773904,2026-06-22 17:00:00,Mon,17:00:00,5,0,5.0
NOM,3393,83773905,2026-06-22 17:30:00,Mon,17:30:00,5,0,5.0
NOM,3393,83773906,2026-06-22 18:00:00,Mon,18:00:00,7,0,6.0
NOM,3393,83773907,2026-06-22 18:30:00,Mon,18:30:00,7,0,7.0
NOM,3393,83773908,2026-06-22 19:00:00,Mon,19:00:00,7,-1,7.0
NOM,3393,83773909,2026-06-22 19:30:00,Mon,19:30:00,8,-1,8.0
NOM,3393,83773910,2026-06-22 20:00:00,Mon,20:00:00,10,-1,11.0
NOM,3393,83773911,2026-06-22 20:30:00,Mon,20:30:00,14,-1,15.0
NOM,3393,83773912,2026-06-22 21:00:00,Mon,21:00:00,15,0,16.0
NOM,3393,83773913,2026-06-22 21:30:00,Mon,21:30:00,13,-1,13.0
NOM,3393,83773914,2026-06-22 22:00:00,Mon,22:00:00,9,0,9.0
NOM,3393,83773915,2026-06-22 22:30:00,Mon,22:30:00,7,0,7.0
NOM,3393,83773916,2026-06-22 23:00:00,Mon,23:00:00,4,0,4.0
NOM,3393,83773917,2026-06-22 23:30:00,Mon,23:30:00,1,0,1.0
NOM,3393,83773918,2026-06-23 00:00:00,Tue,00:00:00,0,0,0.0
NOM,3393,83773919,2026-06-23 00:30:00,Tue,00:30:00,0,0,0.0
NOM,3393,83773920,2026-06-23 01:00:00,Tue,01:00:00,0,0,0.0
NOM,3393,83773921,2026-06-23 01:30:00,Tue,01:30:00,0,0,0.0
NOM,3393,83773922,2026-06-23 02:00:00,Tue,02:00:00,0,0,0.0
NOM,3393,83773923,2026-06-23 02:30:00,Tue,02:30:00,0,0,0.0
NOM,3393,83773924,2026-06-23 03:00:00,Tue,03:00:00,0,0,0.0
NOM,3393,83773925,2026-06-23 03:30:00,Tue,03:30:00,0,0,0.0
NOM,3393,83773926,2026-06-23 04:00:00,Tue,04:00:00,0,0,0.0
NOM,3393,83773927,2026-06-23 04:30:00,Tue,04:30:00,0,0,0.0
NOM,3393,83773928,2026-06-23 05:00:00,Tue,05:00:00,0,0,0.0
NOM,3393,83773929,2026-06-23 05:30:00,Tue,05:30:00,0,0,0.0
NOM,3393,83773930,2026-06-23 06:00:00,Tue,06:00:00,0,0,0.0
NOM,3393,83773931,2026-06-23 06:30:00,Tue,06:30:00,0,0,0.0
NOM,3393,83773932,2026-06-23 07:00:00,Tue,07:00:00,0,0,0.0
NOM,3393,83773933,2026-06-23 07:30:00,Tue,07:30:00,0,0,0.0
NOM,3393,83773934,2026-06-23 08:00:00,Tue,08:00:00,0,0,0.0
NOM,3393,83773935,2026-06-23 08:30:00,Tue,08:30:00,1,0,1.0
NOM,3393,83773936,2026-06-23 09:00:00,Tue,09:00:00,2,0,1.0
NOM,3393,83773937,2026-06-23 09:30:00,Tue,09:30:00,2,0,2.0
NOM,3393,83773938,2026-06-23 10:00:00,Tue,10:00:00,6,1,6.0
NOM,3393,83773939,2026-06-23 10:30:00,Tue,10:30:00,5,0,5.0
NOM,3393,83773940,2026-06-23 11:00:00,Tue,11:00:00,6,0,5.0
NOM,3393,83773941,2026-06-23 11:30:00,Tue,11:30:00,6,0,6.0
NOM,3393,83773942,2026-06-23 12:00:00,Tue,12:00:00,5,-1,5.0
NOM,3393,83773943,2026-06-23 12:30:00,Tue,12:30:00,6,0,6.0
NOM,3393,83773944,2026-06-23 13:00:00,Tue,13:00:00,9,0,9.0
NOM,3393,83773945,2026-06-23 13:30:00,Tue,13:30:00,11,0,11.0
NOM,3393,83773946,2026-06-23 14:00:00,Tue,14:00:00,12,0,13.0
NOM,3393,83773947,2026-06-23 14:30:00,Tue,14:30:00,12,0,12.0
NOM,3393,83773948,2026-06-23 15:00:00,Tue,15:00:00,10,-1,10.0
NOM,3393,83773949,2026-06-23 15:30:00,Tue,15:30:00,9,-1,9.0
NOM,3393,83773950,2026-06-23 16:00:00,Tue,16:00:00,6,-1,5.0
NOM,3393,83773951,2026-06-23 16:30:00,Tue,16:30:00,6,1,5.0
NOM,3393,83773952,2026-06-23 17:00:00,Tue,17:00:00,6,1,5.0
NOM,3393,83773953,2026-06-23 17:30:00,Tue,17:30:00,6,1,6.0
NOM,3393,83773954,2026-06-23 18:00:00,Tue,18:00:00,7,1,7.0
NOM,3393,83773955,2026-06-23 18:30:00,Tue,18:30:00,7,1,6.0
NOM,3393,83773956,2026-06-23 19:00:00,Tue,19:00:00,7,1,7.0
NOM,3393,83773957,2026-06-23 19:30:00,Tue,19:30:00,9,1,9.0
NOM,3393,83773958,2026-06-23 20:00:00,Tue,20:00:00,13,1,14.0
NOM,3393,83773959,2026-06-23 20:30:00,Tue,20:30:00,15,1,16.0
NOM,3393,83773960,2026-06-23 21:00:00,Tue,21:00:00,17,2,17.0
NOM,3393,83773961,2026-06-23 21:30:00,Tue,21:30:00,16,1,16.0
NOM,3393,83773962,2026-06-23 22:00:00,Tue,22:00:00,12,-1,12.0
NOM,3393,83773963,2026-06-23 22:30:00,Tue,22:30:00,7,-4,7.0
NOM,3393,83773964,2026-06-23 23:00:00,Tue,23:00:00,4,-1,4.0
NOM,3393,83773965,2026-06-23 23:30:00,Tue,23:30:00,1,0,1.0
NOM,3393,83773966,2026-06-24 00:00:00,Wed,00:00:00,0,0,0.0
NOM,3393,83773967,2026-06-24 00:30:00,Wed,00:30:00,0,0,0.0
NOM,3393,83773968,2026-06-24 01:00:00,Wed,01:00:00,0,0,0.0
NOM,3393,83773969,2026-06-24 01:30:00,Wed,01:30:00,0,0,0.0
NOM,3393,83802482,2026-06-24 02:00:00,Wed,02:00:00,0,0,0.0
NOM,3393,83802483,2026-06-24 02:30:00,Wed,02:30:00,0,0,0.0
NOM,3393,83802484,2026-06-24 03:00:00,Wed,03:00:00,0,0,0.0
NOM,3393,83802485,2026-06-24 03:30:00,Wed,03:30:00,0,0,0.0
NOM,3393,83802486,2026-06-24 04:00:00,Wed,04:00:00,0,0,0.0
NOM,3393,83802487,2026-06-24 04:30:00,Wed,04:30:00,0,0,0.0
NOM,3393,83802488,2026-06-24 05:00:00,Wed,05:00:00,0,0,0.0
NOM,3393,83802489,2026-06-24 05:30:00,Wed,05:30:00,0,0,0.0
NOM,3393,83802490,2026-06-24 06:00:00,Wed,06:00:00,0,0,0.0
NOM,3393,83802491,2026-06-24 06:30:00,Wed,06:30:00,0,0,0.0
NOM,3393,83802492,2026-06-24 07:00:00,Wed,07:00:00,0,0,0.0
NOM,3393,83802493,2026-06-24 07:30:00,Wed,07:30:00,0,0,0.0
NOM,3393,83802494,2026-06-24 08:00:00,Wed,08:00:00,0,0,0.0
NOM,3393,83802495,2026-06-24 08:30:00,Wed,08:30:00,1,0,0.0
NOM,3393,83802496,2026-06-24 09:00:00,Wed,09:00:00,2,0,1.0
NOM,3393,83802497,2026-06-24 09:30:00,Wed,09:30:00,3,0,3.0
NOM,3393,83802498,2026-06-24 10:00:00,Wed,10:00:00,6,0,6.0
NOM,3393,83802499,2026-06-24 10:30:00,Wed,10:30:00,6,0,6.0
NOM,3393,83802500,2026-06-24 11:00:00,Wed,11:00:00,7,0,6.0
NOM,3393,83802501,2026-06-24 11:30:00,Wed,11:30:00,6,0,6.0
NOM,3393,83802502,2026-06-24 12:00:00,Wed,12:00:00,6,0,6.0
NOM,3393,83802503,2026-06-24 12:30:00,Wed,12:30:00,8,0,8.0
NOM,3393,83802504,2026-06-24 13:00:00,Wed,13:00:00,11,1,11.0
NOM,3393,83802505,2026-06-24 13:30:00,Wed,13:30:00,13,1,13.0
NOM,3393,83802506,2026-06-24 14:00:00,Wed,14:00:00,14,3,14.0
NOM,3393,83802507,2026-06-24 14:30:00,Wed,14:30:00,13,2,13.0
NOM,3393,83802508,2026-06-24 15:00:00,Wed,15:00:00,10,2,10.0
NOM,3393,83802509,2026-06-24 15:30:00,Wed,15:30:00,8,1,8.0
NOM,3393,83802510,2026-06-24 16:00:00,Wed,16:00:00,6,0,6.0
NOM,3393,83802511,2026-06-24 16:30:00,Wed,16:30:00,6,1,6.0
NOM,3393,83802512,2026-06-24 17:00:00,Wed,17:00:00,5,-1,5.0
NOM,3393,83802513,2026-06-24 17:30:00,Wed,17:30:00,5,0,5.0
NOM,3393,83802514,2026-06-24 18:00:00,Wed,18:00:00,6,0,6.0
NOM,3393,83802515,2026-06-24 18:30:00,Wed,18:30:00,6,0,6.0
NOM,3393,83802516,2026-06-24 19:00:00,Wed,19:00:00,8,1,8.0
NOM,3393,83802517,2026-06-24 19:30:00,Wed,19:30:00,10,-1,10.0
NOM,3393,83802518,2026-06-24 20:00:00,Wed,20:00:00,15,0,15.0
NOM,3393,83802519,2026-06-24 20:30:00,Wed,20:30:00,19,3,20.0
NOM,3393,83802520,2026-06-24 21:00:00,Wed,21:00:00,19,3,20.0
NOM,3393,83802521,2026-06-24 21:30:00,Wed,21:30:00,17,3,18.0
NOM,3393,83802522,2026-06-24 22:00:00,Wed,22:00:00,13,0,13.0
NOM,3393,83802523,2026-06-24 22:30:00,Wed,22:30:00,9,-2,9.0
NOM,3393,83802524,2026-06-24 23:00:00,Wed,23:00:00,4,-1,4.0
NOM,3393,83802525,2026-06-24 23:30:00,Wed,23:30:00,2,1,1.0
NOM,3393,83802526,2026-06-25 00:00:00,Thu,00:00:00,0,0,0.0
NOM,3393,83802527,2026-06-25 00:30:00,Thu,00:30:00,0,0,0.0
NOM,3393,83802528,2026-06-25 01:00:00,Thu,01:00:00,0,0,0.0
NOM,3393,83802529,2026-06-25 01:30:00,Thu,01:30:00,0,0,0.0
NOM,3393,83802530,2026-06-25 02:00:00,Thu,02:00:00,0,0,0.0
NOM,3393,83802531,2026-06-25 02:30:00,Thu,02:30:00,0,0,0.0
NOM,3393,83802532,2026-06-25 03:00:00,Thu,03:00:00,0,0,0.0
NOM,3393,83802533,2026-06-25 03:30:00,Thu,03:30:00,0,0,0.0
NOM,3393,83802534,2026-06-25 04:00:00,Thu,04:00:00,0,0,0.0
NOM,3393,83802535,2026-06-25 04:30:00,Thu,04:30:00,0,0,0.0
NOM,3393,83802536,2026-06-25 05:00:00,Thu,05:00:00,0,0,0.0
NOM,3393,83802537,2026-06-25 05:30:00,Thu,05:30:00,0,0,0.0
NOM,3393,83802538,2026-06-25 06:00:00,Thu,06:00:00,0,0,0.0
NOM,3393,83802539,2026-06-25 06:30:00,Thu,06:30:00,0,0,0.0
NOM,3393,83802540,2026-06-25 07:00:00,Thu,07:00:00,0,0,0.0
NOM,3393,83802541,2026-06-25 07:30:00,Thu,07:30:00,0,0,0.0
NOM,3393,83802542,2026-06-25 08:00:00,Thu,08:00:00,0,0,0.0
NOM,3393,83802543,2026-06-25 08:30:00,Thu,08:30:00,1,0,1.0
NOM,3393,83802544,2026-06-25 09:00:00,Thu,09:00:00,2,0,2.0
NOM,3393,83802545,2026-06-25 09:30:00,Thu,09:30:00,2,-1,2.0
NOM,3393,83802546,2026-06-25 10:00:00,Thu,10:00:00,6,2,6.0
NOM,3393,83802547,2026-06-25 10:30:00,Thu,10:30:00,6,1,6.0
NOM,3393,83802548,2026-06-25 11:00:00,Thu,11:00:00,5,0,5.0
NOM,3393,83802549,2026-06-25 11:30:00,Thu,11:30:00,7,2,6.0
NOM,3393,83802550,2026-06-25 12:00:00,Thu,12:00:00,5,0,5.0
NOM,3393,83802551,2026-06-25 12:30:00,Thu,12:30:00,8,1,8.0
NOM,3393,83802552,2026-06-25 13:00:00,Thu,13:00:00,11,0,11.0
NOM,3393,83802553,2026-06-25 13:30:00,Thu,13:30:00,14,1,14.0
NOM,3393,83802554,2026-06-25 14:00:00,Thu,14:00:00,15,2,15.0
NOM,3393,83802555,2026-06-25 14:30:00,Thu,14:30:00,13,0,14.0
NOM,3393,83802556,2026-06-25 15:00:00,Thu,15:00:00,11,1,11.0
NOM,3393,83802557,2026-06-25 15:30:00,Thu,15:30:00,9,0,10.0
NOM,3393,83802558,2026-06-25 16:00:00,Thu,16:00:00,7,-2,6.0
NOM,3393,83802559,2026-06-25 16:30:00,Thu,16:30:00,6,1,6.0
NOM,3393,83802560,2026-06-25 17:00:00,Thu,17:00:00,5,-1,5.0
NOM,3393,83802561,2026-06-25 17:30:00,Thu,17:30:00,6,0,6.0
NOM,3393,83802562,2026-06-25 18:00:00,Thu,18:00:00,7,1,7.0
NOM,3393,83802563,2026-06-25 18:30:00,Thu,18:30:00,6,-1,6.0
NOM,3393,83802564,2026-06-25 19:00:00,Thu,19:00:00,7,-1,7.0
NOM,3393,83802565,2026-06-25 19:30:00,Thu,19:30:00,10,-1,10.0
NOM,3393,83802566,2026-06-25 20:00:00,Thu,20:00:00,16,1,17.0
NOM,3393,83802567,2026-06-25 20:30:00,Thu,20:30:00,20,3,21.0
NOM,3393,83802568,2026-06-25 21:00:00,Thu,21:00:00,22,4,23.0
NOM,3393,83802569,2026-06-25 21:30:00,Thu,21:30:00,20,2,21.0
NOM,3393,83802570,2026-06-25 22:00:00,Thu,22:00:00,16,1,17.0
NOM,3393,83802571,2026-06-25 22:30:00,Thu,22:30:00,13,0,13.0
NOM,3393,83802572,2026-06-25 23:00:00,Thu,23:00:00,5,-2,5.0
NOM,3393,83802573,2026-06-25 23:30:00,Thu,23:30:00,2,0,2.0
NOM,3393,83802574,2026-06-26 00:00:00,Fri,00:00:00,0,0,0.0
NOM,3393,83802575,2026-06-26 00:30:00,Fri,00:30:00,0,0,0.0
NOM,3393,83802576,2026-06-26 01:00:00,Fri,01:00:00,0,0,0.0
NOM,3393,83802577,2026-06-26 01:30:00,Fri,01:30:00,0,0,0.0
NOM,3393,83834834,2026-06-26 02:00:00,Fri,02:00:00,0,0,0.0
NOM,3393,83834835,2026-06-26 02:30:00,Fri,02:30:00,0,0,0.0
NOM,3393,83834836,2026-06-26 03:00:00,Fri,03:00:00,0,0,0.0
NOM,3393,83834837,2026-06-26 03:30:00,Fri,03:30:00,0,0,0.0
NOM,3393,83834838,2026-06-26 04:00:00,Fri,04:00:00,0,0,0.0
NOM,3393,83834839,2026-06-26 04:30:00,Fri,04:30:00,0,0,0.0
NOM,3393,83834840,2026-06-26 05:00:00,Fri,05:00:00,0,0,0.0
NOM,3393,83834841,2026-06-26 05:30:00,Fri,05:30:00,0,0,0.0
NOM,3393,83834842,2026-06-26 06:00:00,Fri,06:00:00,0,0,0.0
NOM,3393,83834843,2026-06-26 06:30:00,Fri,06:30:00,0,0,0.0
NOM,3393,83834844,2026-06-26 07:00:00,Fri,07:00:00,0,0,0.0
NOM,3393,83834845,2026-06-26 07:30:00,Fri,07:30:00,0,0,0.0
NOM,3393,83834846,2026-06-26 08:00:00,Fri,08:00:00,0,0,0.0
NOM,3393,83834847,2026-06-26 08:30:00,Fri,08:30:00,1,-1,1.0
NOM,3393,83834848,2026-06-26 09:00:00,Fri,09:00:00,2,-1,2.0
NOM,3393,83834849,2026-06-26 09:30:00,Fri,09:30:00,4,1,4.0
NOM,3393,83834850,2026-06-26 10:00:00,Fri,10:00:00,7,2,7.0
NOM,3393,83834851,2026-06-26 10:30:00,Fri,10:30:00,7,2,7.0
NOM,3393,83834852,2026-06-26 11:00:00,Fri,11:00:00,6,1,6.0
NOM,3393,83834853,2026-06-26 11:30:00,Fri,11:30:00,8,3,8.0
NOM,3393,83834854,2026-06-26 12:00:00,Fri,12:00:00,6,0,6.0
NOM,3393,83834855,2026-06-26 12:30:00,Fri,12:30:00,9,1,9.0
NOM,3393,83834856,2026-06-26 13:00:00,Fri,13:00:00,12,1,12.0
NOM,3393,83834857,2026-06-26 13:30:00,Fri,13:30:00,17,-1,17.0
NOM,3393,83834858,2026-06-26 14:00:00,Fri,14:00:00,20,2,21.0
NOM,3393,83834859,2026-06-26 14:30:00,Fri,14:30:00,20,2,20.0
NOM,3393,83834860,2026-06-26 15:00:00,Fri,15:00:00,16,-1,17.0
NOM,3393,83834861,2026-06-26 15:30:00,Fri,15:30:00,13,0,13.0
NOM,3393,83834862,2026-06-26 16:00:00,Fri,16:00:00,9,1,9.0
NOM,3393,83834863,2026-06-26 16:30:00,Fri,16:30:00,7,0,7.0
NOM,3393,83834864,2026-06-26 17:00:00,Fri,17:00:00,7,0,7.0
NOM,3393,83834865,2026-06-26 17:30:00,Fri,17:30:00,7,1,7.0
NOM,3393,83834866,2026-06-26 18:00:00,Fri,18:00:00,9,3,9.0
NOM,3393,83834867,2026-06-26 18:30:00,Fri,18:30:00,11,5,11.0
NOM,3393,83834868,2026-06-26 19:00:00,Fri,19:00:00,11,2,11.0
NOM,3393,83834869,2026-06-26 19:30:00,Fri,19:30:00,13,-2,13.0
NOM,3393,83834870,2026-06-26 20:00:00,Fri,20:00:00,22,1,23.0
NOM,3393,83834871,2026-06-26 20:30:00,Fri,20:30:00,31,6,32.0
NOM,3393,83834872,2026-06-26 21:00:00,Fri,21:00:00,33,7,34.0
NOM,3393,83834873,2026-06-26 21:30:00,Fri,21:30:00,31,6,32.0
NOM,3393,83834874,2026-06-26 22:00:00,Fri,22:00:00,26,4,27.0
NOM,3393,83834875,2026-06-26 22:30:00,Fri,22:30:00,22,3,23.0
NOM,3393,83834876,2026-06-26 23:00:00,Fri,23:00:00,12,0,12.0
NOM,3393,83834877,2026-06-26 23:30:00,Fri,23:30:00,5,0,5.0
NOM,3393,83834878,2026-06-27 00:00:00,Sat,00:00:00,1,1,0.0
NOM,3393,83834879,2026-06-27 00:30:00,Sat,00:30:00,0,0,0.0
NOM,3393,83834880,2026-06-27 01:00:00,Sat,01:00:00,0,0,0.0
NOM,3393,83834881,2026-06-27 01:30:00,Sat,01:30:00,0,0,0.0
NOM,3393,83834882,2026-06-27 02:00:00,Sat,02:00:00,0,0,0.0
NOM,3393,83834883,2026-06-27 02:30:00,Sat,02:30:00,0,0,0.0
NOM,3393,83834884,2026-06-27 03:00:00,Sat,03:00:00,0,0,0.0
NOM,3393,83834885,2026-06-27 03:30:00,Sat,03:30:00,0,0,0.0
NOM,3393,83834886,2026-06-27 04:00:00,Sat,04:00:00,0,0,0.0
NOM,3393,83834887,2026-06-27 04:30:00,Sat,04:30:00,0,0,0.0
NOM,3393,83834888,2026-06-27 05:00:00,Sat,05:00:00,0,0,0.0
NOM,3393,83834889,2026-06-27 05:30:00,Sat,05:30:00,0,0,0.0
NOM,3393,83834890,2026-06-27 06:00:00,Sat,06:00:00,0,0,0.0
NOM,3393,83834891,2026-06-27 06:30:00,Sat,06:30:00,0,0,0.0
NOM,3393,83834892,2026-06-27 07:00:00,Sat,07:00:00,0,0,0.0
NOM,3393,83834893,2026-06-27 07:30:00,Sat,07:30:00,0,0,0.0
NOM,3393,83834894,2026-06-27 08:00:00,Sat,08:00:00,0,0,0.0
NOM,3393,83834895,2026-06-27 08:30:00,Sat,08:30:00,2,0,1.0
NOM,3393,83834896,2026-06-27 09:00:00,Sat,09:00:00,2,0,2.0
NOM,3393,83834897,2026-06-27 09:30:00,Sat,09:30:00,3,0,3.0
NOM,3393,83834898,2026-06-27 10:00:00,Sat,10:00:00,7,0,7.0
NOM,3393,83834899,2026-06-27 10:30:00,Sat,10:30:00,7,0,7.0
NOM,3393,83834900,2026-06-27 11:00:00,Sat,11:00:00,7,0,7.0
NOM,3393,83834901,2026-06-27 11:30:00,Sat,11:30:00,7,0,7.0
NOM,3393,83834902,2026-06-27 12:00:00,Sat,12:00:00,8,0,8.0
NOM,3393,83834903,2026-06-27 12:30:00,Sat,12:30:00,8,0,8.0
NOM,3393,83834904,2026-06-27 13:00:00,Sat,13:00:00,10,-2,10.0
NOM,3393,83834905,2026-06-27 13:30:00,Sat,13:30:00,15,-2,15.0
NOM,3393,83834906,2026-06-27 14:00:00,Sat,14:00:00,18,0,19.0
NOM,3393,83834907,2026-06-27 14:30:00,Sat,14:30:00,20,0,21.0
NOM,3393,83834908,2026-06-27 15:00:00,Sat,15:00:00,17,0,17.0
NOM,3393,83834909,2026-06-27 15:30:00,Sat,15:30:00,13,0,13.0
NOM,3393,83834910,2026-06-27 16:00:00,Sat,16:00:00,10,1,10.0
NOM,3393,83834911,2026-06-27 16:30:00,Sat,16:30:00,8,-1,8.0
NOM,3393,83834912,2026-06-27 17:00:00,Sat,17:00:00,8,-1,8.0
NOM,3393,83834913,2026-06-27 17:30:00,Sat,17:30:00,7,1,7.0
NOM,3393,83834914,2026-06-27 18:00:00,Sat,18:00:00,8,2,8.0
NOM,3393,83834915,2026-06-27 18:30:00,Sat,18:30:00,10,-1,10.0
NOM,3393,83834916,2026-06-27 19:00:00,Sat,19:00:00,9,-7,9.0
NOM,3393,83834917,2026-06-27 19:30:00,Sat,19:30:00,11,-10,11.0
NOM,3393,83834918,2026-06-27 20:00:00,Sat,20:00:00,17,-8,17.0
NOM,3393,83834919,2026-06-27 20:30:00,Sat,20:30:00,25,-2,26.0
NOM,3393,83834920,2026-06-27 21:00:00,Sat,21:00:00,31,3,32.0
NOM,3393,83834921,2026-06-27 21:30:00,Sat,21:30:00,31,3,32.0
NOM,3393,83834922,2026-06-27 22:00:00,Sat,22:00:00,27,1,28.0
NOM,3393,83834923,2026-06-27 22:30:00,Sat,22:30:00,22,3,23.0
NOM,3393,83834924,2026-06-27 23:00:00,Sat,23:00:00,15,0,15.0
NOM,3393,83834925,2026-06-27 23:30:00,Sat,23:30:00,6,3,6.0
NOM,3393,83834926,2026-06-28 00:00:00,Sun,00:00:00,1,0,1.0
NOM,3393,83834927,2026-06-28 00:30:00,Sun,00:30:00,0,0,0.0
NOM,3393,83834928,2026-06-28 01:00:00,Sun,01:00:00,0,0,0.0
NOM,3393,83834929,2026-06-28 01:30:00,Sun,01:30:00,0,0,0.0
NOM,3393,83902914,2026-06-28 02:00:00,Sun,02:00:00,0,0,0.0
NOM,3393,83902915,2026-06-28 02:30:00,Sun,02:30:00,0,0,0.0
NOM,3393,83902916,2026-06-28 03:00:00,Sun,03:00:00,0,0,0.0
NOM,3393,83902917,2026-06-28 03:30:00,Sun,03:30:00,0,0,0.0
NOM,3393,83902918,2026-06-28 04:00:00,Sun,04:00:00,0,0,0.0
NOM,3393,83902919,2026-06-28 04:30:00,Sun,04:30:00,0,0,0.0
NOM,3393,83902920,2026-06-28 05:00:00,Sun,05:00:00,0,0,0.0
NOM,3393,83902921,2026-06-28 05:30:00,Sun,05:30:00,0,0,0.0
NOM,3393,83902922,2026-06-28 06:00:00,Sun,06:00:00,0,0,0.0
NOM,3393,83902923,2026-06-28 06:30:00,Sun,06:30:00,0,0,0.0
NOM,3393,83902924,2026-06-28 07:00:00,Sun,07:00:00,0,0,0.0
NOM,3393,83902925,2026-06-28 07:30:00,Sun,07:30:00,0,0,0.0
NOM,3393,83902926,2026-06-28 08:00:00,Sun,08:00:00,0,0,0.0
NOM,3393,83902927,2026-06-28 08:30:00,Sun,08:30:00,2,0,1.0
NOM,3393,83902928,2026-06-28 09:00:00,Sun,09:00:00,3,0,2.0
NOM,3393,83902929,2026-06-28 09:30:00,Sun,09:30:00,4,0,4.0
NOM,3393,83902930,2026-06-28 10:00:00,Sun,10:00:00,7,0,7.0
NOM,3393,83902931,2026-06-28 10:30:00,Sun,10:30:00,7,0,7.0
NOM,3393,83902932,2026-06-28 11:00:00,Sun,11:00:00,7,0,7.0
NOM,3393,83902933,2026-06-28 11:30:00,Sun,11:30:00,8,0,8.0
NOM,3393,83902934,2026-06-28 12:00:00,Sun,12:00:00,9,1,9.0
NOM,3393,83902935,2026-06-28 12:30:00,Sun,12:30:00,9,2,9.0
NOM,3393,83902936,2026-06-28 13:00:00,Sun,13:00:00,12,1,12.0
NOM,3393,83902937,2026-06-28 13:30:00,Sun,13:30:00,18,4,18.0
NOM,3393,83902938,2026-06-28 14:00:00,Sun,14:00:00,21,1,22.0
NOM,3393,83902939,2026-06-28 14:30:00,Sun,14:30:00,21,2,22.0
NOM,3393,83902940,2026-06-28 15:00:00,Sun,15:00:00,19,1,20.0
NOM,3393,83902941,2026-06-28 15:30:00,Sun,15:30:00,15,0,16.0
NOM,3393,83902942,2026-06-28 16:00:00,Sun,16:00:00,13,-1,13.0
NOM,3393,83902943,2026-06-28 16:30:00,Sun,16:30:00,9,-4,9.0
NOM,3393,83902944,2026-06-28 17:00:00,Sun,17:00:00,9,-2,9.0
NOM,3393,83902945,2026-06-28 17:30:00,Sun,17:30:00,9,0,9.0
NOM,3393,83902946,2026-06-28 18:00:00,Sun,18:00:00,9,1,9.0
NOM,3393,83902947,2026-06-28 18:30:00,Sun,18:30:00,11,2,12.0
NOM,3393,83902948,2026-06-28 19:00:00,Sun,19:00:00,10,-2,11.0
NOM,3393,83902949,2026-06-28 19:30:00,Sun,19:30:00,13,-5,13.0
NOM,3393,83902950,2026-06-28 20:00:00,Sun,20:00:00,19,-3,19.0
NOM,3393,83902951,2026-06-28 20:30:00,Sun,20:30:00,25,2,26.0
NOM,3393,83902952,2026-06-28 21:00:00,Sun,21:00:00,27,5,28.0
NOM,3393,83902953,2026-06-28 21:30:00,Sun,21:30:00,24,3,25.0
NOM,3393,83902954,2026-06-28 22:00:00,Sun,22:00:00,18,0,19.0
NOM,3393,83902955,2026-06-28 22:30:00,Sun,22:30:00,12,-2,12.0
NOM,3393,83902956,2026-06-28 23:00:00,Sun,23:00:00,6,-3,5.0
NOM,3393,83902957,2026-06-28 23:30:00,Sun,23:30:00,2,1,1.0
SAB,3393,83726542,2026-06-22 00:00:00,Mon,00:00:00,0,0,0.0
SAB,3393,83726543,2026-06-22 00:30:00,Mon,00:30:00,0,0,0.0
SAB,3393,83726544,2026-06-22 01:00:00,Mon,01:00:00,0,0,0.0
SAB,3393,83726545,2026-06-22 01:30:00,Mon,01:30:00,0,0,0.0
SAB,3393,83759378,2026-06-22 02:00:00,Mon,02:00:00,0,0,0.0
SAB,3393,83759379,2026-06-22 02:30:00,Mon,02:30:00,0,0,0.0
SAB,3393,83759380,2026-06-22 03:00:00,Mon,03:00:00,0,0,0.0
SAB,3393,83759381,2026-06-22 03:30:00,Mon,03:30:00,0,0,0.0
SAB,3393,83759382,2026-06-22 04:00:00,Mon,04:00:00,0,0,0.0
SAB,3393,83759383,2026-06-22 04:30:00,Mon,04:30:00,0,0,0.0
SAB,3393,83759384,2026-06-22 05:00:00,Mon,05:00:00,0,0,0.0
SAB,3393,83759385,2026-06-22 05:30:00,Mon,05:30:00,0,0,0.0
SAB,3393,83759386,2026-06-22 06:00:00,Mon,06:00:00,0,0,0.0
SAB,3393,83759387,2026-06-22 06:30:00,Mon,06:30:00,0,0,0.0
SAB,3393,83759388,2026-06-22 07:00:00,Mon,07:00:00,0,0,0.0
SAB,3393,83759389,2026-06-22 07:30:00,Mon,07:30:00,0,0,0.0
SAB,3393,83759390,2026-06-22 08:00:00,Mon,08:00:00,0,0,0.0
SAB,3393,83759391,2026-06-22 08:30:00,Mon,08:30:00,0,0,0.0
SAB,3393,83759392,2026-06-22 09:00:00,Mon,09:00:00,0,0,0.0
SAB,3393,83759393,2026-06-22 09:30:00,Mon,09:30:00,0,0,0.0
SAB,3393,83759394,2026-06-22 10:00:00,Mon,10:00:00,0,0,0.0
SAB,3393,83759395,2026-06-22 10:30:00,Mon,10:30:00,0,0,0.0
SAB,3393,83759396,2026-06-22 11:00:00,Mon,11:00:00,0,0,0.0
SAB,3393,83759397,2026-06-22 11:30:00,Mon,11:30:00,0,0,0.0
SAB,3393,83759398,2026-06-22 12:00:00,Mon,12:00:00,3,-3,3.0
SAB,3393,83759399,2026-06-22 12:30:00,Mon,12:30:00,3,-3,3.0
SAB,3393,83759400,2026-06-22 13:00:00,Mon,13:00:00,7,-1,6.0
SAB,3393,83759401,2026-06-22 13:30:00,Mon,13:30:00,10,1,9.0
SAB,3393,83759402,2026-06-22 14:00:00,Mon,14:00:00,10,3,9.0
SAB,3393,83759403,2026-06-22 14:30:00,Mon,14:30:00,10,3,9.0
SAB,3393,83759404,2026-06-22 15:00:00,Mon,15:00:00,8,2,8.0
SAB,3393,83759405,2026-06-22 15:30:00,Mon,15:30:00,5,-1,4.0
SAB,3393,83759406,2026-06-22 16:00:00,Mon,16:00:00,3,-3,3.0
SAB,3393,83759407,2026-06-22 16:30:00,Mon,16:30:00,3,-3,3.0
SAB,3393,83759408,2026-06-22 17:00:00,Mon,17:00:00,3,-3,3.0
SAB,3393,83759409,2026-06-22 17:30:00,Mon,17:30:00,5,-3,4.0
SAB,3393,83759410,2026-06-22 18:00:00,Mon,18:00:00,5,-1,4.0
SAB,3393,83759411,2026-06-22 18:30:00,Mon,18:30:00,3,-4,3.0
SAB,3393,83759412,2026-06-22 19:00:00,Mon,19:00:00,5,-3,4.0
SAB,3393,83759413,2026-06-22 19:30:00,Mon,19:30:00,7,-1,6.0
SAB,3393,83759414,2026-06-22 20:00:00,Mon,20:00:00,12,0,11.0
SAB,3393,83759415,2026-06-22 20:30:00,Mon,20:30:00,16,4,16.0
SAB,3393,83759416,2026-06-22 21:00:00,Mon,21:00:00,16,6,16.0
SAB,3393,83759417,2026-06-22 21:30:00,Mon,21:30:00,15,7,14.0
SAB,3393,83759418,2026-06-22 22:00:00,Mon,22:00:00,12,6,11.0
SAB,3393,83759419,2026-06-22 22:30:00,Mon,22:30:00,7,2,6.0
SAB,3393,83759420,2026-06-22 23:00:00,Mon,23:00:00,3,0,3.0
SAB,3393,83759421,2026-06-22 23:30:00,Mon,23:30:00,3,0,3.0
SAB,3393,83759422,2026-06-23 00:00:00,Tue,00:00:00,0,0,0.0
SAB,3393,83759423,2026-06-23 00:30:00,Tue,00:30:00,0,0,0.0
SAB,3393,83759424,2026-06-23 01:00:00,Tue,01:00:00,0,0,0.0
SAB,3393,83759425,2026-06-23 01:30:00,Tue,01:30:00,0,0,0.0
SAB,3393,83759426,2026-06-23 02:00:00,Tue,02:00:00,0,0,0.0
SAB,3393,83759427,2026-06-23 02:30:00,Tue,02:30:00,0,0,0.0
SAB,3393,83759428,2026-06-23 03:00:00,Tue,03:00:00,0,0,0.0
SAB,3393,83759429,2026-06-23 03:30:00,Tue,03:30:00,0,0,0.0
SAB,3393,83759430,2026-06-23 04:00:00,Tue,04:00:00,0,0,0.0
SAB,3393,83759431,2026-06-23 04:30:00,Tue,04:30:00,0,0,0.0
SAB,3393,83759432,2026-06-23 05:00:00,Tue,05:00:00,0,0,0.0
SAB,3393,83759433,2026-06-23 05:30:00,Tue,05:30:00,0,0,0.0
SAB,3393,83759434,2026-06-23 06:00:00,Tue,06:00:00,0,0,0.0
SAB,3393,83759435,2026-06-23 06:30:00,Tue,06:30:00,0,0,0.0
SAB,3393,83759436,2026-06-23 07:00:00,Tue,07:00:00,0,0,0.0
SAB,3393,83759437,2026-06-23 07:30:00,Tue,07:30:00,0,0,0.0
SAB,3393,83759438,2026-06-23 08:00:00,Tue,08:00:00,0,0,0.0
SAB,3393,83759439,2026-06-23 08:30:00,Tue,08:30:00,0,0,0.0
SAB,3393,83759440,2026-06-23 09:00:00,Tue,09:00:00,0,0,0.0
SAB,3393,83759441,2026-06-23 09:30:00,Tue,09:30:00,0,0,0.0
SAB,3393,83759442,2026-06-23 10:00:00,Tue,10:00:00,0,0,0.0
SAB,3393,83759443,2026-06-23 10:30:00,Tue,10:30:00,0,0,0.0
SAB,3393,83759444,2026-06-23 11:00:00,Tue,11:00:00,0,0,0.0
SAB,3393,83759445,2026-06-23 11:30:00,Tue,11:30:00,0,0,0.0
SAB,3393,83759446,2026-06-23 12:00:00,Tue,12:00:00,3,-1,3.0
SAB,3393,83759447,2026-06-23 12:30:00,Tue,12:30:00,3,-2,3.0
SAB,3393,83759448,2026-06-23 13:00:00,Tue,13:00:00,7,0,6.0
SAB,3393,83759449,2026-06-23 13:30:00,Tue,13:30:00,8,1,8.0
SAB,3393,83759450,2026-06-23 14:00:00,Tue,14:00:00,8,2,8.0
SAB,3393,83759451,2026-06-23 14:30:00,Tue,14:30:00,8,2,8.0
SAB,3393,83759452,2026-06-23 15:00:00,Tue,15:00:00,8,4,8.0
SAB,3393,83759453,2026-06-23 15:30:00,Tue,15:30:00,5,1,4.0
SAB,3393,83759454,2026-06-23 16:00:00,Tue,16:00:00,3,-1,3.0
SAB,3393,83759455,2026-06-23 16:30:00,Tue,16:30:00,3,-1,3.0
SAB,3393,83759456,2026-06-23 17:00:00,Tue,17:00:00,3,-1,3.0
SAB,3393,83759457,2026-06-23 17:30:00,Tue,17:30:00,3,-3,3.0
SAB,3393,83759458,2026-06-23 18:00:00,Tue,18:00:00,5,-1,4.0
SAB,3393,83759459,2026-06-23 18:30:00,Tue,18:30:00,3,-3,3.0
SAB,3393,83759460,2026-06-23 19:00:00,Tue,19:00:00,7,0,6.0
SAB,3393,83759461,2026-06-23 19:30:00,Tue,19:30:00,10,3,9.0
SAB,3393,83759462,2026-06-23 20:00:00,Tue,20:00:00,16,6,16.0
SAB,3393,83759463,2026-06-23 20:30:00,Tue,20:30:00,21,10,20.0
SAB,3393,83759464,2026-06-23 21:00:00,Tue,21:00:00,23,12,22.0
SAB,3393,83759465,2026-06-23 21:30:00,Tue,21:30:00,21,13,20.0
SAB,3393,83759466,2026-06-23 22:00:00,Tue,22:00:00,16,11,16.0
SAB,3393,83759467,2026-06-23 22:30:00,Tue,22:30:00,8,4,8.0
SAB,3393,83759468,2026-06-23 23:00:00,Tue,23:00:00,5,2,4.0
SAB,3393,83759469,2026-06-23 23:30:00,Tue,23:30:00,5,2,4.0
SAB,3393,83759470,2026-06-24 00:00:00,Wed,00:00:00,0,0,0.0
SAB,3393,83759471,2026-06-24 00:30:00,Wed,00:30:00,0,0,0.0
SAB,3393,83759472,2026-06-24 01:00:00,Wed,01:00:00,0,0,0.0
SAB,3393,83759473,2026-06-24 01:30:00,Wed,01:30:00,0,0,0.0
SAB,3393,83796146,2026-06-24 02:00:00,Wed,02:00:00,0,0,0.0
SAB,3393,83796147,2026-06-24 02:30:00,Wed,02:30:00,0,0,0.0
SAB,3393,83796148,2026-06-24 03:00:00,Wed,03:00:00,0,0,0.0
SAB,3393,83796149,2026-06-24 03:30:00,Wed,03:30:00,0,0,0.0
SAB,3393,83796150,2026-06-24 04:00:00,Wed,04:00:00,0,0,0.0
SAB,3393,83796151,2026-06-24 04:30:00,Wed,04:30:00,0,0,0.0
SAB,3393,83796152,2026-06-24 05:00:00,Wed,05:00:00,0,0,0.0
SAB,3393,83796153,2026-06-24 05:30:00,Wed,05:30:00,0,0,0.0
SAB,3393,83796154,2026-06-24 06:00:00,Wed,06:00:00,0,0,0.0
SAB,3393,83796155,2026-06-24 06:30:00,Wed,06:30:00,0,0,0.0
SAB,3393,83796156,2026-06-24 07:00:00,Wed,07:00:00,0,0,0.0
SAB,3393,83796157,2026-06-24 07:30:00,Wed,07:30:00,0,0,0.0
SAB,3393,83796158,2026-06-24 08:00:00,Wed,08:00:00,0,0,0.0
SAB,3393,83796159,2026-06-24 08:30:00,Wed,08:30:00,0,0,0.0
SAB,3393,83796160,2026-06-24 09:00:00,Wed,09:00:00,0,0,0.0
SAB,3393,83796161,2026-06-24 09:30:00,Wed,09:30:00,0,0,0.0
SAB,3393,83796162,2026-06-24 10:00:00,Wed,10:00:00,0,0,0.0
SAB,3393,83796163,2026-06-24 10:30:00,Wed,10:30:00,0,0,0.0
SAB,3393,83796164,2026-06-24 11:00:00,Wed,11:00:00,0,0,0.0
SAB,3393,83796165,2026-06-24 11:30:00,Wed,11:30:00,0,0,0.0
SAB,3393,83796166,2026-06-24 12:00:00,Wed,12:00:00,5,-1,4.0
SAB,3393,83796167,2026-06-24 12:30:00,Wed,12:30:00,5,-1,4.0
SAB,3393,83796168,2026-06-24 13:00:00,Wed,13:00:00,8,-3,8.0
SAB,3393,83796169,2026-06-24 13:30:00,Wed,13:30:00,12,4,11.0
SAB,3393,83796170,2026-06-24 14:00:00,Wed,14:00:00,13,5,12.0
SAB,3393,83796171,2026-06-24 14:30:00,Wed,14:30:00,12,6,11.0
SAB,3393,83796172,2026-06-24 15:00:00,Wed,15:00:00,8,2,8.0
SAB,3393,83796173,2026-06-24 15:30:00,Wed,15:30:00,5,-1,4.0
SAB,3393,83796174,2026-06-24 16:00:00,Wed,16:00:00,5,-1,4.0
SAB,3393,83796175,2026-06-24 16:30:00,Wed,16:30:00,5,-1,4.0
SAB,3393,83796176,2026-06-24 17:00:00,Wed,17:00:00,5,-1,4.0
SAB,3393,83796177,2026-06-24 17:30:00,Wed,17:30:00,5,-3,4.0
SAB,3393,83796178,2026-06-24 18:00:00,Wed,18:00:00,5,-1,4.0
SAB,3393,83796179,2026-06-24 18:30:00,Wed,18:30:00,5,-2,4.0
SAB,3393,83796180,2026-06-24 19:00:00,Wed,19:00:00,7,-1,6.0
SAB,3393,83796181,2026-06-24 19:30:00,Wed,19:30:00,10,0,9.0
SAB,3393,83796182,2026-06-24 20:00:00,Wed,20:00:00,16,2,16.0
SAB,3393,83796183,2026-06-24 20:30:00,Wed,20:30:00,26,11,25.0
SAB,3393,83796184,2026-06-24 21:00:00,Wed,21:00:00,31,18,30.0
SAB,3393,83796185,2026-06-24 21:30:00,Wed,21:30:00,28,18,27.0
SAB,3393,83796186,2026-06-24 22:00:00,Wed,22:00:00,20,13,19.0
SAB,3393,83796187,2026-06-24 22:30:00,Wed,22:30:00,10,5,9.0
SAB,3393,83796188,2026-06-24 23:00:00,Wed,23:00:00,5,2,4.0
SAB,3393,83796189,2026-06-24 23:30:00,Wed,23:30:00,5,2,4.0
SAB,3393,83796190,2026-06-25 00:00:00,Thu,00:00:00,0,0,0.0
SAB,3393,83796191,2026-06-25 00:30:00,Thu,00:30:00,0,0,0.0
SAB,3393,83796192,2026-06-25 01:00:00,Thu,01:00:00,0,0,0.0
SAB,3393,83796193,2026-06-25 01:30:00,Thu,01:30:00,0,0,0.0
SAB,3393,83796194,2026-06-25 02:00:00,Thu,02:00:00,0,0,0.0
SAB,3393,83796195,2026-06-25 02:30:00,Thu,02:30:00,0,0,0.0
SAB,3393,83796196,2026-06-25 03:00:00,Thu,03:00:00,0,0,0.0
SAB,3393,83796197,2026-06-25 03:30:00,Thu,03:30:00,0,0,0.0
SAB,3393,83796198,2026-06-25 04:00:00,Thu,04:00:00,0,0,0.0
SAB,3393,83796199,2026-06-25 04:30:00,Thu,04:30:00,0,0,0.0
SAB,3393,83796200,2026-06-25 05:00:00,Thu,05:00:00,0,0,0.0
SAB,3393,83796201,2026-06-25 05:30:00,Thu,05:30:00,0,0,0.0
SAB,3393,83796202,2026-06-25 06:00:00,Thu,06:00:00,0,0,0.0
SAB,3393,83796203,2026-06-25 06:30:00,Thu,06:30:00,0,0,0.0
SAB,3393,83796204,2026-06-25 07:00:00,Thu,07:00:00,0,0,0.0
SAB,3393,83796205,2026-06-25 07:30:00,Thu,07:30:00,0,0,0.0
SAB,3393,83796206,2026-06-25 08:00:00,Thu,08:00:00,0,0,0.0
SAB,3393,83796207,2026-06-25 08:30:00,Thu,08:30:00,0,0,0.0
SAB,3393,83796208,2026-06-25 09:00:00,Thu,09:00:00,0,0,0.0
SAB,3393,83796209,2026-06-25 09:30:00,Thu,09:30:00,0,0,0.0
SAB,3393,83796210,2026-06-25 10:00:00,Thu,10:00:00,0,0,0.0
SAB,3393,83796211,2026-06-25 10:30:00,Thu,10:30:00,0,0,0.0
SAB,3393,83796212,2026-06-25 11:00:00,Thu,11:00:00,0,0,0.0
SAB,3393,83796213,2026-06-25 11:30:00,Thu,11:30:00,0,0,0.0
SAB,3393,83796214,2026-06-25 12:00:00,Thu,12:00:00,3,-2,3.0
SAB,3393,83796215,2026-06-25 12:30:00,Thu,12:30:00,3,-2,3.0
SAB,3393,83796216,2026-06-25 13:00:00,Thu,13:00:00,7,-1,6.0
SAB,3393,83796217,2026-06-25 13:30:00,Thu,13:30:00,8,0,8.0
SAB,3393,83796218,2026-06-25 14:00:00,Thu,14:00:00,12,6,11.0
SAB,3393,83796219,2026-06-25 14:30:00,Thu,14:30:00,10,4,9.0
SAB,3393,83796220,2026-06-25 15:00:00,Thu,15:00:00,7,2,6.0
SAB,3393,83796221,2026-06-25 15:30:00,Thu,15:30:00,5,0,4.0
SAB,3393,83796222,2026-06-25 16:00:00,Thu,16:00:00,3,-2,3.0
SAB,3393,83796223,2026-06-25 16:30:00,Thu,16:30:00,3,-2,3.0
SAB,3393,83796224,2026-06-25 17:00:00,Thu,17:00:00,3,-2,3.0
SAB,3393,83796225,2026-06-25 17:30:00,Thu,17:30:00,3,-2,3.0
SAB,3393,83796226,2026-06-25 18:00:00,Thu,18:00:00,3,-2,3.0
SAB,3393,83796227,2026-06-25 18:30:00,Thu,18:30:00,3,-3,3.0
SAB,3393,83796228,2026-06-25 19:00:00,Thu,19:00:00,5,-2,4.0
SAB,3393,83796229,2026-06-25 19:30:00,Thu,19:30:00,10,0,9.0
SAB,3393,83796230,2026-06-25 20:00:00,Thu,20:00:00,15,1,14.0
SAB,3393,83796231,2026-06-25 20:30:00,Thu,20:30:00,21,4,20.0
SAB,3393,83796232,2026-06-25 21:00:00,Thu,21:00:00,25,11,24.0
SAB,3393,83796233,2026-06-25 21:30:00,Thu,21:30:00,21,11,20.0
SAB,3393,83796234,2026-06-25 22:00:00,Thu,22:00:00,15,9,14.0
SAB,3393,83796235,2026-06-25 22:30:00,Thu,22:30:00,7,3,6.0
SAB,3393,83796236,2026-06-25 23:00:00,Thu,23:00:00,3,0,3.0
SAB,3393,83796237,2026-06-25 23:30:00,Thu,23:30:00,3,0,3.0
SAB,3393,83796238,2026-06-26 00:00:00,Fri,00:00:00,0,0,0.0
SAB,3393,83796239,2026-06-26 00:30:00,Fri,00:30:00,0,0,0.0
SAB,3393,83796240,2026-06-26 01:00:00,Fri,01:00:00,0,0,0.0
SAB,3393,83796241,2026-06-26 01:30:00,Fri,01:30:00,0,0,0.0
SAB,3393,83845682,2026-06-26 02:00:00,Fri,02:00:00,0,0,0.0
SAB,3393,83845683,2026-06-26 02:30:00,Fri,02:30:00,0,0,0.0
SAB,3393,83845684,2026-06-26 03:00:00,Fri,03:00:00,0,0,0.0
SAB,3393,83845685,2026-06-26 03:30:00,Fri,03:30:00,0,0,0.0
SAB,3393,83845686,2026-06-26 04:00:00,Fri,04:00:00,0,0,0.0
SAB,3393,83845687,2026-06-26 04:30:00,Fri,04:30:00,0,0,0.0
SAB,3393,83845688,2026-06-26 05:00:00,Fri,05:00:00,0,0,0.0
SAB,3393,83845689,2026-06-26 05:30:00,Fri,05:30:00,0,0,0.0
SAB,3393,83845690,2026-06-26 06:00:00,Fri,06:00:00,0,0,0.0
SAB,3393,83845691,2026-06-26 06:30:00,Fri,06:30:00,0,0,0.0
SAB,3393,83845692,2026-06-26 07:00:00,Fri,07:00:00,0,0,0.0
SAB,3393,83845693,2026-06-26 07:30:00,Fri,07:30:00,0,0,0.0
SAB,3393,83845694,2026-06-26 08:00:00,Fri,08:00:00,0,0,0.0
SAB,3393,83845695,2026-06-26 08:30:00,Fri,08:30:00,0,0,0.0
SAB,3393,83845696,2026-06-26 09:00:00,Fri,09:00:00,0,0,0.0
SAB,3393,83845697,2026-06-26 09:30:00,Fri,09:30:00,0,0,0.0
SAB,3393,83845698,2026-06-26 10:00:00,Fri,10:00:00,0,0,0.0
SAB,3393,83845699,2026-06-26 10:30:00,Fri,10:30:00,0,0,0.0
SAB,3393,83845700,2026-06-26 11:00:00,Fri,11:00:00,0,0,0.0
SAB,3393,83845701,2026-06-26 11:30:00,Fri,11:30:00,0,0,0.0
SAB,3393,83845702,2026-06-26 12:00:00,Fri,12:00:00,3,0,3.0
SAB,3393,83845703,2026-06-26 12:30:00,Fri,12:30:00,5,0,4.0
SAB,3393,83845704,2026-06-26 13:00:00,Fri,13:00:00,10,2,9.0
SAB,3393,83845705,2026-06-26 13:30:00,Fri,13:30:00,13,4,12.0
SAB,3393,83845706,2026-06-26 14:00:00,Fri,14:00:00,15,4,14.0
SAB,3393,83845707,2026-06-26 14:30:00,Fri,14:30:00,13,4,12.0
SAB,3393,83845708,2026-06-26 15:00:00,Fri,15:00:00,8,2,8.0
SAB,3393,83845709,2026-06-26 15:30:00,Fri,15:30:00,7,1,6.0
SAB,3393,83845710,2026-06-26 16:00:00,Fri,16:00:00,5,-1,4.0
SAB,3393,83845711,2026-06-26 16:30:00,Fri,16:30:00,3,-3,3.0
SAB,3393,83845712,2026-06-26 17:00:00,Fri,17:00:00,3,-3,3.0
SAB,3393,83845713,2026-06-26 17:30:00,Fri,17:30:00,3,-3,3.0
SAB,3393,83845714,2026-06-26 18:00:00,Fri,18:00:00,5,-3,4.0
SAB,3393,83845715,2026-06-26 18:30:00,Fri,18:30:00,5,-3,4.0
SAB,3393,83845716,2026-06-26 19:00:00,Fri,19:00:00,7,-8,6.0
SAB,3393,83845717,2026-06-26 19:30:00,Fri,19:30:00,12,-6,11.0
SAB,3393,83845718,2026-06-26 20:00:00,Fri,20:00:00,25,5,24.0
SAB,3393,83845719,2026-06-26 20:30:00,Fri,20:30:00,36,11,35.0
SAB,3393,83845720,2026-06-26 21:00:00,Fri,21:00:00,40,15,38.0
SAB,3393,83845721,2026-06-26 21:30:00,Fri,21:30:00,38,13,36.0
SAB,3393,83845722,2026-06-26 22:00:00,Fri,22:00:00,31,6,30.0
SAB,3393,83845723,2026-06-26 22:30:00,Fri,22:30:00,21,5,20.0
SAB,3393,83845724,2026-06-26 23:00:00,Fri,23:00:00,8,2,8.0
SAB,3393,83845725,2026-06-26 23:30:00,Fri,23:30:00,3,0,3.0
SAB,3393,83845726,2026-06-27 00:00:00,Sat,00:00:00,0,0,0.0
SAB,3393,83845727,2026-06-27 00:30:00,Sat,00:30:00,0,0,0.0
SAB,3393,83845728,2026-06-27 01:00:00,Sat,01:00:00,0,0,0.0
SAB,3393,83845729,2026-06-27 01:30:00,Sat,01:30:00,0,0,0.0
SAB,3393,83845730,2026-06-27 02:00:00,Sat,02:00:00,0,0,0.0
SAB,3393,83845731,2026-06-27 02:30:00,Sat,02:30:00,0,0,0.0
SAB,3393,83845732,2026-06-27 03:00:00,Sat,03:00:00,0,0,0.0
SAB,3393,83845733,2026-06-27 03:30:00,Sat,03:30:00,0,0,0.0
SAB,3393,83845734,2026-06-27 04:00:00,Sat,04:00:00,0,0,0.0
SAB,3393,83845735,2026-06-27 04:30:00,Sat,04:30:00,0,0,0.0
SAB,3393,83845736,2026-06-27 05:00:00,Sat,05:00:00,0,0,0.0
SAB,3393,83845737,2026-06-27 05:30:00,Sat,05:30:00,0,0,0.0
SAB,3393,83845738,2026-06-27 06:00:00,Sat,06:00:00,0,0,0.0
SAB,3393,83845739,2026-06-27 06:30:00,Sat,06:30:00,0,0,0.0
SAB,3393,83845740,2026-06-27 07:00:00,Sat,07:00:00,0,0,0.0
SAB,3393,83845741,2026-06-27 07:30:00,Sat,07:30:00,0,0,0.0
SAB,3393,83845742,2026-06-27 08:00:00,Sat,08:00:00,0,0,0.0
SAB,3393,83845743,2026-06-27 08:30:00,Sat,08:30:00,0,0,0.0
SAB,3393,83845744,2026-06-27 09:00:00,Sat,09:00:00,0,0,0.0
SAB,3393,83845745,2026-06-27 09:30:00,Sat,09:30:00,0,0,0.0
SAB,3393,83845746,2026-06-27 10:00:00,Sat,10:00:00,0,0,0.0
SAB,3393,83845747,2026-06-27 10:30:00,Sat,10:30:00,0,0,0.0
SAB,3393,83845748,2026-06-27 11:00:00,Sat,11:00:00,0,0,0.0
SAB,3393,83845749,2026-06-27 11:30:00,Sat,11:30:00,0,0,0.0
SAB,3393,83845750,2026-06-27 12:00:00,Sat,12:00:00,3,-8,3.0
SAB,3393,83845751,2026-06-27 12:30:00,Sat,12:30:00,7,-6,6.0
SAB,3393,83845752,2026-06-27 13:00:00,Sat,13:00:00,12,-4,11.0
SAB,3393,83845753,2026-06-27 13:30:00,Sat,13:30:00,18,-1,17.0
SAB,3393,83845754,2026-06-27 14:00:00,Sat,14:00:00,18,2,17.0
SAB,3393,83845755,2026-06-27 14:30:00,Sat,14:30:00,15,4,14.0
SAB,3393,83845756,2026-06-27 15:00:00,Sat,15:00:00,12,6,11.0
SAB,3393,83845757,2026-06-27 15:30:00,Sat,15:30:00,8,2,8.0
SAB,3393,83845758,2026-06-27 16:00:00,Sat,16:00:00,7,1,6.0
SAB,3393,83845759,2026-06-27 16:30:00,Sat,16:30:00,5,-1,4.0
SAB,3393,83845760,2026-06-27 17:00:00,Sat,17:00:00,5,-1,4.0
SAB,3393,83845761,2026-06-27 17:30:00,Sat,17:30:00,5,-1,4.0
SAB,3393,83845762,2026-06-27 18:00:00,Sat,18:00:00,5,-3,4.0
SAB,3393,83845763,2026-06-27 18:30:00,Sat,18:30:00,7,-1,6.0
SAB,3393,83845764,2026-06-27 19:00:00,Sat,19:00:00,7,-8,6.0
SAB,3393,83845765,2026-06-27 19:30:00,Sat,19:30:00,12,-6,11.0
SAB,3393,83845766,2026-06-27 20:00:00,Sat,20:00:00,21,1,20.0
SAB,3393,83845767,2026-06-27 20:30:00,Sat,20:30:00,35,10,33.0
SAB,3393,83845768,2026-06-27 21:00:00,Sat,21:00:00,43,18,41.0
SAB,3393,83845769,2026-06-27 21:30:00,Sat,21:30:00,38,13,36.0
SAB,3393,83845770,2026-06-27 22:00:00,Sat,22:00:00,33,8,32.0
SAB,3393,83845771,2026-06-27 22:30:00,Sat,22:30:00,21,5,20.0
SAB,3393,83845772,2026-06-27 23:00:00,Sat,23:00:00,8,2,8.0
SAB,3393,83845773,2026-06-27 23:30:00,Sat,23:30:00,3,0,3.0
SAB,3393,83845774,2026-06-28 00:00:00,Sun,00:00:00,0,0,0.0
SAB,3393,83845775,2026-06-28 00:30:00,Sun,00:30:00,0,0,0.0
SAB,3393,83845776,2026-06-28 01:00:00,Sun,01:00:00,0,0,0.0
SAB,3393,83845777,2026-06-28 01:30:00,Sun,01:30:00,0,0,0.0
SAB,3393,83908770,2026-06-28 02:00:00,Sun,02:00:00,0,0,0.0
SAB,3393,83908771,2026-06-28 02:30:00,Sun,02:30:00,0,0,0.0
SAB,3393,83908772,2026-06-28 03:00:00,Sun,03:00:00,0,0,0.0
SAB,3393,83908773,2026-06-28 03:30:00,Sun,03:30:00,0,0,0.0
SAB,3393,83908774,2026-06-28 04:00:00,Sun,04:00:00,0,0,0.0
SAB,3393,83908775,2026-06-28 04:30:00,Sun,04:30:00,0,0,0.0
SAB,3393,83908776,2026-06-28 05:00:00,Sun,05:00:00,0,0,0.0
SAB,3393,83908777,2026-06-28 05:30:00,Sun,05:30:00,0,0,0.0
SAB,3393,83908778,2026-06-28 06:00:00,Sun,06:00:00,0,0,0.0
SAB,3393,83908779,2026-06-28 06:30:00,Sun,06:30:00,0,0,0.0
SAB,3393,83908780,2026-06-28 07:00:00,Sun,07:00:00,0,0,0.0
SAB,3393,83908781,2026-06-28 07:30:00,Sun,07:30:00,0,0,0.0
SAB,3393,83908782,2026-06-28 08:00:00,Sun,08:00:00,0,0,0.0
SAB,3393,83908783,2026-06-28 08:30:00,Sun,08:30:00,0,0,0.0
SAB,3393,83908784,2026-06-28 09:00:00,Sun,09:00:00,0,0,0.0
SAB,3393,83908785,2026-06-28 09:30:00,Sun,09:30:00,0,0,0.0
SAB,3393,83908786,2026-06-28 10:00:00,Sun,10:00:00,0,0,0.0
SAB,3393,83908787,2026-06-28 10:30:00,Sun,10:30:00,0,0,0.0
SAB,3393,83908788,2026-06-28 11:00:00,Sun,11:00:00,0,0,0.0
SAB,3393,83908789,2026-06-28 11:30:00,Sun,11:30:00,0,0,0.0
SAB,3393,83908790,2026-06-28 12:00:00,Sun,12:00:00,5,-6,4.0
SAB,3393,83908791,2026-06-28 12:30:00,Sun,12:30:00,7,-6,6.0
SAB,3393,83908792,2026-06-28 13:00:00,Sun,13:00:00,13,-3,12.0
SAB,3393,83908793,2026-06-28 13:30:00,Sun,13:30:00,20,1,19.0
SAB,3393,83908794,2026-06-28 14:00:00,Sun,14:00:00,21,5,20.0
SAB,3393,83908795,2026-06-28 14:30:00,Sun,14:30:00,18,7,17.0
SAB,3393,83908796,2026-06-28 15:00:00,Sun,15:00:00,15,7,14.0
SAB,3393,83908797,2026-06-28 15:30:00,Sun,15:30:00,10,3,9.0
SAB,3393,83908798,2026-06-28 16:00:00,Sun,16:00:00,7,0,6.0
SAB,3393,83908799,2026-06-28 16:30:00,Sun,16:30:00,8,1,8.0
SAB,3393,83908800,2026-06-28 17:00:00,Sun,17:00:00,7,0,6.0
SAB,3393,83908801,2026-06-28 17:30:00,Sun,17:30:00,5,-2,4.0
SAB,3393,83908802,2026-06-28 18:00:00,Sun,18:00:00,7,0,6.0
SAB,3393,83908803,2026-06-28 18:30:00,Sun,18:30:00,7,-2,6.0
SAB,3393,83908804,2026-06-28 19:00:00,Sun,19:00:00,10,-5,9.0
SAB,3393,83908805,2026-06-28 19:30:00,Sun,19:30:00,16,-2,16.0
SAB,3393,83908806,2026-06-28 20:00:00,Sun,20:00:00,31,11,30.0
SAB,3393,83908807,2026-06-28 20:30:00,Sun,20:30:00,41,16,40.0
SAB,3393,83908808,2026-06-28 21:00:00,Sun,21:00:00,41,16,40.0
SAB,3393,83908809,2026-06-28 21:30:00,Sun,21:30:00,40,15,38.0
SAB,3393,83908810,2026-06-28 22:00:00,Sun,22:00:00,28,3,27.0
SAB,3393,83908811,2026-06-28 22:30:00,Sun,22:30:00,15,-1,14.0
SAB,3393,83908812,2026-06-28 23:00:00,Sun,23:00:00,5,-1,4.0
SAB,3393,83908813,2026-06-28 23:30:00,Sun,23:30:00,3,0,3.0
ALC,3393,83899694,2026-06-29 00:00:00,Mon,00:00:00,2,0,2.0
ALC,3393,83899695,2026-06-29 00:30:00,Mon,00:30:00,1,1,1.0
ALC,3393,83899696,2026-06-29 01:00:00,Mon,01:00:00,0,0,0.0
ALC,3393,83899697,2026-06-29 01:30:00,Mon,01:30:00,0,0,0.0
ALC,3393,83899698,2026-06-29 02:00:00,Mon,02:00:00,0,0,0.0
ALC,3393,83899699,2026-06-29 02:30:00,Mon,02:30:00,0,0,0.0
ALC,3393,83899700,2026-06-29 03:00:00,Mon,03:00:00,0,0,0.0
ALC,3393,83899701,2026-06-29 03:30:00,Mon,03:30:00,0,0,0.0
ALC,3393,83899702,2026-06-29 04:00:00,Mon,04:00:00,0,0,0.0
ALC,3393,83899703,2026-06-29 04:30:00,Mon,04:30:00,0,0,0.0
ALC,3393,83899704,2026-06-29 05:00:00,Mon,05:00:00,0,0,0.0
ALC,3393,83899705,2026-06-29 05:30:00,Mon,05:30:00,0,0,0.0
ALC,3393,83899706,2026-06-29 06:00:00,Mon,06:00:00,0,0,0.0
ALC,3393,83899707,2026-06-29 06:30:00,Mon,06:30:00,0,0,0.0
ALC,3393,83899708,2026-06-29 07:00:00,Mon,07:00:00,0,0,0.0
ALC,3393,83899709,2026-06-29 07:30:00,Mon,07:30:00,0,0,0.0
ALC,3393,83899710,2026-06-29 08:00:00,Mon,08:00:00,0,0,0.0
ALC,3393,83899711,2026-06-29 08:30:00,Mon,08:30:00,1,0,1.0
ALC,3393,83899712,2026-06-29 09:00:00,Mon,09:00:00,2,0,2.0
ALC,3393,83899713,2026-06-29 09:30:00,Mon,09:30:00,2,0,2.0
ALC,3393,83899714,2026-06-29 10:00:00,Mon,10:00:00,5,0,6.0
ALC,3393,83899715,2026-06-29 10:30:00,Mon,10:30:00,5,0,6.0
ALC,3393,83899716,2026-06-29 11:00:00,Mon,11:00:00,5,0,7.0
ALC,3393,83899717,2026-06-29 11:30:00,Mon,11:30:00,5,0,7.0
ALC,3393,83899718,2026-06-29 12:00:00,Mon,12:00:00,8,2,10.0
ALC,3393,83899719,2026-06-29 12:30:00,Mon,12:30:00,7,0,9.0
ALC,3393,83899720,2026-06-29 13:00:00,Mon,13:00:00,10,0,13.0
ALC,3393,83899721,2026-06-29 13:30:00,Mon,13:30:00,14,0,18.0
ALC,3393,83899722,2026-06-29 14:00:00,Mon,14:00:00,15,0,20.0
ALC,3393,83899723,2026-06-29 14:30:00,Mon,14:30:00,15,0,21.0
ALC,3393,83899724,2026-06-29 15:00:00,Mon,15:00:00,14,0,18.0
ALC,3393,83899725,2026-06-29 15:30:00,Mon,15:30:00,11,0,15.0
ALC,3393,83899726,2026-06-29 16:00:00,Mon,16:00:00,8,0,11.0
ALC,3393,83899727,2026-06-29 16:30:00,Mon,16:30:00,6,0,8.0
ALC,3393,83899728,2026-06-29 17:00:00,Mon,17:00:00,6,0,8.0
ALC,3393,83899729,2026-06-29 17:30:00,Mon,17:30:00,8,0,10.0
ALC,3393,83899730,2026-06-29 18:00:00,Mon,18:00:00,8,0,10.0
ALC,3393,83899731,2026-06-29 18:30:00,Mon,18:30:00,8,0,10.0
ALC,3393,83899732,2026-06-29 19:00:00,Mon,19:00:00,8,0,10.0
ALC,3393,83899733,2026-06-29 19:30:00,Mon,19:30:00,10,0,13.0
ALC,3393,83899734,2026-06-29 20:00:00,Mon,20:00:00,14,0,19.0
ALC,3393,83899735,2026-06-29 20:30:00,Mon,20:30:00,19,0,26.0
ALC,3393,83899736,2026-06-29 21:00:00,Mon,21:00:00,24,-1,32.0
ALC,3393,83899737,2026-06-29 21:30:00,Mon,21:30:00,23,-1,31.0
ALC,3393,83899738,2026-06-29 22:00:00,Mon,22:00:00,19,-1,26.0
ALC,3393,83899739,2026-06-29 22:30:00,Mon,22:30:00,16,-1,21.0
ALC,3393,83899740,2026-06-29 23:00:00,Mon,23:00:00,13,0,17.0
ALC,3393,83899741,2026-06-29 23:30:00,Mon,23:30:00,6,0,7.0
ALC,3393,83899742,2026-06-30 00:00:00,Tue,00:00:00,1,0,1.0
ALC,3393,83899743,2026-06-30 00:30:00,Tue,00:30:00,0,0,0.0
ALC,3393,83899744,2026-06-30 01:00:00,Tue,01:00:00,0,0,0.0
ALC,3393,83899745,2026-06-30 01:30:00,Tue,01:30:00,0,0,0.0
ALC,3393,83932386,2026-06-30 02:00:00,Tue,02:00:00,0,0,0.0
ALC,3393,83932387,2026-06-30 02:30:00,Tue,02:30:00,0,0,0.0
ALC,3393,83932388,2026-06-30 03:00:00,Tue,03:00:00,0,0,0.0
ALC,3393,83932389,2026-06-30 03:30:00,Tue,03:30:00,0,0,0.0
ALC,3393,83932390,2026-06-30 04:00:00,Tue,04:00:00,0,0,0.0
ALC,3393,83932391,2026-06-30 04:30:00,Tue,04:30:00,0,0,0.0
ALC,3393,83932392,2026-06-30 05:00:00,Tue,05:00:00,0,0,0.0
ALC,3393,83932393,2026-06-30 05:30:00,Tue,05:30:00,0,0,0.0
ALC,3393,83932394,2026-06-30 06:00:00,Tue,06:00:00,0,0,0.0
ALC,3393,83932395,2026-06-30 06:30:00,Tue,06:30:00,0,0,0.0
ALC,3393,83932396,2026-06-30 07:00:00,Tue,07:00:00,0,0,0.0
ALC,3393,83932397,2026-06-30 07:30:00,Tue,07:30:00,0,0,0.0
ALC,3393,83932398,2026-06-30 08:00:00,Tue,08:00:00,0,0,0.0
ALC,3393,83932399,2026-06-30 08:30:00,Tue,08:30:00,1,0,0.0
ALC,3393,83932400,2026-06-30 09:00:00,Tue,09:00:00,2,0,2.0
ALC,3393,83932401,2026-06-30 09:30:00,Tue,09:30:00,3,0,3.0
ALC,3393,83932402,2026-06-30 10:00:00,Tue,10:00:00,4,0,4.0
ALC,3393,83932403,2026-06-30 10:30:00,Tue,10:30:00,4,0,4.0
ALC,3393,83932404,2026-06-30 11:00:00,Tue,11:00:00,5,0,6.0
ALC,3393,83932405,2026-06-30 11:30:00,Tue,11:30:00,5,0,6.0
ALC,3393,83932406,2026-06-30 12:00:00,Tue,12:00:00,6,0,8.0
ALC,3393,83932407,2026-06-30 12:30:00,Tue,12:30:00,6,0,8.0
ALC,3393,83932408,2026-06-30 13:00:00,Tue,13:00:00,10,0,13.0
ALC,3393,83932409,2026-06-30 13:30:00,Tue,13:30:00,14,0,18.0
ALC,3393,83932410,2026-06-30 14:00:00,Tue,14:00:00,15,0,20.0
ALC,3393,83932411,2026-06-30 14:30:00,Tue,14:30:00,15,0,19.0
ALC,3393,83932412,2026-06-30 15:00:00,Tue,15:00:00,12,0,17.0
ALC,3393,83932413,2026-06-30 15:30:00,Tue,15:30:00,11,1,15.0
ALC,3393,83932414,2026-06-30 16:00:00,Tue,16:00:00,7,-1,9.0
ALC,3393,83932415,2026-06-30 16:30:00,Tue,16:30:00,7,0,8.0
ALC,3393,83932416,2026-06-30 17:00:00,Tue,17:00:00,6,-2,8.0
ALC,3393,83932417,2026-06-30 17:30:00,Tue,17:30:00,7,-2,9.0
ALC,3393,83932418,2026-06-30 18:00:00,Tue,18:00:00,8,0,10.0
ALC,3393,83932419,2026-06-30 18:30:00,Tue,18:30:00,8,0,11.0
ALC,3393,83932420,2026-06-30 19:00:00,Tue,19:00:00,7,-1,9.0
ALC,3393,83932421,2026-06-30 19:30:00,Tue,19:30:00,8,-1,11.0
ALC,3393,83932422,2026-06-30 20:00:00,Tue,20:00:00,14,-3,19.0
ALC,3393,83932423,2026-06-30 20:30:00,Tue,20:30:00,21,-6,28.0
ALC,3393,83932424,2026-06-30 21:00:00,Tue,21:00:00,26,-6,35.0
ALC,3393,83932425,2026-06-30 21:30:00,Tue,21:30:00,24,-7,32.0
ALC,3393,83932426,2026-06-30 22:00:00,Tue,22:00:00,21,-7,28.0
ALC,3393,83932427,2026-06-30 22:30:00,Tue,22:30:00,17,-5,22.0
ALC,3393,83932428,2026-06-30 23:00:00,Tue,23:00:00,12,-1,15.0
ALC,3393,83932429,2026-06-30 23:30:00,Tue,23:30:00,6,-1,7.0
ALC,3393,83932430,2026-07-01 00:00:00,Wed,00:00:00,2,0,2.0
ALC,3393,83932431,2026-07-01 00:30:00,Wed,00:30:00,1,0,0.0
ALC,3393,83932432,2026-07-01 01:00:00,Wed,01:00:00,0,0,0.0
ALC,3393,83932433,2026-07-01 01:30:00,Wed,01:30:00,0,0,0.0
ALC,3393,83954082,2026-07-01 02:00:00,Wed,02:00:00,0,0,0.0
ALC,3393,83954083,2026-07-01 02:30:00,Wed,02:30:00,0,0,0.0
ALC,3393,83954084,2026-07-01 03:00:00,Wed,03:00:00,0,0,0.0
ALC,3393,83954085,2026-07-01 03:30:00,Wed,03:30:00,0,0,0.0
ALC,3393,83954086,2026-07-01 04:00:00,Wed,04:00:00,0,0,0.0
ALC,3393,83954087,2026-07-01 04:30:00,Wed,04:30:00,0,0,0.0
ALC,3393,83954088,2026-07-01 05:00:00,Wed,05:00:00,0,0,0.0
ALC,3393,83954089,2026-07-01 05:30:00,Wed,05:30:00,0,0,0.0
ALC,3393,83954090,2026-07-01 06:00:00,Wed,06:00:00,0,0,0.0
ALC,3393,83954091,2026-07-01 06:30:00,Wed,06:30:00,0,0,0.0
ALC,3393,83954092,2026-07-01 07:00:00,Wed,07:00:00,0,0,0.0
ALC,3393,83954093,2026-07-01 07:30:00,Wed,07:30:00,0,0,0.0
ALC,3393,83954094,2026-07-01 08:00:00,Wed,08:00:00,0,0,0.0
ALC,3393,83954095,2026-07-01 08:30:00,Wed,08:30:00,1,0,0.0
ALC,3393,83954096,2026-07-01 09:00:00,Wed,09:00:00,2,1,2.0
ALC,3393,83954097,2026-07-01 09:30:00,Wed,09:30:00,3,0,3.0
ALC,3393,83954098,2026-07-01 10:00:00,Wed,10:00:00,4,0,4.0
ALC,3393,83954099,2026-07-01 10:30:00,Wed,10:30:00,4,0,5.0
ALC,3393,83954100,2026-07-01 11:00:00,Wed,11:00:00,4,0,5.0
ALC,3393,83954101,2026-07-01 11:30:00,Wed,11:30:00,5,-2,6.0
ALC,3393,83954102,2026-07-01 12:00:00,Wed,12:00:00,7,-3,9.0
ALC,3393,83954103,2026-07-01 12:30:00,Wed,12:30:00,7,-3,9.0
ALC,3393,83954104,2026-07-01 13:00:00,Wed,13:00:00,10,-3,13.0
ALC,3393,83954105,2026-07-01 13:30:00,Wed,13:30:00,14,-6,19.0
ALC,3393,83954106,2026-07-01 14:00:00,Wed,14:00:00,17,-7,23.0
ALC,3393,83954107,2026-07-01 14:30:00,Wed,14:30:00,17,-7,22.0
ALC,3393,83954108,2026-07-01 15:00:00,Wed,15:00:00,13,-4,17.0
ALC,3393,83954109,2026-07-01 15:30:00,Wed,15:30:00,11,-2,15.0
ALC,3393,83954110,2026-07-01 16:00:00,Wed,16:00:00,8,-1,10.0
ALC,3393,83954111,2026-07-01 16:30:00,Wed,16:30:00,7,-2,9.0
ALC,3393,83954112,2026-07-01 17:00:00,Wed,17:00:00,7,-2,10.0
ALC,3393,83954113,2026-07-01 17:30:00,Wed,17:30:00,7,-2,8.0
ALC,3393,83954114,2026-07-01 18:00:00,Wed,18:00:00,8,-4,10.0
ALC,3393,83954115,2026-07-01 18:30:00,Wed,18:30:00,8,-4,11.0
ALC,3393,83954116,2026-07-01 19:00:00,Wed,19:00:00,10,-2,13.0
ALC,3393,83954117,2026-07-01 19:30:00,Wed,19:30:00,11,-2,15.0
ALC,3393,83954118,2026-07-01 20:00:00,Wed,20:00:00,17,-6,23.0
ALC,3393,83954119,2026-07-01 20:30:00,Wed,20:30:00,24,-7,32.0
ALC,3393,83954120,2026-07-01 21:00:00,Wed,21:00:00,29,-5,39.0
ALC,3393,83954121,2026-07-01 21:30:00,Wed,21:30:00,26,-8,35.0
ALC,3393,83954122,2026-07-01 22:00:00,Wed,22:00:00,21,-6,28.0
ALC,3393,83954123,2026-07-01 22:30:00,Wed,22:30:00,18,0,24.0
ALC,3393,83954124,2026-07-01 23:00:00,Wed,23:00:00,14,-1,19.0
ALC,3393,83954125,2026-07-01 23:30:00,Wed,23:30:00,6,-1,8.0
ALC,3393,83954126,2026-07-02 00:00:00,Thu,00:00:00,1,-1,1.0
ALC,3393,83954127,2026-07-02 00:30:00,Thu,00:30:00,1,0,0.0
ALC,3393,83954128,2026-07-02 01:00:00,Thu,01:00:00,0,0,0.0
ALC,3393,83954129,2026-07-02 01:30:00,Thu,01:30:00,0,0,0.0
ALC,3393,83954130,2026-07-02 02:00:00,Thu,02:00:00,0,0,0.0
ALC,3393,83954131,2026-07-02 02:30:00,Thu,02:30:00,0,0,0.0
ALC,3393,83954132,2026-07-02 03:00:00,Thu,03:00:00,0,0,0.0
ALC,3393,83954133,2026-07-02 03:30:00,Thu,03:30:00,0,0,0.0
ALC,3393,83954134,2026-07-02 04:00:00,Thu,04:00:00,0,0,0.0
ALC,3393,83954135,2026-07-02 04:30:00,Thu,04:30:00,0,0,0.0
ALC,3393,83954136,2026-07-02 05:00:00,Thu,05:00:00,0,0,0.0
ALC,3393,83954137,2026-07-02 05:30:00,Thu,05:30:00,0,0,0.0
ALC,3393,83954138,2026-07-02 06:00:00,Thu,06:00:00,0,0,0.0
ALC,3393,83954139,2026-07-02 06:30:00,Thu,06:30:00,0,0,0.0
ALC,3393,83954140,2026-07-02 07:00:00,Thu,07:00:00,0,0,0.0
ALC,3393,83954141,2026-07-02 07:30:00,Thu,07:30:00,0,0,0.0
ALC,3393,83954142,2026-07-02 08:00:00,Thu,08:00:00,0,0,0.0
ALC,3393,83954143,2026-07-02 08:30:00,Thu,08:30:00,1,0,0.0
ALC,3393,83954144,2026-07-02 09:00:00,Thu,09:00:00,2,1,2.0
ALC,3393,83954145,2026-07-02 09:30:00,Thu,09:30:00,2,0,3.0
ALC,3393,83954146,2026-07-02 10:00:00,Thu,10:00:00,4,1,4.0
ALC,3393,83954147,2026-07-02 10:30:00,Thu,10:30:00,5,1,7.0
ALC,3393,83954148,2026-07-02 11:00:00,Thu,11:00:00,5,1,6.0
ALC,3393,83954149,2026-07-02 11:30:00,Thu,11:30:00,5,1,6.0
ALC,3393,83954150,2026-07-02 12:00:00,Thu,12:00:00,8,2,10.0
ALC,3393,83954151,2026-07-02 12:30:00,Thu,12:30:00,8,2,10.0
ALC,3393,83954152,2026-07-02 13:00:00,Thu,13:00:00,10,2,13.0
ALC,3393,83954153,2026-07-02 13:30:00,Thu,13:30:00,14,2,19.0
ALC,3393,83954154,2026-07-02 14:00:00,Thu,14:00:00,18,4,24.0
ALC,3393,83954155,2026-07-02 14:30:00,Thu,14:30:00,18,5,24.0
ALC,3393,83954156,2026-07-02 15:00:00,Thu,15:00:00,13,2,18.0
ALC,3393,83954157,2026-07-02 15:30:00,Thu,15:30:00,11,2,14.0
ALC,3393,83954158,2026-07-02 16:00:00,Thu,16:00:00,9,2,12.0
ALC,3393,83954159,2026-07-02 16:30:00,Thu,16:30:00,8,2,11.0
ALC,3393,83954160,2026-07-02 17:00:00,Thu,17:00:00,7,2,9.0
ALC,3393,83954161,2026-07-02 17:30:00,Thu,17:30:00,7,1,9.0
ALC,3393,83954162,2026-07-02 18:00:00,Thu,18:00:00,7,0,9.0
ALC,3393,83954163,2026-07-02 18:30:00,Thu,18:30:00,7,1,10.0
ALC,3393,83954164,2026-07-02 19:00:00,Thu,19:00:00,9,2,11.0
ALC,3393,83954165,2026-07-02 19:30:00,Thu,19:30:00,12,2,16.0
ALC,3393,83954166,2026-07-02 20:00:00,Thu,20:00:00,19,2,26.0
ALC,3393,83954167,2026-07-02 20:30:00,Thu,20:30:00,30,5,40.0
ALC,3393,83954168,2026-07-02 21:00:00,Thu,21:00:00,33,4,45.0
ALC,3393,83954169,2026-07-02 21:30:00,Thu,21:30:00,32,4,44.0
ALC,3393,83954170,2026-07-02 22:00:00,Thu,22:00:00,29,4,40.0
ALC,3393,83954171,2026-07-02 22:30:00,Thu,22:30:00,23,3,31.0
ALC,3393,83954172,2026-07-02 23:00:00,Thu,23:00:00,18,5,23.0
ALC,3393,83954173,2026-07-02 23:30:00,Thu,23:30:00,8,2,10.0
ALC,3393,83954174,2026-07-03 00:00:00,Fri,00:00:00,3,1,3.0
ALC,3393,83954175,2026-07-03 00:30:00,Fri,00:30:00,1,0,1.0
ALC,3393,83954176,2026-07-03 01:00:00,Fri,01:00:00,0,0,0.0
ALC,3393,83954177,2026-07-03 01:30:00,Fri,01:30:00,0,0,0.0
ALC,3393,83996226,2026-07-03 02:00:00,Fri,02:00:00,0,0,0.0
ALC,3393,83996227,2026-07-03 02:30:00,Fri,02:30:00,0,0,0.0
ALC,3393,83996228,2026-07-03 03:00:00,Fri,03:00:00,0,0,0.0
ALC,3393,83996229,2026-07-03 03:30:00,Fri,03:30:00,0,0,0.0
ALC,3393,83996230,2026-07-03 04:00:00,Fri,04:00:00,0,0,0.0
ALC,3393,83996231,2026-07-03 04:30:00,Fri,04:30:00,0,0,0.0
ALC,3393,83996232,2026-07-03 05:00:00,Fri,05:00:00,0,0,0.0
ALC,3393,83996233,2026-07-03 05:30:00,Fri,05:30:00,0,0,0.0
ALC,3393,83996234,2026-07-03 06:00:00,Fri,06:00:00,0,0,0.0
ALC,3393,83996235,2026-07-03 06:30:00,Fri,06:30:00,0,0,0.0
ALC,3393,83996236,2026-07-03 07:00:00,Fri,07:00:00,0,0,0.0
ALC,3393,83996237,2026-07-03 07:30:00,Fri,07:30:00,0,0,0.0
ALC,3393,83996238,2026-07-03 08:00:00,Fri,08:00:00,0,0,0.0
ALC,3393,83996239,2026-07-03 08:30:00,Fri,08:30:00,1,0,1.0
ALC,3393,83996240,2026-07-03 09:00:00,Fri,09:00:00,2,1,2.0
ALC,3393,83996241,2026-07-03 09:30:00,Fri,09:30:00,2,0,2.0
ALC,3393,83996242,2026-07-03 10:00:00,Fri,10:00:00,4,0,5.0
ALC,3393,83996243,2026-07-03 10:30:00,Fri,10:30:00,4,0,5.0
ALC,3393,83996244,2026-07-03 11:00:00,Fri,11:00:00,5,0,6.0
ALC,3393,83996245,2026-07-03 11:30:00,Fri,11:30:00,5,0,6.0
ALC,3393,83996246,2026-07-03 12:00:00,Fri,12:00:00,8,1,10.0
ALC,3393,83996247,2026-07-03 12:30:00,Fri,12:30:00,8,0,11.0
ALC,3393,83996248,2026-07-03 13:00:00,Fri,13:00:00,12,0,17.0
ALC,3393,83996249,2026-07-03 13:30:00,Fri,13:30:00,18,0,24.0
ALC,3393,83996250,2026-07-03 14:00:00,Fri,14:00:00,21,1,29.0
ALC,3393,83996251,2026-07-03 14:30:00,Fri,14:30:00,20,0,27.0
ALC,3393,83996252,2026-07-03 15:00:00,Fri,15:00:00,17,2,22.0
ALC,3393,83996253,2026-07-03 15:30:00,Fri,15:30:00,13,1,18.0
ALC,3393,83996254,2026-07-03 16:00:00,Fri,16:00:00,8,-2,11.0
ALC,3393,83996255,2026-07-03 16:30:00,Fri,16:30:00,8,1,10.0
ALC,3393,83996256,2026-07-03 17:00:00,Fri,17:00:00,7,1,9.0
ALC,3393,83996257,2026-07-03 17:30:00,Fri,17:30:00,8,2,11.0
ALC,3393,83996258,2026-07-03 18:00:00,Fri,18:00:00,9,2,12.0
ALC,3393,83996259,2026-07-03 18:30:00,Fri,18:30:00,9,0,12.0
ALC,3393,83996260,2026-07-03 19:00:00,Fri,19:00:00,9,-2,12.0
ALC,3393,83996261,2026-07-03 19:30:00,Fri,19:30:00,13,-2,17.0
ALC,3393,83996262,2026-07-03 20:00:00,Fri,20:00:00,21,-4,29.0
ALC,3393,83996263,2026-07-03 20:30:00,Fri,20:30:00,33,-4,45.0
ALC,3393,83996264,2026-07-03 21:00:00,Fri,21:00:00,42,-2,56.0
ALC,3393,83996265,2026-07-03 21:30:00,Fri,21:30:00,44,2,60.0
ALC,3393,83996266,2026-07-03 22:00:00,Fri,22:00:00,41,2,55.0
ALC,3393,83996267,2026-07-03 22:30:00,Fri,22:30:00,34,3,46.0
ALC,3393,83996268,2026-07-03 23:00:00,Fri,23:00:00,30,5,40.0
ALC,3393,83996269,2026-07-03 23:30:00,Fri,23:30:00,13,2,18.0
ALC,3393,83996270,2026-07-04 00:00:00,Sat,00:00:00,3,0,4.0
ALC,3393,83996271,2026-07-04 00:30:00,Sat,00:30:00,2,1,2.0
ALC,3393,83996272,2026-07-04 01:00:00,Sat,01:00:00,0,0,0.0
ALC,3393,83996273,2026-07-04 01:30:00,Sat,01:30:00,0,0,0.0
ALC,3393,83996274,2026-07-04 02:00:00,Sat,02:00:00,0,0,0.0
ALC,3393,83996275,2026-07-04 02:30:00,Sat,02:30:00,0,0,0.0
ALC,3393,83996276,2026-07-04 03:00:00,Sat,03:00:00,0,0,0.0
ALC,3393,83996277,2026-07-04 03:30:00,Sat,03:30:00,0,0,0.0
ALC,3393,83996278,2026-07-04 04:00:00,Sat,04:00:00,0,0,0.0
ALC,3393,83996279,2026-07-04 04:30:00,Sat,04:30:00,0,0,0.0
ALC,3393,83996280,2026-07-04 05:00:00,Sat,05:00:00,0,0,0.0
ALC,3393,83996281,2026-07-04 05:30:00,Sat,05:30:00,0,0,0.0
ALC,3393,83996282,2026-07-04 06:00:00,Sat,06:00:00,0,0,0.0
ALC,3393,83996283,2026-07-04 06:30:00,Sat,06:30:00,0,0,0.0
ALC,3393,83996284,2026-07-04 07:00:00,Sat,07:00:00,0,0,0.0
ALC,3393,83996285,2026-07-04 07:30:00,Sat,07:30:00,0,0,0.0
ALC,3393,83996286,2026-07-04 08:00:00,Sat,08:00:00,1,1,0.0
ALC,3393,83996287,2026-07-04 08:30:00,Sat,08:30:00,1,0,1.0
ALC,3393,83996288,2026-07-04 09:00:00,Sat,09:00:00,3,1,3.0
ALC,3393,83996289,2026-07-04 09:30:00,Sat,09:30:00,3,0,3.0
ALC,3393,83996290,2026-07-04 10:00:00,Sat,10:00:00,6,1,8.0
ALC,3393,83996291,2026-07-04 10:30:00,Sat,10:30:00,6,1,8.0
ALC,3393,83996292,2026-07-04 11:00:00,Sat,11:00:00,5,0,7.0
ALC,3393,83996293,2026-07-04 11:30:00,Sat,11:30:00,7,1,9.0
ALC,3393,83996294,2026-07-04 12:00:00,Sat,12:00:00,9,2,12.0
ALC,3393,83996295,2026-07-04 12:30:00,Sat,12:30:00,10,2,13.0
ALC,3393,83996296,2026-07-04 13:00:00,Sat,13:00:00,15,0,20.0
ALC,3393,83996297,2026-07-04 13:30:00,Sat,13:30:00,25,3,33.0
ALC,3393,83996298,2026-07-04 14:00:00,Sat,14:00:00,29,0,40.0
ALC,3393,83996299,2026-07-04 14:30:00,Sat,14:30:00,27,-2,36.0
ALC,3393,83996300,2026-07-04 15:00:00,Sat,15:00:00,20,0,26.0
ALC,3393,83996301,2026-07-04 15:30:00,Sat,15:30:00,14,0,19.0
ALC,3393,83996302,2026-07-04 16:00:00,Sat,16:00:00,12,0,17.0
ALC,3393,83996303,2026-07-04 16:30:00,Sat,16:30:00,11,2,14.0
ALC,3393,83996304,2026-07-04 17:00:00,Sat,17:00:00,9,0,11.0
ALC,3393,83996305,2026-07-04 17:30:00,Sat,17:30:00,9,1,12.0
ALC,3393,83996306,2026-07-04 18:00:00,Sat,18:00:00,11,1,14.0
ALC,3393,83996307,2026-07-04 18:30:00,Sat,18:30:00,10,1,13.0
ALC,3393,83996308,2026-07-04 19:00:00,Sat,19:00:00,9,0,12.0
ALC,3393,83996309,2026-07-04 19:30:00,Sat,19:30:00,12,0,16.0
ALC,3393,83996310,2026-07-04 20:00:00,Sat,20:00:00,19,0,25.0
ALC,3393,83996311,2026-07-04 20:30:00,Sat,20:30:00,30,-2,40.0
ALC,3393,83996312,2026-07-04 21:00:00,Sat,21:00:00,41,-2,55.0
ALC,3393,83996313,2026-07-04 21:30:00,Sat,21:30:00,41,-2,55.0
ALC,3393,83996314,2026-07-04 22:00:00,Sat,22:00:00,38,-3,52.0
ALC,3393,83996315,2026-07-04 22:30:00,Sat,22:30:00,33,-2,44.0
ALC,3393,83996316,2026-07-04 23:00:00,Sat,23:00:00,28,1,38.0
ALC,3393,83996317,2026-07-04 23:30:00,Sat,23:30:00,15,0,20.0
ALC,3393,83996318,2026-07-05 00:00:00,Sun,00:00:00,4,1,4.0
ALC,3393,83996319,2026-07-05 00:30:00,Sun,00:30:00,2,0,3.0
ALC,3393,83996320,2026-07-05 01:00:00,Sun,01:00:00,0,0,0.0
ALC,3393,83996321,2026-07-05 01:30:00,Sun,01:30:00,0,0,0.0
ALC,3393,83996322,2026-07-05 02:00:00,Sun,02:00:00,0,0,0.0
ALC,3393,83996323,2026-07-05 02:30:00,Sun,02:30:00,0,0,0.0
ALC,3393,83996324,2026-07-05 03:00:00,Sun,03:00:00,0,0,0.0
ALC,3393,83996325,2026-07-05 03:30:00,Sun,03:30:00,0,0,0.0
ALC,3393,83996326,2026-07-05 04:00:00,Sun,04:00:00,0,0,0.0
ALC,3393,83996327,2026-07-05 04:30:00,Sun,04:30:00,0,0,0.0
ALC,3393,83996328,2026-07-05 05:00:00,Sun,05:00:00,0,0,0.0
ALC,3393,83996329,2026-07-05 05:30:00,Sun,05:30:00,0,0,0.0
ALC,3393,83996330,2026-07-05 06:00:00,Sun,06:00:00,0,0,0.0
ALC,3393,83996331,2026-07-05 06:30:00,Sun,06:30:00,0,0,0.0
ALC,3393,83996332,2026-07-05 07:00:00,Sun,07:00:00,0,0,0.0
ALC,3393,83996333,2026-07-05 07:30:00,Sun,07:30:00,0,0,0.0
ALC,3393,83996334,2026-07-05 08:00:00,Sun,08:00:00,1,1,0.0
ALC,3393,83996335,2026-07-05 08:30:00,Sun,08:30:00,1,0,1.0
ALC,3393,83996336,2026-07-05 09:00:00,Sun,09:00:00,4,2,4.0
ALC,3393,83996337,2026-07-05 09:30:00,Sun,09:30:00,4,1,4.0
ALC,3393,83996338,2026-07-05 10:00:00,Sun,10:00:00,5,0,7.0
ALC,3393,83996339,2026-07-05 10:30:00,Sun,10:30:00,5,0,6.0
ALC,3393,83996340,2026-07-05 11:00:00,Sun,11:00:00,5,0,7.0
ALC,3393,83996341,2026-07-05 11:30:00,Sun,11:30:00,7,1,9.0
ALC,3393,83996342,2026-07-05 12:00:00,Sun,12:00:00,8,0,11.0
ALC,3393,83996343,2026-07-05 12:30:00,Sun,12:30:00,10,-1,14.0
ALC,3393,83996344,2026-07-05 13:00:00,Sun,13:00:00,18,1,24.0
ALC,3393,83996345,2026-07-05 13:30:00,Sun,13:30:00,30,2,41.0
ALC,3393,83996346,2026-07-05 14:00:00,Sun,14:00:00,40,5,54.0
ALC,3393,83996347,2026-07-05 14:30:00,Sun,14:30:00,39,4,52.0
ALC,3393,83996348,2026-07-05 15:00:00,Sun,15:00:00,30,4,41.0
ALC,3393,83996349,2026-07-05 15:30:00,Sun,15:30:00,19,2,26.0
ALC,3393,83996350,2026-07-05 16:00:00,Sun,16:00:00,14,2,18.0
ALC,3393,83996351,2026-07-05 16:30:00,Sun,16:30:00,13,3,17.0
ALC,3393,83996352,2026-07-05 17:00:00,Sun,17:00:00,11,0,15.0
ALC,3393,83996353,2026-07-05 17:30:00,Sun,17:30:00,11,-1,14.0
ALC,3393,83996354,2026-07-05 18:00:00,Sun,18:00:00,11,0,15.0
ALC,3393,83996355,2026-07-05 18:30:00,Sun,18:30:00,12,1,16.0
ALC,3393,83996356,2026-07-05 19:00:00,Sun,19:00:00,13,0,18.0
ALC,3393,83996357,2026-07-05 19:30:00,Sun,19:30:00,18,0,24.0
ALC,3393,83996358,2026-07-05 20:00:00,Sun,20:00:00,29,0,39.0
ALC,3393,83996359,2026-07-05 20:30:00,Sun,20:30:00,43,0,58.0
ALC,3393,83996360,2026-07-05 21:00:00,Sun,21:00:00,51,0,70.0
ALC,3393,83996361,2026-07-05 21:30:00,Sun,21:30:00,49,2,66.0
ALC,3393,83996362,2026-07-05 22:00:00,Sun,22:00:00,40,0,54.0
ALC,3393,83996363,2026-07-05 22:30:00,Sun,22:30:00,29,-1,40.0
ALC,3393,83996364,2026-07-05 23:00:00,Sun,23:00:00,19,0,26.0
ALC,3393,83996365,2026-07-05 23:30:00,Sun,23:30:00,8,0,11.0
GRA,3393,83890862,2026-06-29 00:00:00,Mon,00:00:00,3,-2,2.0
GRA,3393,83890863,2026-06-29 00:30:00,Mon,00:30:00,2,0,2.0
GRA,3393,83890864,2026-06-29 01:00:00,Mon,01:00:00,0,0,0.0
GRA,3393,83890865,2026-06-29 01:30:00,Mon,01:30:00,0,0,0.0
GRA,3393,83890866,2026-06-29 02:00:00,Mon,02:00:00,0,0,0.0
GRA,3393,83890867,2026-06-29 02:30:00,Mon,02:30:00,0,0,0.0
GRA,3393,83890868,2026-06-29 03:00:00,Mon,03:00:00,0,0,0.0
GRA,3393,83890869,2026-06-29 03:30:00,Mon,03:30:00,0,0,0.0
GRA,3393,83890870,2026-06-29 04:00:00,Mon,04:00:00,0,0,0.0
GRA,3393,83890871,2026-06-29 04:30:00,Mon,04:30:00,0,0,0.0
GRA,3393,83890872,2026-06-29 05:00:00,Mon,05:00:00,0,0,0.0
GRA,3393,83890873,2026-06-29 05:30:00,Mon,05:30:00,0,0,0.0
GRA,3393,83890874,2026-06-29 06:00:00,Mon,06:00:00,0,0,0.0
GRA,3393,83890875,2026-06-29 06:30:00,Mon,06:30:00,0,0,0.0
GRA,3393,83890876,2026-06-29 07:00:00,Mon,07:00:00,0,0,0.0
GRA,3393,83890877,2026-06-29 07:30:00,Mon,07:30:00,0,0,0.0
GRA,3393,83890878,2026-06-29 08:00:00,Mon,08:00:00,0,0,0.0
GRA,3393,83890879,2026-06-29 08:30:00,Mon,08:30:00,1,0,0.0
GRA,3393,83890880,2026-06-29 09:00:00,Mon,09:00:00,1,0,0.0
GRA,3393,83890881,2026-06-29 09:30:00,Mon,09:30:00,1,0,1.0
GRA,3393,83890882,2026-06-29 10:00:00,Mon,10:00:00,3,0,3.0
GRA,3393,83890883,2026-06-29 10:30:00,Mon,10:30:00,3,0,3.0
GRA,3393,83890884,2026-06-29 11:00:00,Mon,11:00:00,3,0,3.0
GRA,3393,83890885,2026-06-29 11:30:00,Mon,11:30:00,3,0,3.0
GRA,3393,83890886,2026-06-29 12:00:00,Mon,12:00:00,4,0,4.0
GRA,3393,83890887,2026-06-29 12:30:00,Mon,12:30:00,3,-1,3.0
GRA,3393,83890888,2026-06-29 13:00:00,Mon,13:00:00,7,0,7.0
GRA,3393,83890889,2026-06-29 13:30:00,Mon,13:30:00,10,0,11.0
GRA,3393,83890890,2026-06-29 14:00:00,Mon,14:00:00,14,0,15.0
GRA,3393,83890891,2026-06-29 14:30:00,Mon,14:30:00,14,0,15.0
GRA,3393,83890892,2026-06-29 15:00:00,Mon,15:00:00,12,0,13.0
GRA,3393,83890893,2026-06-29 15:30:00,Mon,15:30:00,8,0,9.0
GRA,3393,83890894,2026-06-29 16:00:00,Mon,16:00:00,6,0,6.0
GRA,3393,83890895,2026-06-29 16:30:00,Mon,16:30:00,5,-1,5.0
GRA,3393,83890896,2026-06-29 17:00:00,Mon,17:00:00,6,0,6.0
GRA,3393,83890897,2026-06-29 17:30:00,Mon,17:30:00,6,0,6.0
GRA,3393,83890898,2026-06-29 18:00:00,Mon,18:00:00,7,0,7.0
GRA,3393,83890899,2026-06-29 18:30:00,Mon,18:30:00,8,1,8.0
GRA,3393,83890900,2026-06-29 19:00:00,Mon,19:00:00,7,0,7.0
GRA,3393,83890901,2026-06-29 19:30:00,Mon,19:30:00,7,0,7.0
GRA,3393,83890902,2026-06-29 20:00:00,Mon,20:00:00,9,0,10.0
GRA,3393,83890903,2026-06-29 20:30:00,Mon,20:30:00,15,0,16.0
GRA,3393,83890904,2026-06-29 21:00:00,Mon,21:00:00,20,0,21.0
GRA,3393,83890905,2026-06-29 21:30:00,Mon,21:30:00,22,0,24.0
GRA,3393,83890906,2026-06-29 22:00:00,Mon,22:00:00,23,0,25.0
GRA,3393,83890907,2026-06-29 22:30:00,Mon,22:30:00,18,0,20.0
GRA,3393,83890908,2026-06-29 23:00:00,Mon,23:00:00,12,0,12.0
GRA,3393,83890909,2026-06-29 23:30:00,Mon,23:30:00,9,1,9.0
GRA,3393,83890910,2026-06-30 00:00:00,Tue,00:00:00,2,0,2.0
GRA,3393,83890911,2026-06-30 00:30:00,Tue,00:30:00,1,0,1.0
GRA,3393,83890912,2026-06-30 01:00:00,Tue,01:00:00,0,0,0.0
GRA,3393,83890913,2026-06-30 01:30:00,Tue,01:30:00,0,0,0.0
GRA,3393,83935266,2026-06-30 02:00:00,Tue,02:00:00,0,0,0.0
GRA,3393,83935267,2026-06-30 02:30:00,Tue,02:30:00,0,0,0.0
GRA,3393,83935268,2026-06-30 03:00:00,Tue,03:00:00,0,0,0.0
GRA,3393,83935269,2026-06-30 03:30:00,Tue,03:30:00,0,0,0.0
GRA,3393,83935270,2026-06-30 04:00:00,Tue,04:00:00,0,0,0.0
GRA,3393,83935271,2026-06-30 04:30:00,Tue,04:30:00,0,0,0.0
GRA,3393,83935272,2026-06-30 05:00:00,Tue,05:00:00,0,0,0.0
GRA,3393,83935273,2026-06-30 05:30:00,Tue,05:30:00,0,0,0.0
GRA,3393,83935274,2026-06-30 06:00:00,Tue,06:00:00,0,0,0.0
GRA,3393,83935275,2026-06-30 06:30:00,Tue,06:30:00,0,0,0.0
GRA,3393,83935276,2026-06-30 07:00:00,Tue,07:00:00,0,0,0.0
GRA,3393,83935277,2026-06-30 07:30:00,Tue,07:30:00,0,0,0.0
GRA,3393,83935278,2026-06-30 08:00:00,Tue,08:00:00,0,0,0.0
GRA,3393,83935279,2026-06-30 08:30:00,Tue,08:30:00,1,0,0.0
GRA,3393,83935280,2026-06-30 09:00:00,Tue,09:00:00,1,0,1.0
GRA,3393,83935281,2026-06-30 09:30:00,Tue,09:30:00,1,0,1.0
GRA,3393,83935282,2026-06-30 10:00:00,Tue,10:00:00,1,0,1.0
GRA,3393,83935283,2026-06-30 10:30:00,Tue,10:30:00,2,0,2.0
GRA,3393,83935284,2026-06-30 11:00:00,Tue,11:00:00,2,0,2.0
GRA,3393,83935285,2026-06-30 11:30:00,Tue,11:30:00,3,0,3.0
GRA,3393,83935286,2026-06-30 12:00:00,Tue,12:00:00,4,0,4.0
GRA,3393,83935287,2026-06-30 12:30:00,Tue,12:30:00,4,0,4.0
GRA,3393,83935288,2026-06-30 13:00:00,Tue,13:00:00,6,0,6.0
GRA,3393,83935289,2026-06-30 13:30:00,Tue,13:30:00,9,0,10.0
GRA,3393,83935290,2026-06-30 14:00:00,Tue,14:00:00,11,0,12.0
GRA,3393,83935291,2026-06-30 14:30:00,Tue,14:30:00,12,0,13.0
GRA,3393,83935292,2026-06-30 15:00:00,Tue,15:00:00,11,0,11.0
GRA,3393,83935293,2026-06-30 15:30:00,Tue,15:30:00,9,0,9.0
GRA,3393,83935294,2026-06-30 16:00:00,Tue,16:00:00,6,1,6.0
GRA,3393,83935295,2026-06-30 16:30:00,Tue,16:30:00,5,1,5.0
GRA,3393,83935296,2026-06-30 17:00:00,Tue,17:00:00,5,0,5.0
GRA,3393,83935297,2026-06-30 17:30:00,Tue,17:30:00,5,0,5.0
GRA,3393,83935298,2026-06-30 18:00:00,Tue,18:00:00,8,1,8.0
GRA,3393,83935299,2026-06-30 18:30:00,Tue,18:30:00,7,0,7.0
GRA,3393,83935300,2026-06-30 19:00:00,Tue,19:00:00,6,-1,6.0
GRA,3393,83935301,2026-06-30 19:30:00,Tue,19:30:00,6,-1,6.0
GRA,3393,83935302,2026-06-30 20:00:00,Tue,20:00:00,10,1,11.0
GRA,3393,83935303,2026-06-30 20:30:00,Tue,20:30:00,14,1,15.0
GRA,3393,83935304,2026-06-30 21:00:00,Tue,21:00:00,19,1,20.0
GRA,3393,83935305,2026-06-30 21:30:00,Tue,21:30:00,21,1,22.0
GRA,3393,83935306,2026-06-30 22:00:00,Tue,22:00:00,21,1,22.0
GRA,3393,83935307,2026-06-30 22:30:00,Tue,22:30:00,21,1,23.0
GRA,3393,83935308,2026-06-30 23:00:00,Tue,23:00:00,13,0,14.0
GRA,3393,83935309,2026-06-30 23:30:00,Tue,23:30:00,9,0,9.0
GRA,3393,83935310,2026-07-01 00:00:00,Wed,00:00:00,3,0,3.0
GRA,3393,83935311,2026-07-01 00:30:00,Wed,00:30:00,1,0,1.0
GRA,3393,83935312,2026-07-01 01:00:00,Wed,01:00:00,0,0,0.0
GRA,3393,83935313,2026-07-01 01:30:00,Wed,01:30:00,0,0,0.0
GRA,3393,83958882,2026-07-01 02:00:00,Wed,02:00:00,0,0,0.0
GRA,3393,83958883,2026-07-01 02:30:00,Wed,02:30:00,0,0,0.0
GRA,3393,83958884,2026-07-01 03:00:00,Wed,03:00:00,0,0,0.0
GRA,3393,83958885,2026-07-01 03:30:00,Wed,03:30:00,0,0,0.0
GRA,3393,83958886,2026-07-01 04:00:00,Wed,04:00:00,0,0,0.0
GRA,3393,83958887,2026-07-01 04:30:00,Wed,04:30:00,0,0,0.0
GRA,3393,83958888,2026-07-01 05:00:00,Wed,05:00:00,0,0,0.0
GRA,3393,83958889,2026-07-01 05:30:00,Wed,05:30:00,0,0,0.0
GRA,3393,83958890,2026-07-01 06:00:00,Wed,06:00:00,0,0,0.0
GRA,3393,83958891,2026-07-01 06:30:00,Wed,06:30:00,0,0,0.0
GRA,3393,83958892,2026-07-01 07:00:00,Wed,07:00:00,0,0,0.0
GRA,3393,83958893,2026-07-01 07:30:00,Wed,07:30:00,0,0,0.0
GRA,3393,83958894,2026-07-01 08:00:00,Wed,08:00:00,0,0,0.0
GRA,3393,83958895,2026-07-01 08:30:00,Wed,08:30:00,1,0,0.0
GRA,3393,83958896,2026-07-01 09:00:00,Wed,09:00:00,1,0,0.0
GRA,3393,83958897,2026-07-01 09:30:00,Wed,09:30:00,1,0,1.0
GRA,3393,83958898,2026-07-01 10:00:00,Wed,10:00:00,2,0,2.0
GRA,3393,83958899,2026-07-01 10:30:00,Wed,10:30:00,3,0,3.0
GRA,3393,83958900,2026-07-01 11:00:00,Wed,11:00:00,2,-1,2.0
GRA,3393,83958901,2026-07-01 11:30:00,Wed,11:30:00,2,-1,2.0
GRA,3393,83958902,2026-07-01 12:00:00,Wed,12:00:00,3,0,3.0
GRA,3393,83958903,2026-07-01 12:30:00,Wed,12:30:00,3,0,3.0
GRA,3393,83958904,2026-07-01 13:00:00,Wed,13:00:00,6,-1,7.0
GRA,3393,83958905,2026-07-01 13:30:00,Wed,13:30:00,11,0,11.0
GRA,3393,83958906,2026-07-01 14:00:00,Wed,14:00:00,13,0,14.0
GRA,3393,83958907,2026-07-01 14:30:00,Wed,14:30:00,13,1,14.0
GRA,3393,83958908,2026-07-01 15:00:00,Wed,15:00:00,11,0,11.0
GRA,3393,83958909,2026-07-01 15:30:00,Wed,15:30:00,8,0,8.0
GRA,3393,83958910,2026-07-01 16:00:00,Wed,16:00:00,6,0,6.0
GRA,3393,83958911,2026-07-01 16:30:00,Wed,16:30:00,6,0,6.0
GRA,3393,83958912,2026-07-01 17:00:00,Wed,17:00:00,6,0,6.0
GRA,3393,83958913,2026-07-01 17:30:00,Wed,17:30:00,6,0,7.0
GRA,3393,83958914,2026-07-01 18:00:00,Wed,18:00:00,7,0,7.0
GRA,3393,83958915,2026-07-01 18:30:00,Wed,18:30:00,7,0,8.0
GRA,3393,83958916,2026-07-01 19:00:00,Wed,19:00:00,7,0,7.0
GRA,3393,83958917,2026-07-01 19:30:00,Wed,19:30:00,8,0,8.0
GRA,3393,83958918,2026-07-01 20:00:00,Wed,20:00:00,12,0,13.0
GRA,3393,83958919,2026-07-01 20:30:00,Wed,20:30:00,18,0,19.0
GRA,3393,83958920,2026-07-01 21:00:00,Wed,21:00:00,24,0,26.0
GRA,3393,83958921,2026-07-01 21:30:00,Wed,21:30:00,25,1,27.0
GRA,3393,83958922,2026-07-01 22:00:00,Wed,22:00:00,24,0,26.0
GRA,3393,83958923,2026-07-01 22:30:00,Wed,22:30:00,18,0,19.0
GRA,3393,83958924,2026-07-01 23:00:00,Wed,23:00:00,12,-1,13.0
GRA,3393,83958925,2026-07-01 23:30:00,Wed,23:30:00,7,0,7.0
GRA,3393,83958926,2026-07-02 00:00:00,Thu,00:00:00,2,0,2.0
GRA,3393,83958927,2026-07-02 00:30:00,Thu,00:30:00,2,0,1.0
GRA,3393,83958928,2026-07-02 01:00:00,Thu,01:00:00,0,0,0.0
GRA,3393,83958929,2026-07-02 01:30:00,Thu,01:30:00,0,0,0.0
GRA,3393,83958930,2026-07-02 02:00:00,Thu,02:00:00,0,0,0.0
GRA,3393,83958931,2026-07-02 02:30:00,Thu,02:30:00,0,0,0.0
GRA,3393,83958932,2026-07-02 03:00:00,Thu,03:00:00,0,0,0.0
GRA,3393,83958933,2026-07-02 03:30:00,Thu,03:30:00,0,0,0.0
GRA,3393,83958934,2026-07-02 04:00:00,Thu,04:00:00,0,0,0.0
GRA,3393,83958935,2026-07-02 04:30:00,Thu,04:30:00,0,0,0.0
GRA,3393,83958936,2026-07-02 05:00:00,Thu,05:00:00,0,0,0.0
GRA,3393,83958937,2026-07-02 05:30:00,Thu,05:30:00,0,0,0.0
GRA,3393,83958938,2026-07-02 06:00:00,Thu,06:00:00,0,0,0.0
GRA,3393,83958939,2026-07-02 06:30:00,Thu,06:30:00,0,0,0.0
GRA,3393,83958940,2026-07-02 07:00:00,Thu,07:00:00,0,0,0.0
GRA,3393,83958941,2026-07-02 07:30:00,Thu,07:30:00,0,0,0.0
GRA,3393,83958942,2026-07-02 08:00:00,Thu,08:00:00,0,0,0.0
GRA,3393,83958943,2026-07-02 08:30:00,Thu,08:30:00,0,0,0.0
GRA,3393,83958944,2026-07-02 09:00:00,Thu,09:00:00,1,0,0.0
GRA,3393,83958945,2026-07-02 09:30:00,Thu,09:30:00,1,0,0.0
GRA,3393,83958946,2026-07-02 10:00:00,Thu,10:00:00,2,0,2.0
GRA,3393,83958947,2026-07-02 10:30:00,Thu,10:30:00,3,1,2.0
GRA,3393,83958948,2026-07-02 11:00:00,Thu,11:00:00,2,0,2.0
GRA,3393,83958949,2026-07-02 11:30:00,Thu,11:30:00,2,0,2.0
GRA,3393,83958950,2026-07-02 12:00:00,Thu,12:00:00,4,0,4.0
GRA,3393,83958951,2026-07-02 12:30:00,Thu,12:30:00,4,0,4.0
GRA,3393,83958952,2026-07-02 13:00:00,Thu,13:00:00,5,0,5.0
GRA,3393,83958953,2026-07-02 13:30:00,Thu,13:30:00,9,0,10.0
GRA,3393,83958954,2026-07-02 14:00:00,Thu,14:00:00,12,-1,13.0
GRA,3393,83958955,2026-07-02 14:30:00,Thu,14:30:00,13,0,14.0
GRA,3393,83958956,2026-07-02 15:00:00,Thu,15:00:00,11,0,11.0
GRA,3393,83958957,2026-07-02 15:30:00,Thu,15:30:00,7,0,7.0
GRA,3393,83958958,2026-07-02 16:00:00,Thu,16:00:00,5,0,5.0
GRA,3393,83958959,2026-07-02 16:30:00,Thu,16:30:00,5,0,5.0
GRA,3393,83958960,2026-07-02 17:00:00,Thu,17:00:00,4,-1,4.0
GRA,3393,83958961,2026-07-02 17:30:00,Thu,17:30:00,5,0,5.0
GRA,3393,83958962,2026-07-02 18:00:00,Thu,18:00:00,5,0,5.0
GRA,3393,83958963,2026-07-02 18:30:00,Thu,18:30:00,5,0,5.0
GRA,3393,83958964,2026-07-02 19:00:00,Thu,19:00:00,6,0,6.0
GRA,3393,83958965,2026-07-02 19:30:00,Thu,19:30:00,6,0,6.0
GRA,3393,83958966,2026-07-02 20:00:00,Thu,20:00:00,10,0,11.0
GRA,3393,83958967,2026-07-02 20:30:00,Thu,20:30:00,15,0,17.0
GRA,3393,83958968,2026-07-02 21:00:00,Thu,21:00:00,22,1,23.0
GRA,3393,83958969,2026-07-02 21:30:00,Thu,21:30:00,22,1,24.0
GRA,3393,83958970,2026-07-02 22:00:00,Thu,22:00:00,21,1,23.0
GRA,3393,83958971,2026-07-02 22:30:00,Thu,22:30:00,16,1,18.0
GRA,3393,83958972,2026-07-02 23:00:00,Thu,23:00:00,10,0,10.0
GRA,3393,83958973,2026-07-02 23:30:00,Thu,23:30:00,6,0,6.0
GRA,3393,83958974,2026-07-03 00:00:00,Fri,00:00:00,3,0,3.0
GRA,3393,83958975,2026-07-03 00:30:00,Fri,00:30:00,2,0,1.0
GRA,3393,83958976,2026-07-03 01:00:00,Fri,01:00:00,0,0,0.0
GRA,3393,83958977,2026-07-03 01:30:00,Fri,01:30:00,0,0,0.0
GRA,3393,84023778,2026-07-03 02:00:00,Fri,02:00:00,0,0,0.0
GRA,3393,84023779,2026-07-03 02:30:00,Fri,02:30:00,0,0,0.0
GRA,3393,84023780,2026-07-03 03:00:00,Fri,03:00:00,0,0,0.0
GRA,3393,84023781,2026-07-03 03:30:00,Fri,03:30:00,0,0,0.0
GRA,3393,84023782,2026-07-03 04:00:00,Fri,04:00:00,0,0,0.0
GRA,3393,84023783,2026-07-03 04:30:00,Fri,04:30:00,0,0,0.0
GRA,3393,84023784,2026-07-03 05:00:00,Fri,05:00:00,0,0,0.0
GRA,3393,84023785,2026-07-03 05:30:00,Fri,05:30:00,0,0,0.0
GRA,3393,84023786,2026-07-03 06:00:00,Fri,06:00:00,0,0,0.0
GRA,3393,84023787,2026-07-03 06:30:00,Fri,06:30:00,0,0,0.0
GRA,3393,84023788,2026-07-03 07:00:00,Fri,07:00:00,0,0,0.0
GRA,3393,84023789,2026-07-03 07:30:00,Fri,07:30:00,0,0,0.0
GRA,3393,84023790,2026-07-03 08:00:00,Fri,08:00:00,0,0,0.0
GRA,3393,84023791,2026-07-03 08:30:00,Fri,08:30:00,1,0,0.0
GRA,3393,84023792,2026-07-03 09:00:00,Fri,09:00:00,1,0,0.0
GRA,3393,84023793,2026-07-03 09:30:00,Fri,09:30:00,1,0,1.0
GRA,3393,84023794,2026-07-03 10:00:00,Fri,10:00:00,3,0,3.0
GRA,3393,84023795,2026-07-03 10:30:00,Fri,10:30:00,2,-1,2.0
GRA,3393,84023796,2026-07-03 11:00:00,Fri,11:00:00,3,0,2.0
GRA,3393,84023797,2026-07-03 11:30:00,Fri,11:30:00,3,0,3.0
GRA,3393,84023798,2026-07-03 12:00:00,Fri,12:00:00,4,0,4.0
GRA,3393,84023799,2026-07-03 12:30:00,Fri,12:30:00,4,0,4.0
GRA,3393,84023800,2026-07-03 13:00:00,Fri,13:00:00,8,-1,8.0
GRA,3393,84023801,2026-07-03 13:30:00,Fri,13:30:00,13,-1,13.0
GRA,3393,84023802,2026-07-03 14:00:00,Fri,14:00:00,18,-1,19.0
GRA,3393,84023803,2026-07-03 14:30:00,Fri,14:30:00,21,0,22.0
GRA,3393,84023804,2026-07-03 15:00:00,Fri,15:00:00,18,0,19.0
GRA,3393,84023805,2026-07-03 15:30:00,Fri,15:30:00,12,0,13.0
GRA,3393,84023806,2026-07-03 16:00:00,Fri,16:00:00,8,-1,8.0
GRA,3393,84023807,2026-07-03 16:30:00,Fri,16:30:00,7,0,7.0
GRA,3393,84023808,2026-07-03 17:00:00,Fri,17:00:00,6,0,6.0
GRA,3393,84023809,2026-07-03 17:30:00,Fri,17:30:00,7,0,7.0
GRA,3393,84023810,2026-07-03 18:00:00,Fri,18:00:00,7,0,7.0
GRA,3393,84023811,2026-07-03 18:30:00,Fri,18:30:00,8,0,8.0
GRA,3393,84023812,2026-07-03 19:00:00,Fri,19:00:00,8,0,9.0
GRA,3393,84023813,2026-07-03 19:30:00,Fri,19:30:00,9,0,10.0
GRA,3393,84023814,2026-07-03 20:00:00,Fri,20:00:00,13,0,14.0
GRA,3393,84023815,2026-07-03 20:30:00,Fri,20:30:00,23,0,25.0
GRA,3393,84023816,2026-07-03 21:00:00,Fri,21:00:00,29,1,32.0
GRA,3393,84023817,2026-07-03 21:30:00,Fri,21:30:00,33,1,35.0
GRA,3393,84023818,2026-07-03 22:00:00,Fri,22:00:00,33,1,36.0
GRA,3393,84023819,2026-07-03 22:30:00,Fri,22:30:00,30,1,33.0
GRA,3393,84023820,2026-07-03 23:00:00,Fri,23:00:00,20,0,22.0
GRA,3393,84023821,2026-07-03 23:30:00,Fri,23:30:00,13,0,14.0
GRA,3393,84023822,2026-07-04 00:00:00,Sat,00:00:00,3,0,2.0
GRA,3393,84023823,2026-07-04 00:30:00,Sat,00:30:00,2,0,2.0
GRA,3393,84023824,2026-07-04 01:00:00,Sat,01:00:00,0,0,0.0
GRA,3393,84023825,2026-07-04 01:30:00,Sat,01:30:00,0,0,0.0
GRA,3393,84023826,2026-07-04 02:00:00,Sat,02:00:00,0,0,0.0
GRA,3393,84023827,2026-07-04 02:30:00,Sat,02:30:00,0,0,0.0
GRA,3393,84023828,2026-07-04 03:00:00,Sat,03:00:00,0,0,0.0
GRA,3393,84023829,2026-07-04 03:30:00,Sat,03:30:00,0,0,0.0
GRA,3393,84023830,2026-07-04 04:00:00,Sat,04:00:00,0,0,0.0
GRA,3393,84023831,2026-07-04 04:30:00,Sat,04:30:00,0,0,0.0
GRA,3393,84023832,2026-07-04 05:00:00,Sat,05:00:00,0,0,0.0
GRA,3393,84023833,2026-07-04 05:30:00,Sat,05:30:00,0,0,0.0
GRA,3393,84023834,2026-07-04 06:00:00,Sat,06:00:00,0,0,0.0
GRA,3393,84023835,2026-07-04 06:30:00,Sat,06:30:00,0,0,0.0
GRA,3393,84023836,2026-07-04 07:00:00,Sat,07:00:00,0,0,0.0
GRA,3393,84023837,2026-07-04 07:30:00,Sat,07:30:00,0,0,0.0
GRA,3393,84023838,2026-07-04 08:00:00,Sat,08:00:00,1,0,0.0
GRA,3393,84023839,2026-07-04 08:30:00,Sat,08:30:00,1,0,0.0
GRA,3393,84023840,2026-07-04 09:00:00,Sat,09:00:00,2,0,2.0
GRA,3393,84023841,2026-07-04 09:30:00,Sat,09:30:00,3,0,3.0
GRA,3393,84023842,2026-07-04 10:00:00,Sat,10:00:00,5,1,5.0
GRA,3393,84023843,2026-07-04 10:30:00,Sat,10:30:00,5,1,5.0
GRA,3393,84023844,2026-07-04 11:00:00,Sat,11:00:00,4,0,4.0
GRA,3393,84023845,2026-07-04 11:30:00,Sat,11:30:00,4,0,4.0
GRA,3393,84023846,2026-07-04 12:00:00,Sat,12:00:00,5,1,5.0
GRA,3393,84023847,2026-07-04 12:30:00,Sat,12:30:00,5,1,5.0
GRA,3393,84023848,2026-07-04 13:00:00,Sat,13:00:00,10,1,10.0
GRA,3393,84023849,2026-07-04 13:30:00,Sat,13:30:00,17,1,18.0
GRA,3393,84023850,2026-07-04 14:00:00,Sat,14:00:00,25,1,28.0
GRA,3393,84023851,2026-07-04 14:30:00,Sat,14:30:00,25,1,27.0
GRA,3393,84023852,2026-07-04 15:00:00,Sat,15:00:00,19,0,20.0
GRA,3393,84023853,2026-07-04 15:30:00,Sat,15:30:00,12,0,13.0
GRA,3393,84023854,2026-07-04 16:00:00,Sat,16:00:00,9,0,9.0
GRA,3393,84023855,2026-07-04 16:30:00,Sat,16:30:00,8,-1,8.0
GRA,3393,84023856,2026-07-04 17:00:00,Sat,17:00:00,8,-1,8.0
GRA,3393,84023857,2026-07-04 17:30:00,Sat,17:30:00,8,0,9.0
GRA,3393,84023858,2026-07-04 18:00:00,Sat,18:00:00,10,0,11.0
GRA,3393,84023859,2026-07-04 18:30:00,Sat,18:30:00,10,0,10.0
GRA,3393,84023860,2026-07-04 19:00:00,Sat,19:00:00,9,-1,10.0
GRA,3393,84023861,2026-07-04 19:30:00,Sat,19:30:00,8,-1,8.0
GRA,3393,84023862,2026-07-04 20:00:00,Sat,20:00:00,13,0,14.0
GRA,3393,84023863,2026-07-04 20:30:00,Sat,20:30:00,22,-1,24.0
GRA,3393,84023864,2026-07-04 21:00:00,Sat,21:00:00,27,0,29.0
GRA,3393,84023865,2026-07-04 21:30:00,Sat,21:30:00,33,1,36.0
GRA,3393,84023866,2026-07-04 22:00:00,Sat,22:00:00,36,4,39.0
GRA,3393,84023867,2026-07-04 22:30:00,Sat,22:30:00,31,1,34.0
GRA,3393,84023868,2026-07-04 23:00:00,Sat,23:00:00,20,1,22.0
GRA,3393,84023869,2026-07-04 23:30:00,Sat,23:30:00,11,1,12.0
GRA,3393,84023870,2026-07-05 00:00:00,Sun,00:00:00,3,0,3.0
GRA,3393,84023871,2026-07-05 00:30:00,Sun,00:30:00,2,0,2.0
GRA,3393,84023872,2026-07-05 01:00:00,Sun,01:00:00,0,0,0.0
GRA,3393,84023873,2026-07-05 01:30:00,Sun,01:30:00,0,0,0.0
GRA,3393,84023874,2026-07-05 02:00:00,Sun,02:00:00,0,0,0.0
GRA,3393,84023875,2026-07-05 02:30:00,Sun,02:30:00,0,0,0.0
GRA,3393,84023876,2026-07-05 03:00:00,Sun,03:00:00,0,0,0.0
GRA,3393,84023877,2026-07-05 03:30:00,Sun,03:30:00,0,0,0.0
GRA,3393,84023878,2026-07-05 04:00:00,Sun,04:00:00,0,0,0.0
GRA,3393,84023879,2026-07-05 04:30:00,Sun,04:30:00,0,0,0.0
GRA,3393,84023880,2026-07-05 05:00:00,Sun,05:00:00,0,0,0.0
GRA,3393,84023881,2026-07-05 05:30:00,Sun,05:30:00,0,0,0.0
GRA,3393,84023882,2026-07-05 06:00:00,Sun,06:00:00,0,0,0.0
GRA,3393,84023883,2026-07-05 06:30:00,Sun,06:30:00,0,0,0.0
GRA,3393,84023884,2026-07-05 07:00:00,Sun,07:00:00,0,0,0.0
GRA,3393,84023885,2026-07-05 07:30:00,Sun,07:30:00,0,0,0.0
GRA,3393,84023886,2026-07-05 08:00:00,Sun,08:00:00,0,0,0.0
GRA,3393,84023887,2026-07-05 08:30:00,Sun,08:30:00,1,0,0.0
GRA,3393,84023888,2026-07-05 09:00:00,Sun,09:00:00,2,0,2.0
GRA,3393,84023889,2026-07-05 09:30:00,Sun,09:30:00,4,0,3.0
GRA,3393,84023890,2026-07-05 10:00:00,Sun,10:00:00,4,0,4.0
GRA,3393,84023891,2026-07-05 10:30:00,Sun,10:30:00,5,0,5.0
GRA,3393,84023892,2026-07-05 11:00:00,Sun,11:00:00,4,-1,4.0
GRA,3393,84023893,2026-07-05 11:30:00,Sun,11:30:00,4,-1,4.0
GRA,3393,84023894,2026-07-05 12:00:00,Sun,12:00:00,4,-1,4.0
GRA,3393,84023895,2026-07-05 12:30:00,Sun,12:30:00,6,0,6.0
GRA,3393,84023896,2026-07-05 13:00:00,Sun,13:00:00,13,0,14.0
GRA,3393,84023897,2026-07-05 13:30:00,Sun,13:30:00,25,3,27.0
GRA,3393,84023898,2026-07-05 14:00:00,Sun,14:00:00,31,1,34.0
GRA,3393,84023899,2026-07-05 14:30:00,Sun,14:30:00,33,3,36.0
GRA,3393,84023900,2026-07-05 15:00:00,Sun,15:00:00,30,1,32.0
GRA,3393,84023901,2026-07-05 15:30:00,Sun,15:30:00,20,0,22.0
GRA,3393,84023902,2026-07-05 16:00:00,Sun,16:00:00,13,0,14.0
GRA,3393,84023903,2026-07-05 16:30:00,Sun,16:30:00,11,-1,11.0
GRA,3393,84023904,2026-07-05 17:00:00,Sun,17:00:00,10,0,10.0
GRA,3393,84023905,2026-07-05 17:30:00,Sun,17:30:00,10,0,11.0
GRA,3393,84023906,2026-07-05 18:00:00,Sun,18:00:00,10,0,11.0
GRA,3393,84023907,2026-07-05 18:30:00,Sun,18:30:00,11,0,11.0
GRA,3393,84023908,2026-07-05 19:00:00,Sun,19:00:00,11,0,12.0
GRA,3393,84023909,2026-07-05 19:30:00,Sun,19:30:00,11,0,12.0
GRA,3393,84023910,2026-07-05 20:00:00,Sun,20:00:00,19,1,20.0
GRA,3393,84023911,2026-07-05 20:30:00,Sun,20:30:00,33,1,36.0
GRA,3393,84023912,2026-07-05 21:00:00,Sun,21:00:00,42,1,46.0
GRA,3393,84023913,2026-07-05 21:30:00,Sun,21:30:00,48,7,53.0
GRA,3393,84023914,2026-07-05 22:00:00,Sun,22:00:00,44,3,48.0
GRA,3393,84023915,2026-07-05 22:30:00,Sun,22:30:00,33,0,36.0
GRA,3393,84023916,2026-07-05 23:00:00,Sun,23:00:00,18,0,20.0
GRA,3393,84023917,2026-07-05 23:30:00,Sun,23:30:00,11,0,11.0
NOM,3393,83902958,2026-06-29 00:00:00,Mon,00:00:00,0,0,0.0
NOM,3393,83902959,2026-06-29 00:30:00,Mon,00:30:00,0,0,0.0
NOM,3393,83902960,2026-06-29 01:00:00,Mon,01:00:00,0,0,0.0
NOM,3393,83902961,2026-06-29 01:30:00,Mon,01:30:00,0,0,0.0
NOM,3393,83902962,2026-06-29 02:00:00,Mon,02:00:00,0,0,0.0
NOM,3393,83902963,2026-06-29 02:30:00,Mon,02:30:00,0,0,0.0
NOM,3393,83902964,2026-06-29 03:00:00,Mon,03:00:00,0,0,0.0
NOM,3393,83902965,2026-06-29 03:30:00,Mon,03:30:00,0,0,0.0
NOM,3393,83902966,2026-06-29 04:00:00,Mon,04:00:00,0,0,0.0
NOM,3393,83902967,2026-06-29 04:30:00,Mon,04:30:00,0,0,0.0
NOM,3393,83902968,2026-06-29 05:00:00,Mon,05:00:00,0,0,0.0
NOM,3393,83902969,2026-06-29 05:30:00,Mon,05:30:00,0,0,0.0
NOM,3393,83902970,2026-06-29 06:00:00,Mon,06:00:00,0,0,0.0
NOM,3393,83902971,2026-06-29 06:30:00,Mon,06:30:00,0,0,0.0
NOM,3393,83902972,2026-06-29 07:00:00,Mon,07:00:00,0,0,0.0
NOM,3393,83902973,2026-06-29 07:30:00,Mon,07:30:00,0,0,0.0
NOM,3393,83902974,2026-06-29 08:00:00,Mon,08:00:00,0,0,0.0
NOM,3393,83902975,2026-06-29 08:30:00,Mon,08:30:00,2,1,1.0
NOM,3393,83902976,2026-06-29 09:00:00,Mon,09:00:00,3,0,2.0
NOM,3393,83902977,2026-06-29 09:30:00,Mon,09:30:00,3,0,3.0
NOM,3393,83902978,2026-06-29 10:00:00,Mon,10:00:00,6,0,6.0
NOM,3393,83902979,2026-06-29 10:30:00,Mon,10:30:00,6,0,6.0
NOM,3393,83902980,2026-06-29 11:00:00,Mon,11:00:00,6,0,6.0
NOM,3393,83902981,2026-06-29 11:30:00,Mon,11:30:00,6,0,6.0
NOM,3393,83902982,2026-06-29 12:00:00,Mon,12:00:00,6,1,5.0
NOM,3393,83902983,2026-06-29 12:30:00,Mon,12:30:00,6,0,6.0
NOM,3393,83902984,2026-06-29 13:00:00,Mon,13:00:00,10,0,10.0
NOM,3393,83902985,2026-06-29 13:30:00,Mon,13:30:00,12,0,12.0
NOM,3393,83902986,2026-06-29 14:00:00,Mon,14:00:00,12,0,12.0
NOM,3393,83902987,2026-06-29 14:30:00,Mon,14:30:00,12,0,12.0
NOM,3393,83902988,2026-06-29 15:00:00,Mon,15:00:00,10,0,10.0
NOM,3393,83902989,2026-06-29 15:30:00,Mon,15:30:00,9,1,9.0
NOM,3393,83902990,2026-06-29 16:00:00,Mon,16:00:00,7,1,7.0
NOM,3393,83902991,2026-06-29 16:30:00,Mon,16:30:00,5,1,5.0
NOM,3393,83902992,2026-06-29 17:00:00,Mon,17:00:00,5,0,5.0
NOM,3393,83902993,2026-06-29 17:30:00,Mon,17:30:00,6,0,6.0
NOM,3393,83902994,2026-06-29 18:00:00,Mon,18:00:00,7,1,7.0
NOM,3393,83902995,2026-06-29 18:30:00,Mon,18:30:00,6,-1,6.0
NOM,3393,83902996,2026-06-29 19:00:00,Mon,19:00:00,8,0,8.0
NOM,3393,83902997,2026-06-29 19:30:00,Mon,19:30:00,8,0,8.0
NOM,3393,83902998,2026-06-29 20:00:00,Mon,20:00:00,11,0,11.0
NOM,3393,83902999,2026-06-29 20:30:00,Mon,20:30:00,13,0,13.0
NOM,3393,83903000,2026-06-29 21:00:00,Mon,21:00:00,14,0,14.0
NOM,3393,83903001,2026-06-29 21:30:00,Mon,21:30:00,13,0,13.0
NOM,3393,83903002,2026-06-29 22:00:00,Mon,22:00:00,11,0,11.0
NOM,3393,83903003,2026-06-29 22:30:00,Mon,22:30:00,9,0,9.0
NOM,3393,83903004,2026-06-29 23:00:00,Mon,23:00:00,4,1,4.0
NOM,3393,83903005,2026-06-29 23:30:00,Mon,23:30:00,2,0,1.0
NOM,3393,83903006,2026-06-30 00:00:00,Tue,00:00:00,0,0,0.0
NOM,3393,83903007,2026-06-30 00:30:00,Tue,00:30:00,0,0,0.0
NOM,3393,83903008,2026-06-30 01:00:00,Tue,01:00:00,0,0,0.0
NOM,3393,83903009,2026-06-30 01:30:00,Tue,01:30:00,0,0,0.0
NOM,3393,83932050,2026-06-30 02:00:00,Tue,02:00:00,0,0,0.0
NOM,3393,83932051,2026-06-30 02:30:00,Tue,02:30:00,0,0,0.0
NOM,3393,83932052,2026-06-30 03:00:00,Tue,03:00:00,0,0,0.0
NOM,3393,83932053,2026-06-30 03:30:00,Tue,03:30:00,0,0,0.0
NOM,3393,83932054,2026-06-30 04:00:00,Tue,04:00:00,0,0,0.0
NOM,3393,83932055,2026-06-30 04:30:00,Tue,04:30:00,0,0,0.0
NOM,3393,83932056,2026-06-30 05:00:00,Tue,05:00:00,0,0,0.0
NOM,3393,83932057,2026-06-30 05:30:00,Tue,05:30:00,0,0,0.0
NOM,3393,83932058,2026-06-30 06:00:00,Tue,06:00:00,0,0,0.0
NOM,3393,83932059,2026-06-30 06:30:00,Tue,06:30:00,0,0,0.0
NOM,3393,83932060,2026-06-30 07:00:00,Tue,07:00:00,0,0,0.0
NOM,3393,83932061,2026-06-30 07:30:00,Tue,07:30:00,0,0,0.0
NOM,3393,83932062,2026-06-30 08:00:00,Tue,08:00:00,0,0,0.0
NOM,3393,83932063,2026-06-30 08:30:00,Tue,08:30:00,1,0,0.0
NOM,3393,83932064,2026-06-30 09:00:00,Tue,09:00:00,3,0,2.0
NOM,3393,83932065,2026-06-30 09:30:00,Tue,09:30:00,3,0,2.0
NOM,3393,83932066,2026-06-30 10:00:00,Tue,10:00:00,7,2,7.0
NOM,3393,83932067,2026-06-30 10:30:00,Tue,10:30:00,5,0,5.0
NOM,3393,83932068,2026-06-30 11:00:00,Tue,11:00:00,6,0,6.0
NOM,3393,83932069,2026-06-30 11:30:00,Tue,11:30:00,6,0,6.0
NOM,3393,83932070,2026-06-30 12:00:00,Tue,12:00:00,5,0,5.0
NOM,3393,83932071,2026-06-30 12:30:00,Tue,12:30:00,6,0,6.0
NOM,3393,83932072,2026-06-30 13:00:00,Tue,13:00:00,8,0,8.0
NOM,3393,83932073,2026-06-30 13:30:00,Tue,13:30:00,11,0,11.0
NOM,3393,83932074,2026-06-30 14:00:00,Tue,14:00:00,13,0,13.0
NOM,3393,83932075,2026-06-30 14:30:00,Tue,14:30:00,13,0,13.0
NOM,3393,83932076,2026-06-30 15:00:00,Tue,15:00:00,11,0,11.0
NOM,3393,83932077,2026-06-30 15:30:00,Tue,15:30:00,9,-1,9.0
NOM,3393,83932078,2026-06-30 16:00:00,Tue,16:00:00,6,-1,6.0
NOM,3393,83932079,2026-06-30 16:30:00,Tue,16:30:00,5,-1,5.0
NOM,3393,83932080,2026-06-30 17:00:00,Tue,17:00:00,5,-1,5.0
NOM,3393,83932081,2026-06-30 17:30:00,Tue,17:30:00,6,0,5.0
NOM,3393,83932082,2026-06-30 18:00:00,Tue,18:00:00,7,1,6.0
NOM,3393,83932083,2026-06-30 18:30:00,Tue,18:30:00,6,0,6.0
NOM,3393,83932084,2026-06-30 19:00:00,Tue,19:00:00,7,0,7.0
NOM,3393,83932085,2026-06-30 19:30:00,Tue,19:30:00,9,0,9.0
NOM,3393,83932086,2026-06-30 20:00:00,Tue,20:00:00,12,0,12.0
NOM,3393,83932087,2026-06-30 20:30:00,Tue,20:30:00,14,0,14.0
NOM,3393,83932088,2026-06-30 21:00:00,Tue,21:00:00,16,0,16.0
NOM,3393,83932089,2026-06-30 21:30:00,Tue,21:30:00,14,0,14.0
NOM,3393,83932090,2026-06-30 22:00:00,Tue,22:00:00,13,0,13.0
NOM,3393,83932091,2026-06-30 22:30:00,Tue,22:30:00,9,0,9.0
NOM,3393,83932092,2026-06-30 23:00:00,Tue,23:00:00,4,0,4.0
NOM,3393,83932093,2026-06-30 23:30:00,Tue,23:30:00,2,0,1.0
NOM,3393,83932094,2026-07-01 00:00:00,Wed,00:00:00,0,0,0.0
NOM,3393,83932095,2026-07-01 00:30:00,Wed,00:30:00,0,0,0.0
NOM,3393,83932096,2026-07-01 01:00:00,Wed,01:00:00,0,0,0.0
NOM,3393,83932097,2026-07-01 01:30:00,Wed,01:30:00,0,0,0.0
NOM,3393,83966850,2026-07-01 02:00:00,Wed,02:00:00,0,0,0.0
NOM,3393,83966851,2026-07-01 02:30:00,Wed,02:30:00,0,0,0.0
NOM,3393,83966852,2026-07-01 03:00:00,Wed,03:00:00,0,0,0.0
NOM,3393,83966853,2026-07-01 03:30:00,Wed,03:30:00,0,0,0.0
NOM,3393,83966854,2026-07-01 04:00:00,Wed,04:00:00,0,0,0.0
NOM,3393,83966855,2026-07-01 04:30:00,Wed,04:30:00,0,0,0.0
NOM,3393,83966856,2026-07-01 05:00:00,Wed,05:00:00,0,0,0.0
NOM,3393,83966857,2026-07-01 05:30:00,Wed,05:30:00,0,0,0.0
NOM,3393,83966858,2026-07-01 06:00:00,Wed,06:00:00,0,0,0.0
NOM,3393,83966859,2026-07-01 06:30:00,Wed,06:30:00,0,0,0.0
NOM,3393,83966860,2026-07-01 07:00:00,Wed,07:00:00,0,0,0.0
NOM,3393,83966861,2026-07-01 07:30:00,Wed,07:30:00,0,0,0.0
NOM,3393,83966862,2026-07-01 08:00:00,Wed,08:00:00,0,0,0.0
NOM,3393,83966863,2026-07-01 08:30:00,Wed,08:30:00,1,0,0.0
NOM,3393,83966864,2026-07-01 09:00:00,Wed,09:00:00,3,0,3.0
NOM,3393,83966865,2026-07-01 09:30:00,Wed,09:30:00,4,0,4.0
NOM,3393,83966866,2026-07-01 10:00:00,Wed,10:00:00,6,0,5.0
NOM,3393,83966867,2026-07-01 10:30:00,Wed,10:30:00,6,0,6.0
NOM,3393,83966868,2026-07-01 11:00:00,Wed,11:00:00,6,0,6.0
NOM,3393,83966869,2026-07-01 11:30:00,Wed,11:30:00,6,0,5.0
NOM,3393,83966870,2026-07-01 12:00:00,Wed,12:00:00,5,0,5.0
NOM,3393,83966871,2026-07-01 12:30:00,Wed,12:30:00,7,0,7.0
NOM,3393,83966872,2026-07-01 13:00:00,Wed,13:00:00,11,0,11.0
NOM,3393,83966873,2026-07-01 13:30:00,Wed,13:30:00,14,0,14.0
NOM,3393,83966874,2026-07-01 14:00:00,Wed,14:00:00,14,0,15.0
NOM,3393,83966875,2026-07-01 14:30:00,Wed,14:30:00,13,0,13.0
NOM,3393,83966876,2026-07-01 15:00:00,Wed,15:00:00,10,0,10.0
NOM,3393,83966877,2026-07-01 15:30:00,Wed,15:30:00,9,0,9.0
NOM,3393,83966878,2026-07-01 16:00:00,Wed,16:00:00,6,0,6.0
NOM,3393,83966879,2026-07-01 16:30:00,Wed,16:30:00,6,0,6.0
NOM,3393,83966880,2026-07-01 17:00:00,Wed,17:00:00,5,0,5.0
NOM,3393,83966881,2026-07-01 17:30:00,Wed,17:30:00,5,0,5.0
NOM,3393,83966882,2026-07-01 18:00:00,Wed,18:00:00,7,0,7.0
NOM,3393,83966883,2026-07-01 18:30:00,Wed,18:30:00,7,0,6.0
NOM,3393,83966884,2026-07-01 19:00:00,Wed,19:00:00,7,0,7.0
NOM,3393,83966885,2026-07-01 19:30:00,Wed,19:30:00,10,0,10.0
NOM,3393,83966886,2026-07-01 20:00:00,Wed,20:00:00,14,0,14.0
NOM,3393,83966887,2026-07-01 20:30:00,Wed,20:30:00,17,0,18.0
NOM,3393,83966888,2026-07-01 21:00:00,Wed,21:00:00,19,0,20.0
NOM,3393,83966889,2026-07-01 21:30:00,Wed,21:30:00,18,0,18.0
NOM,3393,83966890,2026-07-01 22:00:00,Wed,22:00:00,14,0,14.0
NOM,3393,83966891,2026-07-01 22:30:00,Wed,22:30:00,10,0,10.0
NOM,3393,83966892,2026-07-01 23:00:00,Wed,23:00:00,5,0,4.0
NOM,3393,83966893,2026-07-01 23:30:00,Wed,23:30:00,2,0,2.0
NOM,3393,83966894,2026-07-02 00:00:00,Thu,00:00:00,0,0,0.0
NOM,3393,83966895,2026-07-02 00:30:00,Thu,00:30:00,0,0,0.0
NOM,3393,83966896,2026-07-02 01:00:00,Thu,01:00:00,0,0,0.0
NOM,3393,83966897,2026-07-02 01:30:00,Thu,01:30:00,0,0,0.0
NOM,3393,83966898,2026-07-02 02:00:00,Thu,02:00:00,0,0,0.0
NOM,3393,83966899,2026-07-02 02:30:00,Thu,02:30:00,0,0,0.0
NOM,3393,83966900,2026-07-02 03:00:00,Thu,03:00:00,0,0,0.0
NOM,3393,83966901,2026-07-02 03:30:00,Thu,03:30:00,0,0,0.0
NOM,3393,83966902,2026-07-02 04:00:00,Thu,04:00:00,0,0,0.0
NOM,3393,83966903,2026-07-02 04:30:00,Thu,04:30:00,0,0,0.0
NOM,3393,83966904,2026-07-02 05:00:00,Thu,05:00:00,0,0,0.0
NOM,3393,83966905,2026-07-02 05:30:00,Thu,05:30:00,0,0,0.0
NOM,3393,83966906,2026-07-02 06:00:00,Thu,06:00:00,0,0,0.0
NOM,3393,83966907,2026-07-02 06:30:00,Thu,06:30:00,0,0,0.0
NOM,3393,83966908,2026-07-02 07:00:00,Thu,07:00:00,0,0,0.0
NOM,3393,83966909,2026-07-02 07:30:00,Thu,07:30:00,0,0,0.0
NOM,3393,83966910,2026-07-02 08:00:00,Thu,08:00:00,0,0,0.0
NOM,3393,83966911,2026-07-02 08:30:00,Thu,08:30:00,2,0,1.0
NOM,3393,83966912,2026-07-02 09:00:00,Thu,09:00:00,3,0,2.0
NOM,3393,83966913,2026-07-02 09:30:00,Thu,09:30:00,4,0,3.0
NOM,3393,83966914,2026-07-02 10:00:00,Thu,10:00:00,6,0,6.0
NOM,3393,83966915,2026-07-02 10:30:00,Thu,10:30:00,6,0,6.0
NOM,3393,83966916,2026-07-02 11:00:00,Thu,11:00:00,6,0,5.0
NOM,3393,83966917,2026-07-02 11:30:00,Thu,11:30:00,7,0,6.0
NOM,3393,83966918,2026-07-02 12:00:00,Thu,12:00:00,5,0,5.0
NOM,3393,83966919,2026-07-02 12:30:00,Thu,12:30:00,7,1,7.0
NOM,3393,83966920,2026-07-02 13:00:00,Thu,13:00:00,10,1,11.0
NOM,3393,83966921,2026-07-02 13:30:00,Thu,13:30:00,14,0,14.0
NOM,3393,83966922,2026-07-02 14:00:00,Thu,14:00:00,16,0,17.0
NOM,3393,83966923,2026-07-02 14:30:00,Thu,14:30:00,14,0,15.0
NOM,3393,83966924,2026-07-02 15:00:00,Thu,15:00:00,11,0,11.0
NOM,3393,83966925,2026-07-02 15:30:00,Thu,15:30:00,10,1,10.0
NOM,3393,83966926,2026-07-02 16:00:00,Thu,16:00:00,6,0,6.0
NOM,3393,83966927,2026-07-02 16:30:00,Thu,16:30:00,5,0,5.0
NOM,3393,83966928,2026-07-02 17:00:00,Thu,17:00:00,5,0,5.0
NOM,3393,83966929,2026-07-02 17:30:00,Thu,17:30:00,7,0,6.0
NOM,3393,83966930,2026-07-02 18:00:00,Thu,18:00:00,7,0,7.0
NOM,3393,83966931,2026-07-02 18:30:00,Thu,18:30:00,6,0,6.0
NOM,3393,83966932,2026-07-02 19:00:00,Thu,19:00:00,8,0,7.0
NOM,3393,83966933,2026-07-02 19:30:00,Thu,19:30:00,10,0,10.0
NOM,3393,83966934,2026-07-02 20:00:00,Thu,20:00:00,16,0,16.0
NOM,3393,83966935,2026-07-02 20:30:00,Thu,20:30:00,20,0,21.0
NOM,3393,83966936,2026-07-02 21:00:00,Thu,21:00:00,23,0,24.0
NOM,3393,83966937,2026-07-02 21:30:00,Thu,21:30:00,20,0,20.0
NOM,3393,83966938,2026-07-02 22:00:00,Thu,22:00:00,16,-1,17.0
NOM,3393,83966939,2026-07-02 22:30:00,Thu,22:30:00,12,-1,13.0
NOM,3393,83966940,2026-07-02 23:00:00,Thu,23:00:00,5,0,5.0
NOM,3393,83966941,2026-07-02 23:30:00,Thu,23:30:00,2,0,2.0
NOM,3393,83966942,2026-07-03 00:00:00,Fri,00:00:00,0,0,0.0
NOM,3393,83966943,2026-07-03 00:30:00,Fri,00:30:00,0,0,0.0
NOM,3393,83966944,2026-07-03 01:00:00,Fri,01:00:00,0,0,0.0
NOM,3393,83966945,2026-07-03 01:30:00,Fri,01:30:00,0,0,0.0
NOM,3393,84021762,2026-07-03 02:00:00,Fri,02:00:00,0,0,0.0
NOM,3393,84021763,2026-07-03 02:30:00,Fri,02:30:00,0,0,0.0
NOM,3393,84021764,2026-07-03 03:00:00,Fri,03:00:00,0,0,0.0
NOM,3393,84021765,2026-07-03 03:30:00,Fri,03:30:00,0,0,0.0
NOM,3393,84021766,2026-07-03 04:00:00,Fri,04:00:00,0,0,0.0
NOM,3393,84021767,2026-07-03 04:30:00,Fri,04:30:00,0,0,0.0
NOM,3393,84021768,2026-07-03 05:00:00,Fri,05:00:00,0,0,0.0
NOM,3393,84021769,2026-07-03 05:30:00,Fri,05:30:00,0,0,0.0
NOM,3393,84021770,2026-07-03 06:00:00,Fri,06:00:00,0,0,0.0
NOM,3393,84021771,2026-07-03 06:30:00,Fri,06:30:00,0,0,0.0
NOM,3393,84021772,2026-07-03 07:00:00,Fri,07:00:00,0,0,0.0
NOM,3393,84021773,2026-07-03 07:30:00,Fri,07:30:00,0,0,0.0
NOM,3393,84021774,2026-07-03 08:00:00,Fri,08:00:00,0,0,0.0
NOM,3393,84021775,2026-07-03 08:30:00,Fri,08:30:00,2,0,2.0
NOM,3393,84021776,2026-07-03 09:00:00,Fri,09:00:00,2,0,2.0
NOM,3393,84021777,2026-07-03 09:30:00,Fri,09:30:00,5,0,5.0
NOM,3393,84021778,2026-07-03 10:00:00,Fri,10:00:00,7,0,7.0
NOM,3393,84021779,2026-07-03 10:30:00,Fri,10:30:00,7,0,7.0
NOM,3393,84021780,2026-07-03 11:00:00,Fri,11:00:00,6,0,6.0
NOM,3393,84021781,2026-07-03 11:30:00,Fri,11:30:00,8,0,7.0
NOM,3393,84021782,2026-07-03 12:00:00,Fri,12:00:00,6,-1,6.0
NOM,3393,84021783,2026-07-03 12:30:00,Fri,12:30:00,9,0,9.0
NOM,3393,84021784,2026-07-03 13:00:00,Fri,13:00:00,13,0,13.0
NOM,3393,84021785,2026-07-03 13:30:00,Fri,13:30:00,18,0,18.0
NOM,3393,84021786,2026-07-03 14:00:00,Fri,14:00:00,21,0,22.0
NOM,3393,84021787,2026-07-03 14:30:00,Fri,14:30:00,20,0,21.0
NOM,3393,84021788,2026-07-03 15:00:00,Fri,15:00:00,17,0,18.0
NOM,3393,84021789,2026-07-03 15:30:00,Fri,15:30:00,14,0,14.0
NOM,3393,84021790,2026-07-03 16:00:00,Fri,16:00:00,10,0,10.0
NOM,3393,84021791,2026-07-03 16:30:00,Fri,16:30:00,8,-1,8.0
NOM,3393,84021792,2026-07-03 17:00:00,Fri,17:00:00,8,0,8.0
NOM,3393,84021793,2026-07-03 17:30:00,Fri,17:30:00,8,1,8.0
NOM,3393,84021794,2026-07-03 18:00:00,Fri,18:00:00,9,0,9.0
NOM,3393,84021795,2026-07-03 18:30:00,Fri,18:30:00,11,1,11.0
NOM,3393,84021796,2026-07-03 19:00:00,Fri,19:00:00,10,-1,10.0
NOM,3393,84021797,2026-07-03 19:30:00,Fri,19:30:00,13,0,13.0
NOM,3393,84021798,2026-07-03 20:00:00,Fri,20:00:00,20,0,21.0
NOM,3393,84021799,2026-07-03 20:30:00,Fri,20:30:00,28,1,29.0
NOM,3393,84021800,2026-07-03 21:00:00,Fri,21:00:00,31,2,32.0
NOM,3393,84021801,2026-07-03 21:30:00,Fri,21:30:00,29,1,30.0
NOM,3393,84021802,2026-07-03 22:00:00,Fri,22:00:00,27,1,27.0
NOM,3393,84021803,2026-07-03 22:30:00,Fri,22:30:00,24,1,25.0
NOM,3393,84021804,2026-07-03 23:00:00,Fri,23:00:00,14,0,14.0
NOM,3393,84021805,2026-07-03 23:30:00,Fri,23:30:00,5,0,4.0
NOM,3393,84021806,2026-07-04 00:00:00,Sat,00:00:00,1,0,0.0
NOM,3393,84021807,2026-07-04 00:30:00,Sat,00:30:00,0,0,0.0
NOM,3393,84021808,2026-07-04 01:00:00,Sat,01:00:00,0,0,0.0
NOM,3393,84021809,2026-07-04 01:30:00,Sat,01:30:00,0,0,0.0
NOM,3393,84021810,2026-07-04 02:00:00,Sat,02:00:00,0,0,0.0
NOM,3393,84021811,2026-07-04 02:30:00,Sat,02:30:00,0,0,0.0
NOM,3393,84021812,2026-07-04 03:00:00,Sat,03:00:00,0,0,0.0
NOM,3393,84021813,2026-07-04 03:30:00,Sat,03:30:00,0,0,0.0
NOM,3393,84021814,2026-07-04 04:00:00,Sat,04:00:00,0,0,0.0
NOM,3393,84021815,2026-07-04 04:30:00,Sat,04:30:00,0,0,0.0
NOM,3393,84021816,2026-07-04 05:00:00,Sat,05:00:00,0,0,0.0
NOM,3393,84021817,2026-07-04 05:30:00,Sat,05:30:00,0,0,0.0
NOM,3393,84021818,2026-07-04 06:00:00,Sat,06:00:00,0,0,0.0
NOM,3393,84021819,2026-07-04 06:30:00,Sat,06:30:00,0,0,0.0
NOM,3393,84021820,2026-07-04 07:00:00,Sat,07:00:00,0,0,0.0
NOM,3393,84021821,2026-07-04 07:30:00,Sat,07:30:00,0,0,0.0
NOM,3393,84021822,2026-07-04 08:00:00,Sat,08:00:00,0,0,0.0
NOM,3393,84021823,2026-07-04 08:30:00,Sat,08:30:00,3,0,2.0
NOM,3393,84021824,2026-07-04 09:00:00,Sat,09:00:00,3,0,3.0
NOM,3393,84021825,2026-07-04 09:30:00,Sat,09:30:00,6,0,5.0
NOM,3393,84021826,2026-07-04 10:00:00,Sat,10:00:00,7,0,7.0
NOM,3393,84021827,2026-07-04 10:30:00,Sat,10:30:00,7,0,7.0
NOM,3393,84021828,2026-07-04 11:00:00,Sat,11:00:00,7,0,7.0
NOM,3393,84021829,2026-07-04 11:30:00,Sat,11:30:00,7,0,7.0
NOM,3393,84021830,2026-07-04 12:00:00,Sat,12:00:00,8,0,8.0
NOM,3393,84021831,2026-07-04 12:30:00,Sat,12:30:00,8,0,8.0
NOM,3393,84021832,2026-07-04 13:00:00,Sat,13:00:00,11,0,11.0
NOM,3393,84021833,2026-07-04 13:30:00,Sat,13:30:00,16,0,17.0
NOM,3393,84021834,2026-07-04 14:00:00,Sat,14:00:00,20,1,21.0
NOM,3393,84021835,2026-07-04 14:30:00,Sat,14:30:00,21,1,22.0
NOM,3393,84021836,2026-07-04 15:00:00,Sat,15:00:00,17,1,18.0
NOM,3393,84021837,2026-07-04 15:30:00,Sat,15:30:00,14,1,14.0
NOM,3393,84021838,2026-07-04 16:00:00,Sat,16:00:00,10,1,10.0
NOM,3393,84021839,2026-07-04 16:30:00,Sat,16:30:00,8,0,8.0
NOM,3393,84021840,2026-07-04 17:00:00,Sat,17:00:00,8,0,8.0
NOM,3393,84021841,2026-07-04 17:30:00,Sat,17:30:00,8,3,8.0
NOM,3393,84021842,2026-07-04 18:00:00,Sat,18:00:00,9,4,9.0
NOM,3393,84021843,2026-07-04 18:30:00,Sat,18:30:00,11,2,11.0
NOM,3393,84021844,2026-07-04 19:00:00,Sat,19:00:00,10,0,10.0
NOM,3393,84021845,2026-07-04 19:30:00,Sat,19:30:00,11,-1,11.0
NOM,3393,84021846,2026-07-04 20:00:00,Sat,20:00:00,18,1,18.0
NOM,3393,84021847,2026-07-04 20:30:00,Sat,20:30:00,25,1,25.0
NOM,3393,84021848,2026-07-04 21:00:00,Sat,21:00:00,29,1,31.0
NOM,3393,84021849,2026-07-04 21:30:00,Sat,21:30:00,29,1,30.0
NOM,3393,84021850,2026-07-04 22:00:00,Sat,22:00:00,27,1,27.0
NOM,3393,84021851,2026-07-04 22:30:00,Sat,22:30:00,23,1,23.0
NOM,3393,84021852,2026-07-04 23:00:00,Sat,23:00:00,16,0,17.0
NOM,3393,84021853,2026-07-04 23:30:00,Sat,23:30:00,7,1,7.0
NOM,3393,84021854,2026-07-05 00:00:00,Sun,00:00:00,1,0,1.0
NOM,3393,84021855,2026-07-05 00:30:00,Sun,00:30:00,1,0,0.0
NOM,3393,84021856,2026-07-05 01:00:00,Sun,01:00:00,0,0,0.0
NOM,3393,84021857,2026-07-05 01:30:00,Sun,01:30:00,0,0,0.0
NOM,3393,84021858,2026-07-05 02:00:00,Sun,02:00:00,0,0,0.0
NOM,3393,84021859,2026-07-05 02:30:00,Sun,02:30:00,0,0,0.0
NOM,3393,84021860,2026-07-05 03:00:00,Sun,03:00:00,0,0,0.0
NOM,3393,84021861,2026-07-05 03:30:00,Sun,03:30:00,0,0,0.0
NOM,3393,84021862,2026-07-05 04:00:00,Sun,04:00:00,0,0,0.0
NOM,3393,84021863,2026-07-05 04:30:00,Sun,04:30:00,0,0,0.0
NOM,3393,84021864,2026-07-05 05:00:00,Sun,05:00:00,0,0,0.0
NOM,3393,84021865,2026-07-05 05:30:00,Sun,05:30:00,0,0,0.0
NOM,3393,84021866,2026-07-05 06:00:00,Sun,06:00:00,0,0,0.0
NOM,3393,84021867,2026-07-05 06:30:00,Sun,06:30:00,0,0,0.0
NOM,3393,84021868,2026-07-05 07:00:00,Sun,07:00:00,0,0,0.0
NOM,3393,84021869,2026-07-05 07:30:00,Sun,07:30:00,0,0,0.0
NOM,3393,84021870,2026-07-05 08:00:00,Sun,08:00:00,0,0,0.0
NOM,3393,84021871,2026-07-05 08:30:00,Sun,08:30:00,2,0,2.0
NOM,3393,84021872,2026-07-05 09:00:00,Sun,09:00:00,4,0,4.0
NOM,3393,84021873,2026-07-05 09:30:00,Sun,09:30:00,6,0,5.0
NOM,3393,84021874,2026-07-05 10:00:00,Sun,10:00:00,7,0,7.0
NOM,3393,84021875,2026-07-05 10:30:00,Sun,10:30:00,7,0,7.0
NOM,3393,84021876,2026-07-05 11:00:00,Sun,11:00:00,7,0,7.0
NOM,3393,84021877,2026-07-05 11:30:00,Sun,11:30:00,8,0,8.0
NOM,3393,84021878,2026-07-05 12:00:00,Sun,12:00:00,9,-1,9.0
NOM,3393,84021879,2026-07-05 12:30:00,Sun,12:30:00,9,-1,9.0
NOM,3393,84021880,2026-07-05 13:00:00,Sun,13:00:00,12,-1,12.0
NOM,3393,84021881,2026-07-05 13:30:00,Sun,13:30:00,18,0,19.0
NOM,3393,84021882,2026-07-05 14:00:00,Sun,14:00:00,23,-1,24.0
NOM,3393,84021883,2026-07-05 14:30:00,Sun,14:30:00,22,-1,23.0
NOM,3393,84021884,2026-07-05 15:00:00,Sun,15:00:00,19,-1,20.0
NOM,3393,84021885,2026-07-05 15:30:00,Sun,15:30:00,15,-2,16.0
NOM,3393,84021886,2026-07-05 16:00:00,Sun,16:00:00,12,-3,12.0
NOM,3393,84021887,2026-07-05 16:30:00,Sun,16:30:00,9,-6,9.0
NOM,3393,84021888,2026-07-05 17:00:00,Sun,17:00:00,9,-1,9.0
NOM,3393,84021889,2026-07-05 17:30:00,Sun,17:30:00,9,1,9.0
NOM,3393,84021890,2026-07-05 18:00:00,Sun,18:00:00,9,0,9.0
NOM,3393,84021891,2026-07-05 18:30:00,Sun,18:30:00,11,2,11.0
NOM,3393,84021892,2026-07-05 19:00:00,Sun,19:00:00,11,0,11.0
NOM,3393,84021893,2026-07-05 19:30:00,Sun,19:30:00,13,1,13.0
NOM,3393,84021894,2026-07-05 20:00:00,Sun,20:00:00,18,0,19.0
NOM,3393,84021895,2026-07-05 20:30:00,Sun,20:30:00,24,-1,25.0
NOM,3393,84021896,2026-07-05 21:00:00,Sun,21:00:00,27,-1,28.0
NOM,3393,84021897,2026-07-05 21:30:00,Sun,21:30:00,27,-1,28.0
NOM,3393,84021898,2026-07-05 22:00:00,Sun,22:00:00,21,-3,22.0
NOM,3393,84021899,2026-07-05 22:30:00,Sun,22:30:00,14,-4,14.0
NOM,3393,84021900,2026-07-05 23:00:00,Sun,23:00:00,7,-6,7.0
NOM,3393,84021901,2026-07-05 23:30:00,Sun,23:30:00,2,0,2.0
SAB,3393,83908814,2026-06-29 00:00:00,Mon,00:00:00,0,0,0.0
SAB,3393,83908815,2026-06-29 00:30:00,Mon,00:30:00,0,0,0.0
SAB,3393,83908816,2026-06-29 01:00:00,Mon,01:00:00,0,0,0.0
SAB,3393,83908817,2026-06-29 01:30:00,Mon,01:30:00,0,0,0.0
SAB,3393,83908818,2026-06-29 02:00:00,Mon,02:00:00,0,0,0.0
SAB,3393,83908819,2026-06-29 02:30:00,Mon,02:30:00,0,0,0.0
SAB,3393,83908820,2026-06-29 03:00:00,Mon,03:00:00,0,0,0.0
SAB,3393,83908821,2026-06-29 03:30:00,Mon,03:30:00,0,0,0.0
SAB,3393,83908822,2026-06-29 04:00:00,Mon,04:00:00,0,0,0.0
SAB,3393,83908823,2026-06-29 04:30:00,Mon,04:30:00,0,0,0.0
SAB,3393,83908824,2026-06-29 05:00:00,Mon,05:00:00,0,0,0.0
SAB,3393,83908825,2026-06-29 05:30:00,Mon,05:30:00,0,0,0.0
SAB,3393,83908826,2026-06-29 06:00:00,Mon,06:00:00,0,0,0.0
SAB,3393,83908827,2026-06-29 06:30:00,Mon,06:30:00,0,0,0.0
SAB,3393,83908828,2026-06-29 07:00:00,Mon,07:00:00,0,0,0.0
SAB,3393,83908829,2026-06-29 07:30:00,Mon,07:30:00,0,0,0.0
SAB,3393,83908830,2026-06-29 08:00:00,Mon,08:00:00,0,0,0.0
SAB,3393,83908831,2026-06-29 08:30:00,Mon,08:30:00,0,0,0.0
SAB,3393,83908832,2026-06-29 09:00:00,Mon,09:00:00,0,0,0.0
SAB,3393,83908833,2026-06-29 09:30:00,Mon,09:30:00,0,0,0.0
SAB,3393,83908834,2026-06-29 10:00:00,Mon,10:00:00,0,0,0.0
SAB,3393,83908835,2026-06-29 10:30:00,Mon,10:30:00,0,0,0.0
SAB,3393,83908836,2026-06-29 11:00:00,Mon,11:00:00,0,0,0.0
SAB,3393,83908837,2026-06-29 11:30:00,Mon,11:30:00,0,0,0.0
SAB,3393,83908838,2026-06-29 12:00:00,Mon,12:00:00,7,1,6.0
SAB,3393,83908839,2026-06-29 12:30:00,Mon,12:30:00,3,-3,3.0
SAB,3393,83908840,2026-06-29 13:00:00,Mon,13:00:00,7,-1,6.0
SAB,3393,83908841,2026-06-29 13:30:00,Mon,13:30:00,12,3,11.0
SAB,3393,83908842,2026-06-29 14:00:00,Mon,14:00:00,10,3,9.0
SAB,3393,83908843,2026-06-29 14:30:00,Mon,14:30:00,10,3,9.0
SAB,3393,83908844,2026-06-29 15:00:00,Mon,15:00:00,8,2,8.0
SAB,3393,83908845,2026-06-29 15:30:00,Mon,15:30:00,7,1,6.0
SAB,3393,83908846,2026-06-29 16:00:00,Mon,16:00:00,3,-3,3.0
SAB,3393,83908847,2026-06-29 16:30:00,Mon,16:30:00,7,1,6.0
SAB,3393,83908848,2026-06-29 17:00:00,Mon,17:00:00,3,-3,3.0
SAB,3393,83908849,2026-06-29 17:30:00,Mon,17:30:00,8,0,8.0
SAB,3393,83908850,2026-06-29 18:00:00,Mon,18:00:00,7,1,6.0
SAB,3393,83908851,2026-06-29 18:30:00,Mon,18:30:00,3,-4,3.0
SAB,3393,83908852,2026-06-29 19:00:00,Mon,19:00:00,7,-1,6.0
SAB,3393,83908853,2026-06-29 19:30:00,Mon,19:30:00,7,-1,6.0
SAB,3393,83908854,2026-06-29 20:00:00,Mon,20:00:00,10,-2,9.0
SAB,3393,83908855,2026-06-29 20:30:00,Mon,20:30:00,13,1,13.0
SAB,3393,83908856,2026-06-29 21:00:00,Mon,21:00:00,13,3,13.0
SAB,3393,83908857,2026-06-29 21:30:00,Mon,21:30:00,13,5,13.0
SAB,3393,83908858,2026-06-29 22:00:00,Mon,22:00:00,12,6,11.0
SAB,3393,83908859,2026-06-29 22:30:00,Mon,22:30:00,5,0,4.0
SAB,3393,83908860,2026-06-29 23:00:00,Mon,23:00:00,3,0,3.0
SAB,3393,83908861,2026-06-29 23:30:00,Mon,23:30:00,3,0,3.0
SAB,3393,83908862,2026-06-30 00:00:00,Tue,00:00:00,0,0,0.0
SAB,3393,83908863,2026-06-30 00:30:00,Tue,00:30:00,0,0,0.0
SAB,3393,83908864,2026-06-30 01:00:00,Tue,01:00:00,0,0,0.0
SAB,3393,83908865,2026-06-30 01:30:00,Tue,01:30:00,0,0,0.0
SAB,3393,83929650,2026-06-30 02:00:00,Tue,02:00:00,0,0,0.0
SAB,3393,83929651,2026-06-30 02:30:00,Tue,02:30:00,0,0,0.0
SAB,3393,83929652,2026-06-30 03:00:00,Tue,03:00:00,0,0,0.0
SAB,3393,83929653,2026-06-30 03:30:00,Tue,03:30:00,0,0,0.0
SAB,3393,83929654,2026-06-30 04:00:00,Tue,04:00:00,0,0,0.0
SAB,3393,83929655,2026-06-30 04:30:00,Tue,04:30:00,0,0,0.0
SAB,3393,83929656,2026-06-30 05:00:00,Tue,05:00:00,0,0,0.0
SAB,3393,83929657,2026-06-30 05:30:00,Tue,05:30:00,0,0,0.0
SAB,3393,83929658,2026-06-30 06:00:00,Tue,06:00:00,0,0,0.0
SAB,3393,83929659,2026-06-30 06:30:00,Tue,06:30:00,0,0,0.0
SAB,3393,83929660,2026-06-30 07:00:00,Tue,07:00:00,0,0,0.0
SAB,3393,83929661,2026-06-30 07:30:00,Tue,07:30:00,0,0,0.0
SAB,3393,83929662,2026-06-30 08:00:00,Tue,08:00:00,0,0,0.0
SAB,3393,83929663,2026-06-30 08:30:00,Tue,08:30:00,0,0,0.0
SAB,3393,83929664,2026-06-30 09:00:00,Tue,09:00:00,0,0,0.0
SAB,3393,83929665,2026-06-30 09:30:00,Tue,09:30:00,0,0,0.0
SAB,3393,83929666,2026-06-30 10:00:00,Tue,10:00:00,0,0,0.0
SAB,3393,83929667,2026-06-30 10:30:00,Tue,10:30:00,0,0,0.0
SAB,3393,83929668,2026-06-30 11:00:00,Tue,11:00:00,0,0,0.0
SAB,3393,83929669,2026-06-30 11:30:00,Tue,11:30:00,0,0,0.0
SAB,3393,83929670,2026-06-30 12:00:00,Tue,12:00:00,3,-1,3.0
SAB,3393,83929671,2026-06-30 12:30:00,Tue,12:30:00,3,-2,3.0
SAB,3393,83929672,2026-06-30 13:00:00,Tue,13:00:00,7,0,6.0
SAB,3393,83929673,2026-06-30 13:30:00,Tue,13:30:00,8,1,8.0
SAB,3393,83929674,2026-06-30 14:00:00,Tue,14:00:00,8,2,8.0
SAB,3393,83929675,2026-06-30 14:30:00,Tue,14:30:00,8,2,8.0
SAB,3393,83929676,2026-06-30 15:00:00,Tue,15:00:00,8,4,8.0
SAB,3393,83929677,2026-06-30 15:30:00,Tue,15:30:00,7,3,6.0
SAB,3393,83929678,2026-06-30 16:00:00,Tue,16:00:00,3,-1,3.0
SAB,3393,83929679,2026-06-30 16:30:00,Tue,16:30:00,7,3,6.0
SAB,3393,83929680,2026-06-30 17:00:00,Tue,17:00:00,3,-1,3.0
SAB,3393,83929681,2026-06-30 17:30:00,Tue,17:30:00,3,-3,3.0
SAB,3393,83929682,2026-06-30 18:00:00,Tue,18:00:00,7,1,6.0
SAB,3393,83929683,2026-06-30 18:30:00,Tue,18:30:00,3,-3,3.0
SAB,3393,83929684,2026-06-30 19:00:00,Tue,19:00:00,7,0,6.0
SAB,3393,83929685,2026-06-30 19:30:00,Tue,19:30:00,8,1,8.0
SAB,3393,83929686,2026-06-30 20:00:00,Tue,20:00:00,12,2,11.0
SAB,3393,83929687,2026-06-30 20:30:00,Tue,20:30:00,15,4,14.0
SAB,3393,83929688,2026-06-30 21:00:00,Tue,21:00:00,17,6,16.0
SAB,3393,83929689,2026-06-30 21:30:00,Tue,21:30:00,15,7,14.0
SAB,3393,83929690,2026-06-30 22:00:00,Tue,22:00:00,12,7,11.0
SAB,3393,83929691,2026-06-30 22:30:00,Tue,22:30:00,5,1,4.0
SAB,3393,83929692,2026-06-30 23:00:00,Tue,23:00:00,3,0,3.0
SAB,3393,83929693,2026-06-30 23:30:00,Tue,23:30:00,3,0,3.0
SAB,3393,83929694,2026-07-01 00:00:00,Wed,00:00:00,0,0,0.0
SAB,3393,83929695,2026-07-01 00:30:00,Wed,00:30:00,0,0,0.0
SAB,3393,83929696,2026-07-01 01:00:00,Wed,01:00:00,0,0,0.0
SAB,3393,83929697,2026-07-01 01:30:00,Wed,01:30:00,0,0,0.0
SAB,3393,83957058,2026-07-01 02:00:00,Wed,02:00:00,0,0,0.0
SAB,3393,83957059,2026-07-01 02:30:00,Wed,02:30:00,0,0,0.0
SAB,3393,83957060,2026-07-01 03:00:00,Wed,03:00:00,0,0,0.0
SAB,3393,83957061,2026-07-01 03:30:00,Wed,03:30:00,0,0,0.0
SAB,3393,83957062,2026-07-01 04:00:00,Wed,04:00:00,0,0,0.0
SAB,3393,83957063,2026-07-01 04:30:00,Wed,04:30:00,0,0,0.0
SAB,3393,83957064,2026-07-01 05:00:00,Wed,05:00:00,0,0,0.0
SAB,3393,83957065,2026-07-01 05:30:00,Wed,05:30:00,0,0,0.0
SAB,3393,83957066,2026-07-01 06:00:00,Wed,06:00:00,0,0,0.0
SAB,3393,83957067,2026-07-01 06:30:00,Wed,06:30:00,0,0,0.0
SAB,3393,83957068,2026-07-01 07:00:00,Wed,07:00:00,0,0,0.0
SAB,3393,83957069,2026-07-01 07:30:00,Wed,07:30:00,0,0,0.0
SAB,3393,83957070,2026-07-01 08:00:00,Wed,08:00:00,0,0,0.0
SAB,3393,83957071,2026-07-01 08:30:00,Wed,08:30:00,0,0,0.0
SAB,3393,83957072,2026-07-01 09:00:00,Wed,09:00:00,0,0,0.0
SAB,3393,83957073,2026-07-01 09:30:00,Wed,09:30:00,0,0,0.0
SAB,3393,83957074,2026-07-01 10:00:00,Wed,10:00:00,0,0,0.0
SAB,3393,83957075,2026-07-01 10:30:00,Wed,10:30:00,0,0,0.0
SAB,3393,83957076,2026-07-01 11:00:00,Wed,11:00:00,0,0,0.0
SAB,3393,83957077,2026-07-01 11:30:00,Wed,11:30:00,0,0,0.0
SAB,3393,83957078,2026-07-01 12:00:00,Wed,12:00:00,3,-3,3.0
SAB,3393,83957079,2026-07-01 12:30:00,Wed,12:30:00,3,-3,3.0
SAB,3393,83957080,2026-07-01 13:00:00,Wed,13:00:00,7,-4,6.0
SAB,3393,83957081,2026-07-01 13:30:00,Wed,13:30:00,10,2,9.0
SAB,3393,83957082,2026-07-01 14:00:00,Wed,14:00:00,10,2,9.0
SAB,3393,83957083,2026-07-01 14:30:00,Wed,14:30:00,10,4,9.0
SAB,3393,83957084,2026-07-01 15:00:00,Wed,15:00:00,7,1,6.0
SAB,3393,83957085,2026-07-01 15:30:00,Wed,15:30:00,7,1,6.0
SAB,3393,83957086,2026-07-01 16:00:00,Wed,16:00:00,3,-3,3.0
SAB,3393,83957087,2026-07-01 16:30:00,Wed,16:30:00,7,1,6.0
SAB,3393,83957088,2026-07-01 17:00:00,Wed,17:00:00,3,-3,3.0
SAB,3393,83957089,2026-07-01 17:30:00,Wed,17:30:00,3,-5,3.0
SAB,3393,83957090,2026-07-01 18:00:00,Wed,18:00:00,7,1,6.0
SAB,3393,83957091,2026-07-01 18:30:00,Wed,18:30:00,3,-4,3.0
SAB,3393,83957092,2026-07-01 19:00:00,Wed,19:00:00,7,-1,6.0
SAB,3393,83957093,2026-07-01 19:30:00,Wed,19:30:00,8,-2,8.0
SAB,3393,83957094,2026-07-01 20:00:00,Wed,20:00:00,12,-2,11.0
SAB,3393,83957095,2026-07-01 20:30:00,Wed,20:30:00,18,3,17.0
SAB,3393,83957096,2026-07-01 21:00:00,Wed,21:00:00,22,9,21.0
SAB,3393,83957097,2026-07-01 21:30:00,Wed,21:30:00,18,8,17.0
SAB,3393,83957098,2026-07-01 22:00:00,Wed,22:00:00,15,8,14.0
SAB,3393,83957099,2026-07-01 22:30:00,Wed,22:30:00,7,2,6.0
SAB,3393,83957100,2026-07-01 23:00:00,Wed,23:00:00,3,0,3.0
SAB,3393,83957101,2026-07-01 23:30:00,Wed,23:30:00,3,0,3.0
SAB,3393,83957102,2026-07-02 00:00:00,Thu,00:00:00,0,0,0.0
SAB,3393,83957103,2026-07-02 00:30:00,Thu,00:30:00,0,0,0.0
SAB,3393,83957104,2026-07-02 01:00:00,Thu,01:00:00,0,0,0.0
SAB,3393,83957105,2026-07-02 01:30:00,Thu,01:30:00,0,0,0.0
SAB,3393,83957106,2026-07-02 02:00:00,Thu,02:00:00,0,0,0.0
SAB,3393,83957107,2026-07-02 02:30:00,Thu,02:30:00,0,0,0.0
SAB,3393,83957108,2026-07-02 03:00:00,Thu,03:00:00,0,0,0.0
SAB,3393,83957109,2026-07-02 03:30:00,Thu,03:30:00,0,0,0.0
SAB,3393,83957110,2026-07-02 04:00:00,Thu,04:00:00,0,0,0.0
SAB,3393,83957111,2026-07-02 04:30:00,Thu,04:30:00,0,0,0.0
SAB,3393,83957112,2026-07-02 05:00:00,Thu,05:00:00,0,0,0.0
SAB,3393,83957113,2026-07-02 05:30:00,Thu,05:30:00,0,0,0.0
SAB,3393,83957114,2026-07-02 06:00:00,Thu,06:00:00,0,0,0.0
SAB,3393,83957115,2026-07-02 06:30:00,Thu,06:30:00,0,0,0.0
SAB,3393,83957116,2026-07-02 07:00:00,Thu,07:00:00,0,0,0.0
SAB,3393,83957117,2026-07-02 07:30:00,Thu,07:30:00,0,0,0.0
SAB,3393,83957118,2026-07-02 08:00:00,Thu,08:00:00,0,0,0.0
SAB,3393,83957119,2026-07-02 08:30:00,Thu,08:30:00,0,0,0.0
SAB,3393,83957120,2026-07-02 09:00:00,Thu,09:00:00,0,0,0.0
SAB,3393,83957121,2026-07-02 09:30:00,Thu,09:30:00,0,0,0.0
SAB,3393,83957122,2026-07-02 10:00:00,Thu,10:00:00,0,0,0.0
SAB,3393,83957123,2026-07-02 10:30:00,Thu,10:30:00,0,0,0.0
SAB,3393,83957124,2026-07-02 11:00:00,Thu,11:00:00,0,0,0.0
SAB,3393,83957125,2026-07-02 11:30:00,Thu,11:30:00,0,0,0.0
SAB,3393,83957126,2026-07-02 12:00:00,Thu,12:00:00,5,0,4.0
SAB,3393,83957127,2026-07-02 12:30:00,Thu,12:30:00,3,-2,3.0
SAB,3393,83957128,2026-07-02 13:00:00,Thu,13:00:00,7,-1,6.0
SAB,3393,83957129,2026-07-02 13:30:00,Thu,13:30:00,8,0,8.0
SAB,3393,83957130,2026-07-02 14:00:00,Thu,14:00:00,13,7,13.0
SAB,3393,83957131,2026-07-02 14:30:00,Thu,14:30:00,10,4,9.0
SAB,3393,83957132,2026-07-02 15:00:00,Thu,15:00:00,7,2,6.0
SAB,3393,83957133,2026-07-02 15:30:00,Thu,15:30:00,7,2,6.0
SAB,3393,83957134,2026-07-02 16:00:00,Thu,16:00:00,5,0,4.0
SAB,3393,83957135,2026-07-02 16:30:00,Thu,16:30:00,5,0,4.0
SAB,3393,83957136,2026-07-02 17:00:00,Thu,17:00:00,5,0,4.0
SAB,3393,83957137,2026-07-02 17:30:00,Thu,17:30:00,5,0,4.0
SAB,3393,83957138,2026-07-02 18:00:00,Thu,18:00:00,5,0,4.0
SAB,3393,83957139,2026-07-02 18:30:00,Thu,18:30:00,5,-1,4.0
SAB,3393,83957140,2026-07-02 19:00:00,Thu,19:00:00,7,0,6.0
SAB,3393,83957141,2026-07-02 19:30:00,Thu,19:30:00,10,0,9.0
SAB,3393,83957142,2026-07-02 20:00:00,Thu,20:00:00,13,-1,13.0
SAB,3393,83957143,2026-07-02 20:30:00,Thu,20:30:00,18,1,17.0
SAB,3393,83957144,2026-07-02 21:00:00,Thu,21:00:00,22,8,21.0
SAB,3393,83957145,2026-07-02 21:30:00,Thu,21:30:00,18,8,17.0
SAB,3393,83957146,2026-07-02 22:00:00,Thu,22:00:00,13,7,13.0
SAB,3393,83957147,2026-07-02 22:30:00,Thu,22:30:00,7,3,6.0
SAB,3393,83957148,2026-07-02 23:00:00,Thu,23:00:00,3,0,3.0
SAB,3393,83957149,2026-07-02 23:30:00,Thu,23:30:00,5,2,4.0
SAB,3393,83957150,2026-07-03 00:00:00,Fri,00:00:00,0,0,0.0
SAB,3393,83957151,2026-07-03 00:30:00,Fri,00:30:00,0,0,0.0
SAB,3393,83957152,2026-07-03 01:00:00,Fri,01:00:00,0,0,0.0
SAB,3393,83957153,2026-07-03 01:30:00,Fri,01:30:00,0,0,0.0
SAB,3393,84050658,2026-07-03 02:00:00,Fri,02:00:00,0,0,0.0
SAB,3393,84050659,2026-07-03 02:30:00,Fri,02:30:00,0,0,0.0
SAB,3393,84050660,2026-07-03 03:00:00,Fri,03:00:00,0,0,0.0
SAB,3393,84050661,2026-07-03 03:30:00,Fri,03:30:00,0,0,0.0
SAB,3393,84050662,2026-07-03 04:00:00,Fri,04:00:00,0,0,0.0
SAB,3393,84050663,2026-07-03 04:30:00,Fri,04:30:00,0,0,0.0
SAB,3393,84050664,2026-07-03 05:00:00,Fri,05:00:00,0,0,0.0
SAB,3393,84050665,2026-07-03 05:30:00,Fri,05:30:00,0,0,0.0
SAB,3393,84050666,2026-07-03 06:00:00,Fri,06:00:00,0,0,0.0
SAB,3393,84050667,2026-07-03 06:30:00,Fri,06:30:00,0,0,0.0
SAB,3393,84050668,2026-07-03 07:00:00,Fri,07:00:00,0,0,0.0
SAB,3393,84050669,2026-07-03 07:30:00,Fri,07:30:00,0,0,0.0
SAB,3393,84050670,2026-07-03 08:00:00,Fri,08:00:00,0,0,0.0
SAB,3393,84050671,2026-07-03 08:30:00,Fri,08:30:00,0,0,0.0
SAB,3393,84050672,2026-07-03 09:00:00,Fri,09:00:00,0,0,0.0
SAB,3393,84050673,2026-07-03 09:30:00,Fri,09:30:00,0,0,0.0
SAB,3393,84050674,2026-07-03 10:00:00,Fri,10:00:00,0,0,0.0
SAB,3393,84050675,2026-07-03 10:30:00,Fri,10:30:00,0,0,0.0
SAB,3393,84050676,2026-07-03 11:00:00,Fri,11:00:00,0,0,0.0
SAB,3393,84050677,2026-07-03 11:30:00,Fri,11:30:00,0,0,0.0
SAB,3393,84050678,2026-07-03 12:00:00,Fri,12:00:00,5,2,4.0
SAB,3393,84050679,2026-07-03 12:30:00,Fri,12:30:00,5,0,4.0
SAB,3393,84050680,2026-07-03 13:00:00,Fri,13:00:00,12,4,11.0
SAB,3393,84050681,2026-07-03 13:30:00,Fri,13:30:00,17,8,16.0
SAB,3393,84050682,2026-07-03 14:00:00,Fri,14:00:00,17,6,16.0
SAB,3393,84050683,2026-07-03 14:30:00,Fri,14:30:00,17,8,16.0
SAB,3393,84050684,2026-07-03 15:00:00,Fri,15:00:00,8,2,8.0
SAB,3393,84050685,2026-07-03 15:30:00,Fri,15:30:00,8,2,8.0
SAB,3393,84050686,2026-07-03 16:00:00,Fri,16:00:00,7,1,6.0
SAB,3393,84050687,2026-07-03 16:30:00,Fri,16:30:00,5,-1,4.0
SAB,3393,84050688,2026-07-03 17:00:00,Fri,17:00:00,5,-1,4.0
SAB,3393,84050689,2026-07-03 17:30:00,Fri,17:30:00,5,-1,4.0
SAB,3393,84050690,2026-07-03 18:00:00,Fri,18:00:00,7,-1,6.0
SAB,3393,84050691,2026-07-03 18:30:00,Fri,18:30:00,7,-1,6.0
SAB,3393,84050692,2026-07-03 19:00:00,Fri,19:00:00,8,-7,8.0
SAB,3393,84050693,2026-07-03 19:30:00,Fri,19:30:00,12,-6,11.0
SAB,3393,84050694,2026-07-03 20:00:00,Fri,20:00:00,22,2,21.0
SAB,3393,84050695,2026-07-03 20:30:00,Fri,20:30:00,32,7,30.0
SAB,3393,84050696,2026-07-03 21:00:00,Fri,21:00:00,33,8,32.0
SAB,3393,84050697,2026-07-03 21:30:00,Fri,21:30:00,32,7,30.0
SAB,3393,84050698,2026-07-03 22:00:00,Fri,22:00:00,27,2,26.0
SAB,3393,84050699,2026-07-03 22:30:00,Fri,22:30:00,18,2,17.0
SAB,3393,84050700,2026-07-03 23:00:00,Fri,23:00:00,8,2,8.0
SAB,3393,84050701,2026-07-03 23:30:00,Fri,23:30:00,5,2,4.0
SAB,3393,84050702,2026-07-04 00:00:00,Sat,00:00:00,0,0,0.0
SAB,3393,84050703,2026-07-04 00:30:00,Sat,00:30:00,0,0,0.0
SAB,3393,84050704,2026-07-04 01:00:00,Sat,01:00:00,0,0,0.0
SAB,3393,84050705,2026-07-04 01:30:00,Sat,01:30:00,0,0,0.0
SAB,3393,84050706,2026-07-04 02:00:00,Sat,02:00:00,0,0,0.0
SAB,3393,84050707,2026-07-04 02:30:00,Sat,02:30:00,0,0,0.0
SAB,3393,84050708,2026-07-04 03:00:00,Sat,03:00:00,0,0,0.0
SAB,3393,84050709,2026-07-04 03:30:00,Sat,03:30:00,0,0,0.0
SAB,3393,84050710,2026-07-04 04:00:00,Sat,04:00:00,0,0,0.0
SAB,3393,84050711,2026-07-04 04:30:00,Sat,04:30:00,0,0,0.0
SAB,3393,84050712,2026-07-04 05:00:00,Sat,05:00:00,0,0,0.0
SAB,3393,84050713,2026-07-04 05:30:00,Sat,05:30:00,0,0,0.0
SAB,3393,84050714,2026-07-04 06:00:00,Sat,06:00:00,0,0,0.0
SAB,3393,84050715,2026-07-04 06:30:00,Sat,06:30:00,0,0,0.0
SAB,3393,84050716,2026-07-04 07:00:00,Sat,07:00:00,0,0,0.0
SAB,3393,84050717,2026-07-04 07:30:00,Sat,07:30:00,0,0,0.0
SAB,3393,84050718,2026-07-04 08:00:00,Sat,08:00:00,0,0,0.0
SAB,3393,84050719,2026-07-04 08:30:00,Sat,08:30:00,0,0,0.0
SAB,3393,84050720,2026-07-04 09:00:00,Sat,09:00:00,0,0,0.0
SAB,3393,84050721,2026-07-04 09:30:00,Sat,09:30:00,0,0,0.0
SAB,3393,84050722,2026-07-04 10:00:00,Sat,10:00:00,0,0,0.0
SAB,3393,84050723,2026-07-04 10:30:00,Sat,10:30:00,0,0,0.0
SAB,3393,84050724,2026-07-04 11:00:00,Sat,11:00:00,0,0,0.0
SAB,3393,84050725,2026-07-04 11:30:00,Sat,11:30:00,0,0,0.0
SAB,3393,84050726,2026-07-04 12:00:00,Sat,12:00:00,5,-6,4.0
SAB,3393,84050727,2026-07-04 12:30:00,Sat,12:30:00,7,-6,6.0
SAB,3393,84050728,2026-07-04 13:00:00,Sat,13:00:00,12,-4,11.0
SAB,3393,84050729,2026-07-04 13:30:00,Sat,13:30:00,18,-1,17.0
SAB,3393,84050730,2026-07-04 14:00:00,Sat,14:00:00,17,1,16.0
SAB,3393,84050731,2026-07-04 14:30:00,Sat,14:30:00,15,4,14.0
SAB,3393,84050732,2026-07-04 15:00:00,Sat,15:00:00,12,6,11.0
SAB,3393,84050733,2026-07-04 15:30:00,Sat,15:30:00,10,4,9.0
SAB,3393,84050734,2026-07-04 16:00:00,Sat,16:00:00,7,1,6.0
SAB,3393,84050735,2026-07-04 16:30:00,Sat,16:30:00,7,1,6.0
SAB,3393,84050736,2026-07-04 17:00:00,Sat,17:00:00,7,1,6.0
SAB,3393,84050737,2026-07-04 17:30:00,Sat,17:30:00,7,1,6.0
SAB,3393,84050738,2026-07-04 18:00:00,Sat,18:00:00,7,-1,6.0
SAB,3393,84050739,2026-07-04 18:30:00,Sat,18:30:00,8,0,8.0
SAB,3393,84050740,2026-07-04 19:00:00,Sat,19:00:00,8,-7,8.0
SAB,3393,84050741,2026-07-04 19:30:00,Sat,19:30:00,12,-6,11.0
SAB,3393,84050742,2026-07-04 20:00:00,Sat,20:00:00,18,-2,17.0
SAB,3393,84050743,2026-07-04 20:30:00,Sat,20:30:00,30,5,29.0
SAB,3393,84050744,2026-07-04 21:00:00,Sat,21:00:00,37,12,35.0
SAB,3393,84050745,2026-07-04 21:30:00,Sat,21:30:00,33,8,32.0
SAB,3393,84050746,2026-07-04 22:00:00,Sat,22:00:00,28,3,27.0
SAB,3393,84050747,2026-07-04 22:30:00,Sat,22:30:00,18,2,17.0
SAB,3393,84050748,2026-07-04 23:00:00,Sat,23:00:00,8,2,8.0
SAB,3393,84050749,2026-07-04 23:30:00,Sat,23:30:00,5,2,4.0
SAB,3393,84050750,2026-07-05 00:00:00,Sun,00:00:00,0,0,0.0
SAB,3393,84050751,2026-07-05 00:30:00,Sun,00:30:00,0,0,0.0
SAB,3393,84050752,2026-07-05 01:00:00,Sun,01:00:00,0,0,0.0
SAB,3393,84050753,2026-07-05 01:30:00,Sun,01:30:00,0,0,0.0
SAB,3393,84050754,2026-07-05 02:00:00,Sun,02:00:00,0,0,0.0
SAB,3393,84050755,2026-07-05 02:30:00,Sun,02:30:00,0,0,0.0
SAB,3393,84050756,2026-07-05 03:00:00,Sun,03:00:00,0,0,0.0
SAB,3393,84050757,2026-07-05 03:30:00,Sun,03:30:00,0,0,0.0
SAB,3393,84050758,2026-07-05 04:00:00,Sun,04:00:00,0,0,0.0
SAB,3393,84050759,2026-07-05 04:30:00,Sun,04:30:00,0,0,0.0
SAB,3393,84050760,2026-07-05 05:00:00,Sun,05:00:00,0,0,0.0
SAB,3393,84050761,2026-07-05 05:30:00,Sun,05:30:00,0,0,0.0
SAB,3393,84050762,2026-07-05 06:00:00,Sun,06:00:00,0,0,0.0
SAB,3393,84050763,2026-07-05 06:30:00,Sun,06:30:00,0,0,0.0
SAB,3393,84050764,2026-07-05 07:00:00,Sun,07:00:00,0,0,0.0
SAB,3393,84050765,2026-07-05 07:30:00,Sun,07:30:00,0,0,0.0
SAB,3393,84050766,2026-07-05 08:00:00,Sun,08:00:00,0,0,0.0
SAB,3393,84050767,2026-07-05 08:30:00,Sun,08:30:00,0,0,0.0
SAB,3393,84050768,2026-07-05 09:00:00,Sun,09:00:00,0,0,0.0
SAB,3393,84050769,2026-07-05 09:30:00,Sun,09:30:00,0,0,0.0
SAB,3393,84050770,2026-07-05 10:00:00,Sun,10:00:00,0,0,0.0
SAB,3393,84050771,2026-07-05 10:30:00,Sun,10:30:00,0,0,0.0
SAB,3393,84050772,2026-07-05 11:00:00,Sun,11:00:00,0,0,0.0
SAB,3393,84050773,2026-07-05 11:30:00,Sun,11:30:00,0,0,0.0
SAB,3393,84050774,2026-07-05 12:00:00,Sun,12:00:00,7,-4,6.0
SAB,3393,84050775,2026-07-05 12:30:00,Sun,12:30:00,7,-6,6.0
SAB,3393,84050776,2026-07-05 13:00:00,Sun,13:00:00,13,-3,13.0
SAB,3393,84050777,2026-07-05 13:30:00,Sun,13:30:00,20,1,19.0
SAB,3393,84050778,2026-07-05 14:00:00,Sun,14:00:00,22,6,21.0
SAB,3393,84050779,2026-07-05 14:30:00,Sun,14:30:00,18,7,17.0
SAB,3393,84050780,2026-07-05 15:00:00,Sun,15:00:00,15,7,14.0
SAB,3393,84050781,2026-07-05 15:30:00,Sun,15:30:00,13,6,13.0
SAB,3393,84050782,2026-07-05 16:00:00,Sun,16:00:00,8,1,8.0
SAB,3393,84050783,2026-07-05 16:30:00,Sun,16:30:00,10,3,9.0
SAB,3393,84050784,2026-07-05 17:00:00,Sun,17:00:00,8,1,8.0
SAB,3393,84050785,2026-07-05 17:30:00,Sun,17:30:00,7,0,6.0
SAB,3393,84050786,2026-07-05 18:00:00,Sun,18:00:00,8,1,8.0
SAB,3393,84050787,2026-07-05 18:30:00,Sun,18:30:00,8,-1,8.0
SAB,3393,84050788,2026-07-05 19:00:00,Sun,19:00:00,13,-2,13.0
SAB,3393,84050789,2026-07-05 19:30:00,Sun,19:30:00,17,-1,16.0
SAB,3393,84050790,2026-07-05 20:00:00,Sun,20:00:00,27,7,26.0
SAB,3393,84050791,2026-07-05 20:30:00,Sun,20:30:00,35,10,34.0
SAB,3393,84050792,2026-07-05 21:00:00,Sun,21:00:00,35,10,34.0
SAB,3393,84050793,2026-07-05 21:30:00,Sun,21:30:00,33,8,32.0
SAB,3393,84050794,2026-07-05 22:00:00,Sun,22:00:00,23,-2,22.0
SAB,3393,84050795,2026-07-05 22:30:00,Sun,22:30:00,13,-3,13.0
SAB,3393,84050796,2026-07-05 23:00:00,Sun,23:00:00,5,-1,4.0
SAB,3393,84050797,2026-07-05 23:30:00,Sun,23:30:00,5,2,4.0
